NUMERO_ORDRE_ENSEIGNANT;CODE_TYPE_ANNEE;CODE_ETABLISSEMENT;CODE_TYPE_SEXE;CODE_TYPE_STATUT_ENSEIGNANT;CODE_TYPE_NATIONALITE;CODE_TYPE_DIPLOME;DATE_NAISSANCE_ENSEIGNANT;;
104;1;66;2;3;1;13;NULL;;
72;1;66;1;3;1;14;NULL;;
79;1;66;1;3;1;13;NULL;;
14;1;66;1;3;1;13;NULL;;
5;1;12;2;3;1;14;1981;;
3;1;5;1;2;1;14;1984;;
10;1;5;2;2;1;14;1981;;
16;1;12;1;3;1;13;1974;;
15;1;5;1;1;1;14;1982;;
32;1;5;1;3;1;14;2;;
25;1;12;1;3;1;14;1966;;
2;1;6;1;3;1;13;NULL;;
27;1;5;2;2;1;14;1962;;
3;1;6;1;3;1;14;NULL;;
8;1;6;2;3;1;14;1998;;
46;1;5;1;2;14;13;1981;;
3;1;21;2;3;1;13;1994;;
56;1;5;1;3;14;13;1964;;
58;1;5;1;2;14;13;1975;;
6;1;21;1;3;1;14;1967;;
14;1;6;1;3;1;14;1998;;
21;1;6;2;3;1;14;NULL;;
3;1;17;1;3;1;14;19994;;
11;1;7;1;3;1;14;NULL;;
2;1;19;2;1;2;13;1998;;
14;1;4;1;3;1;14;1983;;
13;1;7;1;3;1;14;1991;;
8;1;19;1;1;1;14;1996;;
1;1;7;1;3;1;13;1975;;
17;1;19;1;2;2;13;1995;;
19;1;19;1;2;2;13;1995;;
1;1;4;1;1;1;13;1977;;
8;1;4;1;3;1;14;1981;;
24;1;7;1;3;1;14;1976;;
29;1;19;1;3;1;14;1992;;
34;1;19;1;3;1;14;1999;;
19;1;4;1;3;1;14;1970;;
22;1;4;1;3;1;14;1990;;
2;1;31;1;1;1;13;NULL;;
5;1;26;1;3;1;14;NULL;;
30;1;4;1;3;1;14;1978;;
14;1;26;2;1;1;14;14/06/1905;;
4;1;22;1;3;1;14;19/06/1991;;
1;1;23;1;3;1;13;1967;;
8;1;23;1;3;1;14;1986;;
12;1;29;2;3;1;15;1984;;
5;1;29;1;3;1;14;1986;;
2;1;34;1;3;1;13;1988;;
8;1;30;1;3;1;14;1954;;
11;1;37;1;3;1;14;1987;;
17;1;37;1;3;1;14;1993;;
5;1;34;1;3;1;12;1960;;
21;1;34;2;3;1;14;1968;;
12;1;30;1;3;1;14;1958;;
10;1;37;1;2;1;14;1979;;
12;1;24;2;3;1;13;1993;;
16;1;34;1;1;1;14;1992;;
15;1;30;1;3;1;14;1989;;
22;1;30;1;3;8;14;1988;;
25;1;24;1;3;1;15;1992;;
12;1;124;1;3;1;14;1986;;
1;1;40;1;3;1;14;NULL;;
2;1;46;1;1;1;14;NULL;;
8;1;40;1;3;1;14;NULL;;
1;1;44;1;1;1;14;NULL;;
8;1;44;1;1;1;13;NULL;;
10;1;44;1;1;1;14;NULL;;
18;1;40;1;1;8;14;NULL;;
2;1;62;1;3;1;14;NULL;;
25;1;61;1;3;1;15;1974;;
21;1;61;1;3;1;15;1980;;
5;1;63;1;3;1;14;1986;;
12;1;63;1;3;1;14;1990;;
19;1;63;1;3;1;13;1979;;
3;1;60;1;3;8;14;1980;;
13;1;48;1;3;1;14;1981;;
8;1;48;1;3;1;14;1964;;
3;1;35;1;1;1;13;NULL;;
16;1;48;1;3;1;14;1985;;
18;1;48;1;3;1;13;1982;;
25;1;48;1;3;1;14;1987;;
12;1;47;1;3;1;15;1993;;
6;1;47;1;3;1;13;1994;;
13;1;35;1;3;1;14;2020;;
14;1;35;1;3;1;14;1996;;
16;1;35;2;3;1;14;1988;;
42;1;48;2;3;1;14;1976;;
38;1;48;1;3;1;14;NULL;;
34;1;48;1;3;1;14;NULL;;
5;1;32;1;3;1;14;1988;;
9;1;52;1;3;1;14;1978;;
7;1;32;1;3;1;14;1984;;
4;1;27;2;1;1;14;1990;;
9;1;42;1;3;1;14;1990;;
10;1;51;1;3;1;14;NULL;;
6;1;51;1;3;1;14;NULL;;
14;1;32;2;1;1;15;1978;;
11;1;51;1;2;1;14;NULL;;
17;1;51;1;3;1;14;NULL;;
14;1;27;1;3;1;13;1994;;
21;1;51;1;3;1;14;NULL;;
27;1;51;1;3;1;14;NULL;;
20;1;27;1;3;1;13;1968;;
29;1;51;1;3;1;14;NULL;;
18;1;42;1;3;1;14;1985;;
54;1;102;1;3;1;14;NULL;;
12;1;42;1;3;1;14;1980;;
6;1;49;1;3;2;13;1974;;
12;1;20;1;1;1;14;1975;;
15;1;31;2;3;1;14;NULL;;
5;1;65;1;3;1;14;1986;;
32;1;27;1;3;1;14;NULL;;
4;1;39;1;1;1;13;1985;;
11;1;49;1;3;1;13;1992;;
36;1;27;1;3;1;14;1981;;
1;1;56;1;3;1;14;1978;;
2;1;33;1;1;1;13;NULL;;
9;1;33;2;3;1;14;NULL;;
3;1;3;1;1;1;13;1983;;
3;1;153;1;3;1;14;NULL;;
27;1;49;1;3;1;14;1989;;
9;1;153;1;3;1;13;NULL;;
1;1;57;1;1;1;14;1977;;
8;1;57;1;3;1;14;1975;;
14;1;57;1;1;1;14;1971;;
4;1;155;1;3;1;13;1978;;
34;1;49;1;3;1;14;1985;;
16;1;178;1;3;1;14;NULL;;
38;1;49;2;3;1;14;1995;;
3;1;59;1;1;1;13;1988;;
9;1;59;2;3;2;15;1995;;
8;1;43;1;3;1;13;1973;;
22;1;178;1;3;1;14;NULL;;
11;1;61;1;3;1;13;1983;;
3;1;61;1;1;1;14;1974;;
10;1;61;1;1;1;14;1980;;
18;1;61;1;3;1;15;1980;;
16;1;33;1;3;1;14;NULL;;
13;1;62;1;3;1;14;NULL;;
15;1;62;1;3;1;14;NULL;;
22;1;63;1;3;1;14;1977;;
32;1;63;2;1;1;14;1994;;
26;1;62;2;3;1;14;NULL;;
19;1;64;1;3;1;15;NULL;;
1;1;124;1;1;1;15;1996;;
12;1;64;1;3;1;14;NULL;;
4;1;64;1;3;1;14;NULL;;
11;1;1;1;1;1;13;1987;;
7;1;54;1;3;3;13;NULL;;
30;1;64;1;3;1;13;NULL;;
31;1;64;1;3;1;14;NULL;;
33;1;64;1;3;1;14;1989;;
18;1;43;2;3;1;15;1958;;
24;1;43;1;3;1;14;1990;;
4;1;75;1;3;1;13;1985;;
18;1;39;1;1;1;13;NULL;;
25;1;39;1;3;1;14;NULL;;
11;1;67;1;1;1;13;NULL;;
2;1;67;1;3;1;13;1992;;
7;1;67;1;3;1;13;1994;;
26;1;33;2;3;1;14;NULL;;
5;1;74;1;1;12;15;1992;;
8;1;75;1;1;1;14;1978;;
13;1;74;1;3;1;13;1966;;
8;1;74;1;1;12;13;1968;;
5;1;68;1;1;1;14;NULL;;
4;1;76;1;3;1;14;1991;;
29;1;68;1;3;1;14;NULL;;
13;1;68;1;3;1;14;NULL;;
20;1;68;1;3;1;14;NULL;;
21;1;68;1;3;1;14;NULL;;
23;1;74;1;3;3;13;1974;;
8;1;70;1;2;1;13;1985;;
4;1;84;1;2;1;14;1985;;
31;1;74;1;3;1;13;1977;;
31;1;76;1;3;1;14;1989;;
24;1;76;1;3;1;14;1967;;
31;1;68;1;3;1;13;NULL;;
33;1;33;1;3;1;13;NULL;;
6;1;84;1;2;1;14;1990;;
40;1;33;1;3;1;14;NULL;;
8;1;71;1;1;1;14;1995;;
12;1;71;1;3;1;14;1987;;
13;1;84;1;3;1;14;1987;;
19;1;84;1;3;1;14;1975;;
9;1;82;1;3;1;13;NULL;;
21;1;84;1;3;1;14;1986;;
11;1;82;1;3;1;13;NULL;;
17;1;82;1;1;1;13;1978;;
5;1;79;1;3;1;14;NULL;;
12;1;79;1;3;1;14;NULL;;
2;1;78;1;3;1;15;NULL;;
30;1;71;1;3;1;14;1992;;
22;1;82;1;3;1;14;NULL;;
47;1;71;1;3;1;14;1974;;
13;1;78;1;3;1;15;NULL;;
35;1;71;1;1;2;14;1972;;
12;1;78;1;3;1;15;NULL;;
16;1;78;1;3;1;15;NULL;;
61;1;71;1;3;1;14;1980;;
60;1;71;2;3;1;14;1952;;
24;1;78;1;3;1;15;NULL;;
1;1;87;1;1;1;12;1998;;
8;1;81;1;3;1;14;NULL;;
33;1;78;1;3;1;15;NULL;;
40;1;78;1;3;1;15;NULL;;
47;1;78;2;3;1;15;NULL;;
2;1;88;1;3;1;15;1976;;
16;1;81;1;3;1;14;NULL;;
22;1;85;1;3;1;13;1967;;
3;1;85;2;1;1;14;1990;;
31;1;85;1;3;1;14;1981;;
7;1;85;1;3;1;13;1988;;
13;1;85;1;3;1;13;1984;;
24;1;85;1;3;1;14;1990;;
40;1;85;2;3;1;14;1989;;
28;1;85;1;3;1;14;1984;;
25;1;81;1;3;1;14;NULL;;
31;1;81;1;3;1;13;NULL;;
38;1;81;1;3;1;13;NULL;;
50;1;81;1;2;1;14;NULL;;
7;1;66;2;3;1;13;1986;;
9;1;66;1;3;1;14;NULL;;
20;1;66;1;3;1;14;NULL;;
42;1;66;1;3;1;14;NULL;;
36;1;66;1;3;1;14;NULL;;
67;1;66;1;3;1;13;NULL;;
51;1;66;1;3;2;13;NULL;;
58;1;66;1;3;1;14;NULL;;
60;1;66;1;3;1;13;NULL;;
113;1;66;1;3;1;13;NULL;;
87;1;66;1;3;1;13;NULL;;
94;1;66;1;3;1;13;NULL;;
111;1;66;1;3;1;14;NULL;;
117;1;66;1;3;1;13;NULL;;
11;1;86;2;1;1;15;1969;;
121;1;66;1;3;1;13;NULL;;
128;1;66;1;3;1;13;NULL;;
13;1;89;1;3;1;13;NULL;;
7;1;90;1;3;1;14;1969;;
9;1;90;1;1;1;14;1982;;
6;1;91;1;1;2;14;NULL;;
13;1;90;1;1;1;13;1978;;
20;1;90;1;3;1;13;1955;;
12;1;83;1;1;1;13;NULL;;
18;1;83;1;1;1;13;NULL;;
11;1;91;2;1;1;14;NULL;;
13;1;91;1;1;2;14;NULL;;
20;1;91;1;3;1;13;NULL;;
4;1;86;1;1;1;14;1984;;
3;1;83;1;1;1;13;NULL;;
31;1;91;1;3;2;14;NULL;;
43;1;91;1;3;2;14;NULL;;
50;1;91;1;3;1;14;NULL;;
57;1;91;1;3;1;13;NULL;;
9;1;86;1;1;1;15;1954;;
2;1;113;2;1;1;14;1986;;
68;1;91;1;3;1;13;NULL;;
20;1;83;1;1;1;14;NULL;;
27;1;83;1;1;1;13;1971;;
9;1;92;1;3;1;14;1974;;
16;1;92;1;3;1;14;1985;;
23;1;92;1;3;1;14;1975;;
20;1;93;1;3;1;14;NULL;;
3;1;93;1;3;1;12;1983;;
10;1;93;1;3;1;13;1976;;
49;1;33;1;3;1;13;NULL;;
30;1;92;1;3;1;14;1967;;
31;1;93;1;3;1;14;1995;;
57;1;33;1;3;1;14;NULL;;
23;1;93;1;3;1;14;1993;;
15;1;94;1;3;1;13;VERS 1980                                                                                           ;;
52;1;33;1;3;1;14;NULL;;
3;1;94;1;3;1;15;31/01/1993;;
13;1;94;1;1;1;13;VERS 1962                                                                                           ;;
13;1;113;1;3;1;14;1984;;
6;1;16;1;1;1;13;1968;;
15;1;113;1;1;1;14;1986;;
10;1;16;1;1;1;14;1988;;
64;1;33;1;3;1;14;NULL;;
29;1;94;1;3;1;13;01/01/1987;;
4;1;96;1;3;1;14;1971;;
38;1;94;1;1;1;14;VERS 1985                                                                                           ;;
20;1;16;1;3;1;13;1973;;
9;1;113;1;3;12;13;1984;;
33;1;16;1;1;1;14;1985;;
23;1;16;1;3;14;13;1975;;
40;1;16;1;1;1;13;1980;;
29;1;16;1;3;1;13;1989;;
31;1;96;1;3;1;14;1990;;
22;1;98;1;3;1;14;1982;;
3;1;105;1;3;1;14;NULL;;
14;1;106;1;3;1;14;NULL;;
20;1;106;1;3;1;14;NULL;;
30;1;16;1;3;1;13;1983;;
6;1;96;1;3;1;14;1983;;
6;1;100;1;3;2;14;1963;;
8;1;99;1;1;1;14;1975;;
3;1;77;1;1;1;13;1986;;
19;1;96;1;3;1;14;1960;;
26;1;96;1;3;8;14;1989;;
29;1;96;1;4;2;12;1975;;
1;1;100;1;3;1;14;1973;;
5;1;77;1;3;1;13;1972;;
12;1;77;1;1;1;13;1974;;
15;1;100;1;3;1;13;1979;;
12;1;98;1;3;1;14;1988;;
16;1;101;1;1;1;14;1977;;
17;1;98;1;3;1;14;1995;;
4;1;101;1;1;1;13;1976;;
7;1;105;1;3;1;14;NULL;;
25;1;101;1;1;1;14;1969;;
33;1;98;1;3;1;14;1998;;
27;1;105;1;3;1;14;NULL;;
12;1;105;1;3;1;14;NULL;;
18;1;105;1;3;1;14;NULL;;
34;1;101;1;3;1;14;1974;;
41;1;101;1;3;1;14;1956;;
48;1;101;1;3;1;14;1963;;
50;1;101;1;3;1;14;1971;;
65;1;101;1;3;1;14;1959;;
9;1;109;2;3;1;13;NULL;;
2;1;102;1;3;1;12;1968;;
13;1;102;1;3;1;13;NULL;;
52;1;101;1;3;1;14;1969;;
59;1;101;1;3;1;14;1970;;
71;1;101;1;3;1;14;1989;;
5;1;102;1;3;1;13;NULL;;
4;1;109;2;3;1;14;NULL;;
1;1;104;1;1;3;14;1989;;
20;1;102;1;3;1;13;NULL;;
35;1;102;1;3;1;14;NULL;;
12;1;36;1;3;1;13;1992;;
40;1;102;1;3;1;14;NULL;;
44;1;102;1;3;1;14;1982;;
49;1;102;1;3;1;14;NULL;;
19;1;113;1;3;1;13;1997;;
1;1;97;1;3;1;15;1974;;
10;1;115;1;3;1;13;1997;;
10;1;97;2;3;1;14;NULL;;
5;1;112;1;3;1;14;1969;;
2;1;95;1;1;1;13;1967;;
12;1;97;1;3;1;13;1965;;
19;1;97;1;3;1;13;1966;;
16;1;112;1;3;2;13;1987;;
10;1;95;1;3;1;13;1983;;
24;1;97;1;3;1;15;1971;;
11;1;65;2;3;1;14;1992;;
2;1;1;1;1;1;13;1976;;
8;1;114;1;1;1;12;1981;;
28;1;112;1;1;1;15;1973;;
33;1;112;1;5;1;12;NULL;;
19;1;95;1;3;1;14;1970;;
17;1;115;1;3;1;14;1971;;
31;1;97;1;3;1;15;NULL;;
38;1;97;1;3;1;15;NULL;;
33;1;107;1;3;1;14;NULL;;
39;1;107;1;3;1;14;NULL;;
20;1;114;1;3;1;14;1976;;
4;1;117;2;3;1;14;1986;;
21;1;114;1;3;1;14;1990;;
5;1;31;1;1;1;13;NULL;;
21;1;124;1;3;1;13;1987;;
8;1;117;1;3;1;14;1995;;
2;1;107;1;3;1;13;NULL;;
9;1;107;1;3;1;14;NULL;;
23;1;107;1;3;1;14;NULL;;
30;1;107;1;3;2;14;NULL;;
48;1;107;1;3;1;14;NULL;;
57;1;107;1;3;1;15;NULL;;
64;1;107;1;3;1;14;NULL;;
4;1;118;1;3;1;13;NULL;;
78;1;107;1;3;1;14;NULL;;
41;1;97;1;3;1;15;1978;;
7;1;118;2;3;1;13;NULL;;
49;1;97;1;3;1;15;1970;;
55;1;97;2;3;1;15;NULL;;
74;1;97;1;3;1;15;1960;;
19;1;118;1;3;1;13;1970;;
26;1;118;1;3;1;13;1985;;
82;1;97;1;3;1;15;NULL;;
65;1;97;1;3;1;15;NULL;;
72;1;97;1;3;1;15;1968;;
96;1;97;1;3;1;15;NULL;;
77;1;97;2;3;1;15;1995;;
86;1;97;1;3;1;15;NULL;;
31;1;118;1;3;1;14;NULL;;
42;1;118;1;3;1;14;NULL;;
106;1;97;1;3;1;15;1990;;
29;1;95;1;1;1;14;1971;;
33;1;118;1;3;1;14;NULL;;
35;1;118;1;3;1;14;1970;;
62;1;118;1;3;1;13;NULL;;
58;1;118;1;3;1;13;NULL;;
2;1;121;1;3;1;14;1991;;
8;1;121;1;1;1;12;1987;;
7;1;73;1;2;1;14;1962;;
38;1;95;1;3;1;14;NULL;;
1;1;122;1;3;1;14;1955;;
8;1;122;1;3;1;14;1959;;
36;1;95;1;3;1;14;1967;;
28;1;73;1;2;1;13;1987;;
19;1;73;1;2;14;12;NULL;;
34;1;73;1;2;12;13;1985;;
18;1;121;1;3;1;14;1982;;
41;1;95;1;3;1;14;1982;;
23;1;121;1;3;1;14;1994;;
15;1;111;1;3;1;15;NULL;;
26;1;121;1;2;1;14;1994;;
5;1;111;1;1;1;15;NULL;;
30;1;121;2;1;1;14;1989;;
54;1;95;2;3;14;14;1986;;
36;1;121;1;3;1;13;1993;;
12;1;111;1;5;2;13;NULL;;
59;1;95;1;3;1;14;NULL;;
26;1;111;1;3;1;15;NULL;;
64;1;95;1;3;8;14;NULL;;
11;1;122;1;3;1;14;1972;;
18;1;122;1;3;1;14;1983;;
27;1;122;1;3;1;14;1982;;
29;1;122;1;3;14;14;1965;;
36;1;122;1;3;1;14;1966;;
44;1;122;1;3;1;14;1971;;
50;1;122;1;3;1;14;1977;;
61;1;122;1;3;1;14;1972;;
5;1;125;1;1;1;13;1983;;
7;1;125;1;1;1;13;1979;;
11;1;125;1;1;14;13;1964;;
56;1;122;1;3;1;14;1994;;
70;1;122;1;3;2;14;1986;;
77;1;122;1;3;1;14;1968;;
25;1;125;1;3;1;13;1987;;
81;1;122;1;3;1;14;1982;;
31;1;125;1;3;1;13;1977;;
37;1;125;1;3;1;13;1982;;
92;1;122;1;3;1;14;1982;;
6;1;2;1;3;1;14;1975;;
47;1;125;1;3;1;13;1987;;
8;1;2;1;3;1;14;1973;;
10;1;2;1;3;1;14;1968;;
11;1;127;1;3;1;14;NULL;;
51;1;125;1;3;14;13;1976;;
58;1;125;1;3;1;13;1987;;
1228;1;182;1;3;2;14;                                                                                                    ;;
62;1;125;1;3;1;13;1979;;
6;1;130;1;1;1;14;1000;;
3;1;128;1;3;1;13;1987;;
68;1;125;1;3;1;13;1976;;
72;1;125;2;3;1;13;1991;;
8;1;128;1;3;1;13;1990;;
11;1;128;2;3;1;14;2000;;
7;1;131;1;3;1;15;1960;;
5;1;18;1;3;1;14;1976;;
6;1;131;1;3;1;15;1977;;
18;1;127;1;3;1;14;NULL;;
25;1;127;1;3;1;15;NULL;;
18;1;131;1;3;1;13;1984;;
12;1;133;1;1;1;13;1985;;
18;1;134;1;1;1;14;1982;;
6;1;133;1;1;1;13;1987;;
15;1;133;1;1;1;14;1993;;
2;1;134;1;1;1;14;1972;;
9;1;134;1;1;1;14;1968;;
49;1;134;1;1;1;13;1979;;
62;1;134;1;1;1;13;1984;;
41;1;134;1;1;1;13;1967;;
47;1;134;1;1;1;13;1976;;
70;1;134;1;1;1;13;1978;;
39;1;134;1;1;1;13;1972;;
1;1;120;1;3;1;15;1986;;
1;1;160;2;3;1;14;1979;;
14;1;136;1;1;1;15;1980;;
21;1;136;1;1;1;12;NULL;;
28;1;136;1;1;1;15;1970;;
9;1;160;1;3;1;13;1958;;
21;1;133;1;1;1;13;1982;;
36;1;133;1;3;1;15;NULL;;
43;1;133;1;3;1;13;NULL;;
50;1;133;1;3;1;12;NULL;;
65;1;133;1;3;1;13;NULL;;
59;1;133;1;3;1;14;NULL;;
72;1;134;1;1;1;13;1984;;
78;1;134;1;1;1;13;1964;;
5;1;138;1;3;1;14;NULL;;
85;1;134;1;1;1;13;1983;;
91;1;134;1;1;1;13;1971;;
29;1;136;2;1;1;15;NULL;;
11;1;120;1;3;1;14;1972;;
35;1;136;1;1;1;15;NULL;;
6;1;120;1;3;1;14;1991;;
43;1;136;1;1;1;15;1985;;
7;1;119;1;1;1;14;1978;;
9;1;119;1;1;1;14;1983;;
11;1;140;1;1;1;13;1982;;
17;1;140;1;1;1;13;1974;;
23;1;140;1;1;1;13;1971;;
29;1;140;1;1;1;13;1981;;
2;1;137;1;3;1;14;1989;;
9;1;137;1;3;1;14;1980;;
21;1;240;1;3;1;14;NULL;;
22;1;142;1;1;1;14;01/01/1977;;
28;1;142;1;3;1;13;1992;;
34;1;142;1;3;1;14;1977;;
5;1;141;1;3;1;14;1997;;
7;1;141;2;3;1;14;20/06/1905;;
11;1;142;1;1;1;14;01/01/1966;;
8;1;142;1;1;1;13;01/01/1976;;
8;1;143;1;1;1;13;NULL;;
43;1;143;1;3;1;13;NULL;;
5;1;144;1;3;1;14;NULL;;
48;1;142;1;3;1;14;1984;;
16;1;144;1;3;1;14;NULL;;
7;1;144;1;3;1;13;NULL;;
3;1;143;1;1;2;13;NULL;;
56;1;142;1;3;1;13;1973;;
36;1;144;1;3;1;14;NULL;;
28;1;144;1;3;1;14;NULL;;
41;1;144;1;3;1;14;NULL;;
12;1;143;1;1;1;13;NULL;;
19;1;143;1;5;1;13;NULL;;
16;1;160;1;3;1;13;NULL;;
16;1;56;1;1;1;13;NULL;;
22;1;160;2;3;1;14;1986;;
50;1;143;1;3;1;14;NULL;;
21;1;143;1;1;1;13;NULL;;
28;1;143;1;3;1;13;NULL;;
35;1;143;1;5;1;13;NULL;;
71;1;143;1;3;1;14;NULL;;
62;1;143;1;3;1;14;NULL;;
69;1;143;1;3;1;14;NULL;;
92;1;143;1;3;1;14;NULL;;
98;1;143;1;3;2;14;NULL;;
86;1;143;1;3;1;14;NULL;;
123;1;143;1;3;1;14;NULL;;
107;1;143;1;3;1;14;NULL;;
114;1;143;1;3;1;14;NULL;;
22;1;146;1;3;1;14;28/12/1978;;
126;1;143;1;3;1;14;NULL;;
133;1;143;1;3;1;14;NULL;;
7;1;146;1;3;1;14;06/09/1983;;
14;1;146;1;1;1;14;12/04/1994;;
16;1;146;1;3;1;13;14/07/1990;;
32;1;149;1;3;1;12;23/05/1905;;
35;1;146;1;3;1;14;25/05/1985;;
42;1;146;1;3;2;14;28/11/1992;;
15;1;147;1;4;1;13;NULL;;
3;1;147;1;4;1;13;NULL;;
10;1;147;1;1;1;13;NULL;;
27;1;147;1;4;1;14;NULL;;
43;1;147;1;4;1;15;NULL;;
36;1;147;1;4;1;14;NULL;;
63;1;147;1;4;12;13;NULL;;
47;1;147;1;4;1;15;NULL;;
26;1;149;1;3;1;13;1972;;
51;1;147;1;4;12;13;NULL;;
58;1;147;1;4;1;14;NULL;;
75;1;147;1;4;1;13;NULL;;
2;1;149;1;3;1;14;1965;;
10;1;149;1;3;1;14;1962;;
5;1;151;1;3;1;14;1981;;
14;1;149;1;3;1;13;1972;;
23;1;149;1;3;1;14;1978;;
3;1;150;1;3;14;13;1978;;
27;1;151;1;3;1;14;1991;;
17;1;151;1;3;1;14;1971;;
5;1;150;1;3;1;14;1970;;
41;1;151;1;3;1;14;1971;;
33;1;151;2;3;1;14;1991;;
40;1;151;1;3;1;14;1991;;
50;1;151;1;3;1;13;1971;;
58;1;151;2;1;1;15;1951;;
16;1;152;2;3;1;12;1956;;
12;1;150;1;3;1;14;1992;;
18;1;150;1;3;1;14;1985;;
66;1;151;2;1;1;15;1981;;
6;1;152;1;3;1;15;1966;;
21;1;152;1;3;1;13;1994;;
11;1;153;1;3;1;14;NULL;;
23;1;150;1;3;8;14;NULL;;
30;1;150;1;3;1;14;NULL;;
37;1;150;1;3;1;14;1968;;
25;1;153;1;1;1;14;NULL;;
11;1;3;1;1;1;13;1980;;
7;1;124;1;3;1;13;1980;;
17;1;124;2;3;1;14;1987;;
29;1;160;2;3;1;13;1976;;
11;1;55;1;1;1;14;NULL;;
55;1;160;1;3;1;14;NULL;;
31;1;160;1;3;1;13;NULL;;
38;1;160;1;3;1;14;NULL;;
64;1;160;1;3;1;14;NULL;;
70;1;160;1;3;1;14;NULL;;
5;1;163;1;1;1;14;1952;;
49;1;160;1;3;1;14;NULL;;
76;1;160;1;3;1;13;NULL;;
83;1;160;1;3;1;14;NULL;;
90;1;160;1;3;1;14;NULL;;
2;1;164;1;4;1;13;1993;;
6;1;164;1;4;1;13;NULL;;
101;1;160;1;3;1;14;NULL;;
10;1;164;1;4;1;13;NULL;;
17;1;164;2;5;1;14;NULL;;
23;1;164;1;4;1;13;NULL;;
20;1;18;1;3;1;4;1980;;
27;1;18;1;1;1;4;1989;;
34;1;18;1;3;1;4;1986;;
41;1;18;1;3;1;4;1979;;
48;1;18;1;3;1;4;1969;;
55;1;18;1;3;1;4;1975;;
62;1;18;1;3;1;4;1965;;
75;1;18;1;3;1;14;1977;;
82;1;18;1;3;1;14;1978;;
89;1;18;1;1;1;14;1986;;
96;1;18;1;3;1;14;1980;;
103;1;18;1;3;1;14;1986;;
110;1;18;1;3;1;14;1975;;
117;1;18;1;3;1;14;1984;;
130;1;18;1;3;1;14;1984;;
137;1;18;1;3;1;12;1975;;
2;1;28;1;1;1;13;NULL;;
10;1;28;1;1;1;13;NULL;;
17;1;28;2;1;1;4;                                                                                                    ;;
24;1;28;1;1;1;4;                                                                                                    ;;
31;1;28;1;1;1;4;                                                                                                    ;;
44;1;28;1;1;1;4;                                                                                                    ;;
51;1;28;1;1;1;4;                                                                                                    ;;
58;1;28;1;1;1;14;                                                                                                    ;;
65;1;28;1;1;1;14;                                                                                                    ;;
72;1;28;1;1;1;14;                                                                                                    ;;
79;1;28;1;1;1;14;                                                                                                    ;;
92;1;28;1;1;1;14;                                                                                                    ;;
99;1;28;1;1;1;14;                                                                                                    ;;
106;1;28;1;1;1;14;                                                                                                    ;;
113;1;28;1;1;1;14;                                                                                                    ;;
120;1;28;1;1;1;14;                                                                                                    ;;
6;1;38;1;3;1;14;                                                                                                    ;;
13;1;38;1;3;1;4;                                                                                                    ;;
26;1;38;1;3;1;14;                                                                                                    ;;
33;1;38;1;3;1;4;                                                                                                    ;;
3;1;126;1;1;1;14;                                                                                                    ;;
10;1;126;2;1;1;14;                                                                                                    ;;
17;1;126;2;1;1;14;                                                                                                    ;;
24;1;126;2;1;1;14;                                                                                                    ;;
31;1;126;2;1;1;14;                                                                                                    ;;
44;1;126;2;1;1;14;                                                                                                    ;;
51;1;126;1;1;1;14;                                                                                                    ;;
58;1;126;1;3;1;4;                                                                                                    ;;
65;1;126;1;3;1;13;NULL;;
72;1;126;1;3;1;4;                                                                                                    ;;
79;1;126;1;3;1;4;                                                                                                    ;;
86;1;126;1;3;1;13;NULL;;
99;1;126;1;3;1;4;                                                                                                    ;;
106;1;126;1;3;1;13;NULL;;
113;1;126;1;3;1;14;NULL;;
120;1;126;1;3;1;13;NULL;;
127;1;126;1;3;1;13;NULL;;
15;1;240;1;3;1;14;NULL;;
141;1;126;2;3;1;14;NULL;;
3;1;161;1;1;1;4;1988;;
10;1;161;1;1;1;4;1984;;
4;1;183;1;1;1;14;1955;;
11;1;183;1;1;1;14;13/05/1905;;
18;1;183;2;1;1;4;26/06/1960;;
25;1;183;1;1;1;14;1961;;
32;1;183;1;1;1;5;16/05/1905;;
39;1;183;1;1;1;5;05/08/1964;;
2;1;25;1;3;1;14;NULL;;
9;1;25;1;3;1;14;NULL;;
16;1;25;1;3;1;14;NULL;;
23;1;25;1;3;1;13;NULL;;
30;1;25;1;3;1;14;NULL;;
37;1;25;1;3;1;14;NULL;;
5;1;158;1;1;1;4;14/06/1961;;
12;1;158;1;1;1;14;01/02/1991;;
19;1;158;2;1;1;14;29/10/1972;;
26;1;158;1;1;1;14;12/11/1978;;
35;1;158;1;3;1;14;1991;;
42;1;158;1;3;1;14;1993;;
51;1;158;1;3;1;4;                                                                                                    ;;
58;1;158;1;3;1;14;01/01/1976;;
65;1;158;1;3;1;14;15/05/1969;;
74;1;158;1;3;1;14;                                                                                                    ;;
83;1;158;1;3;1;14;1988;;
90;1;158;1;3;1;14;1970;;
99;1;158;1;3;1;14;                                                                                                    ;;
108;1;158;1;3;1;4;                                                                                                    ;;
115;1;158;1;3;1;14;NULL;;
124;1;158;1;3;1;14;NULL;;
131;1;158;1;3;1;14;NULL;;
138;1;158;1;3;1;14;NULL;;
1;1;239;1;3;1;14;NULL;;
2;1;55;1;1;1;14;NULL;;
9;1;239;1;3;1;14;NULL;;
5;1;55;2;1;1;14;NULL;;
5;1;238;1;1;1;14;2001;;
11;1;238;1;3;1;14;1976;;
1;1;110;1;3;1;3;                                                                                                    ;;
3;1;110;1;3;1;3;                                                                                                    ;;
10;1;110;1;3;1;3;                                                                                                    ;;
17;1;110;1;3;1;3;                                                                                                    ;;
24;1;110;1;3;1;3;                                                                                                    ;;
31;1;110;1;1;1;3;                                                                                                    ;;
24;1;240;1;3;1;13;NULL;;
28;1;240;1;3;2;14;NULL;;
17;1;239;1;3;1;12;NULL;;
3;2;94;1;3;1;41;1993;;
36;1;240;2;3;1;14;NULL;;
28;1;55;2;1;1;2;                                                                                                    ;;
35;1;55;2;1;1;3;                                                                                                    ;;
42;1;55;1;1;1;2;                                                                                                    ;;
49;1;55;1;1;1;3;                                                                                                    ;;
56;1;55;1;1;1;3;                                                                                                    ;;
7;1;185;1;3;1;14;1991;;
14;1;185;1;3;1;14;1992;;
21;1;185;1;3;1;14;12/06/1905;;
2;1;186;1;3;1;14;14/07/1980;;
16;1;238;1;3;1;14;25/05/1905;;
16;1;186;1;3;1;2;01/01/1985;;
23;1;186;1;3;1;2;01/01/1987;;
30;1;186;1;3;1;5;1976;;
2;1;194;1;3;1;14;                                                                                                    ;;
9;1;194;1;3;1;14;                                                                                                    ;;
16;1;194;1;3;1;4;                                                                                                    ;;
23;1;194;1;3;1;14;                                                                                                    ;;
30;1;194;1;3;1;14;                                                                                                    ;;
37;1;194;1;3;1;4;                                                                                                    ;;
44;1;194;1;3;1;14;                                                                                                    ;;
51;1;194;1;3;1;4;                                                                                                    ;;
58;1;194;1;3;1;4;                                                                                                    ;;
65;1;194;1;3;1;14;                                                                                                    ;;
72;1;194;1;3;1;14;                                                                                                    ;;
79;1;194;1;3;1;14;                                                                                                    ;;
86;1;194;1;3;1;4;                                                                                                    ;;
93;1;194;1;1;1;4;                                                                                                    ;;
100;1;194;1;3;1;14;                                                                                                    ;;
6;1;215;1;3;14;14;NULL;;
6;1;205;1;3;1;4;1992;;
13;1;205;1;3;1;4;1989;;
20;1;205;2;1;1;14;1982;;
27;1;205;2;3;1;14;1972;;
73;1;164;1;3;1;14;NULL;;
54;1;164;1;3;1;13;NULL;;
36;1;164;1;3;1;13;NULL;;
41;1;164;1;3;1;13;NULL;;
57;1;164;1;3;1;13;NULL;;
58;1;164;1;3;1;13;NULL;;
59;1;164;1;3;1;13;NULL;;
60;1;164;1;3;1;13;NULL;;
81;1;164;1;3;1;13;NULL;;
42;1;164;1;3;1;14;NULL;;
82;1;164;1;3;1;13;NULL;;
46;1;164;2;3;1;13;1988;;
47;1;164;1;3;1;13;NULL;;
48;1;164;1;3;1;13;NULL;;
49;1;164;1;3;1;13;NULL;;
4;2;74;1;1;1;4;26/02/1977;;
5;2;74;1;1;6;40;31/12/1992;;
6;2;74;1;1;1;4;11/09/1979;;
7;2;74;1;1;5;4;09/11/1986;;
8;2;74;1;3;5;4;27/12/1968;;
9;2;74;1;3;5;4;15/03/1973;;
10;2;74;1;3;3;4;26/05/1967;;
3;2;39;1;3;1;40;1993;;
4;2;39;1;3;2;40;1985;;
5;2;39;1;3;1;40;1986;;
6;2;39;1;3;1;40;1983;;
7;2;39;1;3;1;40;1988;;
8;2;39;1;3;1;40;1957;;
9;2;39;1;3;8;40;1986;;
83;1;164;1;3;1;14;NULL;;
84;1;164;1;3;1;13;NULL;;
85;1;164;1;3;1;14;NULL;;
86;1;164;2;3;1;14;NULL;;
43;1;164;1;3;1;13;1991;;
61;1;164;1;3;1;13;NULL;;
62;1;164;1;3;1;14;NULL;;
63;1;164;1;3;1;14;NULL;;
64;1;164;1;3;1;13;NULL;;
65;1;164;1;3;1;14;NULL;;
44;1;164;2;3;1;13;NULL;;
45;1;164;1;3;1;13;NULL;;
10;2;39;1;3;1;40;1993;;
1;2;73;1;3;1;4;1990;;
2;2;73;1;1;1;4;13\07\1982                                                                                          ;;
3;2;73;1;3;1;4;17\06\1975                                                                                          ;;
4;2;73;1;3;1;4;15/05/1905;;
5;2;73;1;3;9;4;01/01/1979;;
37;2;39;1;2;1;40;1982;;
38;2;39;1;3;1;41;1992;;
39;2;39;1;3;1;40;NULL;;
40;2;39;1;1;1;40;NULL;;
15;2;102;1;3;1;40;1978;;
16;2;102;1;3;1;40;NULL;;
17;2;102;1;3;1;40;1980;;
18;2;102;1;3;1;40;NULL;;
19;2;102;1;3;1;41;1976;;
20;2;102;1;3;1;41;1986;;
28;2;102;1;3;1;40;1976;;
61;2;143;1;3;1;40;                                                                                                    ;;
62;2;143;1;1;1;40;                                                                                                    ;;
63;2;143;1;3;1;40;                                                                                                    ;;
64;2;143;1;3;1;40;                                                                                                    ;;
65;2;143;1;1;2;40;                                                                                                    ;;
29;2;102;1;3;1;40;NULL;;
66;2;143;1;3;1;40;                                                                                                    ;;
67;2;143;1;3;1;40;                                                                                                    ;;
68;2;143;1;3;1;40;                                                                                                    ;;
69;2;143;1;3;1;40;                                                                                                    ;;
70;2;143;1;3;1;40;                                                                                                    ;;
30;2;102;1;3;1;41;NULL;;
11;2;39;1;2;1;40;1977;;
12;2;39;1;3;1;40;1994;;
13;2;39;1;3;1;40;1970;;
14;2;39;2;3;1;40;NULL;;
15;2;39;1;3;1;4;1996;;
16;2;39;1;3;1;4;1988;;
17;2;39;1;3;1;4;1988;;
18;2;39;1;1;1;40;1985;;
19;2;39;1;3;1;40;1978;;
20;2;39;2;3;1;41;1994;;
11;2;174;1;3;1;4;1956;;
12;2;174;1;3;1;4;1949;;
13;2;174;1;3;1;4;1988;;
14;2;174;1;3;1;4;1990;;
15;2;174;1;3;1;40;1977;;
16;2;174;1;3;1;40;1990;;
17;2;174;1;3;1;4;/1959                                                                                               ;;
18;2;174;1;3;1;4;1964;;
21;2;243;1;3;1;4;1964;;
22;2;243;1;3;1;40;1986;;
23;2;243;1;3;1;40;1967;;
24;2;243;1;3;1;40;1978;;
25;2;243;1;3;1;4;1988;;
19;2;174;1;3;1;4;1991;;
20;2;174;1;3;1;4;1978;;
26;2;243;1;3;1;40;1985;;
27;2;243;1;3;1;4;1985;;
28;2;243;1;3;1;4;1986;;
29;2;243;1;3;1;40;1982;;
30;2;243;1;3;1;42;1992;;
31;2;102;1;3;1;40;NULL;;
32;2;102;1;3;1;40;1980;;
33;2;102;1;3;1;41;NULL;;
34;2;102;1;3;1;40;1976;;
35;2;102;1;3;1;41;1986;;
36;2;102;2;3;1;41;1987;;
37;2;102;1;3;1;40;1961;;
38;2;102;2;3;1;41;NULL;;
39;2;102;1;3;1;41;1983;;
40;2;102;1;3;1;41;1986;;
7;2;59;1;3;2;41;1991;;
8;2;59;1;4;1;41;1993;;
31;2;39;1;1;1;40;1985;;
32;2;39;1;3;1;40;1996;;
33;2;39;1;3;1;42;1986;;
34;2;39;1;3;1;41;1981;;
35;2;39;1;3;1;41;1991;;
5;2;59;1;4;1;41;1990;;
6;2;59;2;4;1;40;1977;;
16;2;112;1;3;1;40;1989;;
41;2;102;1;3;1;41;NULL;;
42;2;102;1;3;1;40;NULL;;
43;2;102;1;3;1;41;NULL;;
44;2;102;1;3;1;40;NULL;;
45;2;102;1;3;1;4;NULL;;
22;2;112;1;3;1;40;1991;;
23;2;112;1;3;1;40;1990;;
24;2;112;1;3;1;40;1990;;
25;2;112;1;3;1;40;1993;;
26;2;112;1;3;1;40;1988;;
71;2;143;1;3;1;40;                                                                                                    ;;
72;2;143;1;1;1;40;                                                                                                    ;;
73;2;143;1;1;1;40;                                                                                                    ;;
6;2;73;1;3;10;4;24/05/1905;;
7;2;73;1;3;1;4;01/01/1962;;
8;2;73;1;3;11;40;13/05/1905;;
9;2;73;1;3;1;4;01/01/1980;;
10;2;73;1;3;1;4;1962;;
1;2;215;1;3;1;40;1988;;
7;1;205;1;3;1;14;1992;;
8;1;205;1;3;1;14;1965;;
9;1;205;1;3;1;4;1989;;
10;1;205;1;3;1;4;1987;;
11;1;205;2;1;1;14;1989;;
12;1;205;1;3;1;4;1992;;
14;1;205;1;3;1;4;1978;;
15;1;205;1;3;1;14;1984;;
16;1;205;1;3;1;4;1960;;
17;1;205;1;3;1;14;1983;;
18;1;205;1;3;1;4;1993;;
19;1;205;1;3;1;14;1985;;
21;1;205;1;3;1;14;1987;;
22;1;205;1;3;1;14;1988;;
23;1;205;1;3;1;14;1966;;
24;1;205;1;3;1;14;1975;;
25;1;205;2;3;1;14;1976;;
26;1;205;1;3;1;14;1985;;
28;1;205;1;3;1;4;1993;;
29;1;205;2;1;1;14;1989;;
30;1;205;1;1;1;14;1964;;
31;1;205;2;3;1;14;1992;;
1;2;168;1;3;1;4;1991;;
2;2;168;1;3;1;4;1990;;
1;2;39;1;3;1;4;1984;;
2;2;39;1;3;1;40;18/06/1905;;
1;2;74;1;1;1;4;01/01/1950;;
2;2;74;1;1;1;4;26/09/1975;;
3;2;74;1;1;1;4;01/01/1976;;
27;1;164;2;4;1;14;NULL;;
71;1;164;2;3;1;13;NULL;;
72;1;164;1;3;1;13;NULL;;
74;1;164;1;3;1;13;NULL;;
75;1;164;1;3;1;13;NULL;;
28;1;164;1;4;1;14;NULL;;
51;1;164;1;3;1;13;NULL;;
52;1;164;1;3;1;13;NULL;;
53;1;164;1;3;1;13;NULL;;
17;1;194;1;3;1;4;                                                                                                    ;;
18;1;194;1;3;2;14;                                                                                                    ;;
19;1;194;1;3;1;14;                                                                                                    ;;
20;1;194;1;3;1;14;                                                                                                    ;;
21;1;194;1;3;1;14;                                                                                                    ;;
22;1;194;1;3;1;4;                                                                                                    ;;
24;1;194;1;3;1;14;                                                                                                    ;;
25;1;194;1;3;1;4;                                                                                                    ;;
26;1;194;1;3;1;4;                                                                                                    ;;
27;1;194;1;3;1;4;                                                                                                    ;;
28;1;194;1;3;1;4;                                                                                                    ;;
29;1;194;1;3;1;4;                                                                                                    ;;
31;1;194;1;3;2;14;                                                                                                    ;;
32;1;194;1;3;1;4;                                                                                                    ;;
33;1;194;1;3;8;4;                                                                                                    ;;
34;1;194;1;3;1;14;                                                                                                    ;;
35;1;194;1;3;1;14;                                                                                                    ;;
36;1;194;1;3;1;14;                                                                                                    ;;
38;1;194;1;3;1;14;                                                                                                    ;;
39;1;194;1;3;1;14;                                                                                                    ;;
40;1;194;1;3;1;14;                                                                                                    ;;
41;1;194;1;3;1;14;                                                                                                    ;;
42;1;194;1;3;1;14;                                                                                                    ;;
43;1;194;1;3;1;14;                                                                                                    ;;
45;1;194;1;3;1;4;                                                                                                    ;;
46;1;194;1;3;1;14;                                                                                                    ;;
47;1;194;1;3;1;14;                                                                                                    ;;
48;1;194;1;3;1;4;                                                                                                    ;;
49;1;194;1;3;1;4;                                                                                                    ;;
50;1;194;1;3;1;4;                                                                                                    ;;
55;1;164;1;3;1;14;NULL;;
29;1;164;1;4;1;14;NULL;;
32;1;164;1;3;1;13;NULL;;
33;1;164;1;3;1;14;NULL;;
34;1;164;1;3;1;14;NULL;;
35;1;164;1;3;1;13;NULL;;
52;1;194;1;3;1;14;                                                                                                    ;;
53;1;194;1;3;1;14;                                                                                                    ;;
54;1;194;1;3;1;14;                                                                                                    ;;
55;1;194;1;3;8;14;                                                                                                    ;;
56;1;194;1;3;1;14;                                                                                                    ;;
57;1;194;1;3;1;14;                                                                                                    ;;
59;1;194;1;3;1;14;                                                                                                    ;;
60;1;194;1;3;2;4;                                                                                                    ;;
61;1;194;1;3;8;14;                                                                                                    ;;
62;1;194;1;3;2;14;                                                                                                    ;;
63;1;194;1;3;2;4;                                                                                                    ;;
64;1;194;1;3;2;14;                                                                                                    ;;
66;1;194;1;3;1;14;                                                                                                    ;;
67;1;194;1;3;1;14;                                                                                                    ;;
68;1;194;1;3;1;14;                                                                                                    ;;
69;1;194;1;3;1;4;                                                                                                    ;;
70;1;194;1;3;1;1;                                                                                                    ;;
71;1;194;1;3;1;4;                                                                                                    ;;
73;1;194;1;3;1;14;                                                                                                    ;;
74;1;194;1;3;1;14;                                                                                                    ;;
75;1;194;1;3;1;4;                                                                                                    ;;
76;1;194;1;3;1;14;                                                                                                    ;;
77;1;194;1;3;1;14;                                                                                                    ;;
78;1;194;1;3;1;4;                                                                                                    ;;
80;1;194;1;3;1;14;                                                                                                    ;;
81;1;194;1;3;1;14;                                                                                                    ;;
82;1;194;1;3;1;14;                                                                                                    ;;
83;1;194;1;3;1;14;                                                                                                    ;;
84;1;194;1;3;1;14;                                                                                                    ;;
85;1;194;1;3;1;4;                                                                                                    ;;
87;1;194;1;3;1;14;                                                                                                    ;;
88;1;194;1;3;1;14;                                                                                                    ;;
89;1;194;1;3;1;14;                                                                                                    ;;
90;1;194;1;3;1;14;                                                                                                    ;;
91;1;194;1;3;1;14;                                                                                                    ;;
92;1;194;1;3;1;14;                                                                                                    ;;
30;1;164;1;4;1;14;NULL;;
37;1;164;1;3;1;13;NULL;;
38;1;164;1;3;1;13;NULL;;
39;1;164;1;3;1;14;NULL;;
40;1;164;1;3;1;13;NULL;;
56;1;164;1;3;1;14;NULL;;
94;1;194;1;3;1;4;                                                                                                    ;;
95;1;194;1;3;1;4;                                                                                                    ;;
96;1;194;1;3;1;14;                                                                                                    ;;
97;1;194;1;3;1;14;                                                                                                    ;;
98;1;194;1;3;1;14;                                                                                                    ;;
99;1;194;1;3;2;4;                                                                                                    ;;
43;1;55;2;1;1;3;                                                                                                    ;;
44;1;55;1;1;1;2;                                                                                                    ;;
45;1;55;2;1;1;2;                                                                                                    ;;
46;1;55;1;1;1;4;                                                                                                    ;;
47;1;55;1;1;1;3;                                                                                                    ;;
48;1;55;1;1;1;3;                                                                                                    ;;
50;1;55;1;1;1;3;                                                                                                    ;;
51;1;55;1;1;1;3;                                                                                                    ;;
52;1;55;1;1;1;3;                                                                                                    ;;
53;1;55;1;1;1;3;                                                                                                    ;;
54;1;55;1;1;1;3;                                                                                                    ;;
55;1;55;1;1;1;3;                                                                                                    ;;
1;1;185;1;3;1;4;1980;;
2;1;185;1;3;1;14;1983;;
3;1;185;1;3;1;4;1992;;
4;1;185;1;3;1;4;1973;;
5;1;185;2;3;1;4;1992;;
6;1;185;1;3;1;4;1989;;
8;1;185;1;3;1;4;1993;;
9;1;185;1;3;1;4;1993;;
10;1;185;1;3;1;14;1956;;
11;1;185;1;3;1;14;1984;;
12;1;185;1;3;1;14;1979;;
13;1;185;1;3;1;14;1976;;
15;1;185;1;3;1;4;1990;;
16;1;185;1;3;1;14;1984;;
17;1;185;1;3;1;14;1989;;
18;1;185;1;3;1;14;1991;;
19;1;185;1;3;1;4;1984;;
20;1;185;1;3;1;14;1984;;
22;1;185;1;3;1;4;1972;;
23;1;185;1;3;1;4;1972;;
24;1;185;1;3;1;4;1972;;
25;1;185;1;3;1;14;1971;;
26;1;185;1;3;1;14;08/06/1905;;
1;1;186;1;3;1;13;16/08/1993;;
101;1;194;1;3;1;4;                                                                                                    ;;
1;1;215;1;1;1;14;NULL;;
2;1;215;1;3;1;14;NULL;;
3;1;215;1;3;1;14;NULL;;
4;1;215;1;3;1;14;NULL;;
5;1;215;1;3;1;14;NULL;;
3;1;186;1;3;1;13;22/02/1973;;
4;1;186;1;3;1;14;24/06/1976;;
5;1;186;1;3;1;14;01/01/1941;;
7;2;94;1;3;1;40;1992;;
14;1;238;1;3;1;14;1967;;
15;1;238;1;3;8;14;1994;;
17;1;238;1;3;1;14;1982;;
11;1;186;1;3;1;2;                                                                                                    ;;
12;1;186;1;3;1;14;13/11/1983;;
13;1;186;1;3;1;14;03/12/1990;;
14;1;186;2;3;1;5;01/05/1986;;
15;1;186;1;3;1;2;17/01/1992;;
17;1;186;2;3;1;5;12/04/1987;;
18;1;186;1;3;1;2;1962;;
19;1;186;1;3;1;14;1976;;
20;1;186;1;3;1;4;1996;;
21;1;186;1;3;1;4;15/06/1905;;
22;1;186;1;3;1;5;01/01/1958;;
24;1;186;1;3;1;14;01/01/1986;;
25;1;186;1;3;1;2;1964;;
26;1;186;1;3;1;14;05/06/1905;;
27;1;186;1;3;1;2;05/10/1972;;
28;1;186;1;3;1;6;01/01/1974;;
29;1;186;1;3;1;6;02/06/1905;;
31;1;186;1;3;1;4;13/04/1993;;
32;1;186;2;3;1;2;24/04/1992;;
33;1;186;2;3;1;14;31/08/1996;;
34;1;186;2;3;1;5;1981;;
35;1;186;1;3;1;14;1990;;
1;1;194;1;3;1;14;                                                                                                    ;;
3;1;194;1;3;1;14;                                                                                                    ;;
4;1;194;1;1;1;4;                                                                                                    ;;
5;1;194;1;3;1;14;                                                                                                    ;;
6;1;194;1;3;1;14;                                                                                                    ;;
7;1;194;1;3;1;14;                                                                                                    ;;
8;1;194;1;3;1;14;                                                                                                    ;;
33;1;55;1;1;1;2;                                                                                                    ;;
12;1;238;1;3;1;14;1993;;
13;1;238;1;1;1;14;1993;;
21;1;238;1;3;1;14;1989;;
22;1;238;1;3;1;14;1991;;
23;1;238;1;3;1;14;1985;;
11;1;239;1;3;1;13;NULL;;
12;1;239;1;3;1;14;NULL;;
13;1;239;1;3;1;14;NULL;;
14;1;239;1;3;1;13;NULL;;
15;1;239;1;3;1;14;NULL;;
2;1;110;2;3;1;3;                                                                                                    ;;
7;1;215;1;3;1;14;NULL;;
1;1;205;1;3;1;14;1986;;
2;1;205;2;3;1;14;1980;;
3;1;205;1;1;1;4;1991;;
4;1;205;2;3;1;14;1989;;
5;1;205;2;1;1;14;1973;;
4;1;110;1;3;1;3;                                                                                                    ;;
5;1;110;1;3;1;3;                                                                                                    ;;
6;1;110;2;3;1;3;                                                                                                    ;;
7;1;110;1;3;1;3;                                                                                                    ;;
8;1;110;1;3;1;3;                                                                                                    ;;
9;1;110;1;3;1;3;                                                                                                    ;;
11;1;110;1;3;1;3;                                                                                                    ;;
12;1;110;1;3;1;3;                                                                                                    ;;
13;1;110;1;3;1;3;                                                                                                    ;;
14;1;110;1;3;1;3;                                                                                                    ;;
15;1;110;1;3;1;3;                                                                                                    ;;
16;1;110;1;3;1;3;                                                                                                    ;;
18;1;110;1;3;1;3;                                                                                                    ;;
19;1;110;1;3;1;3;                                                                                                    ;;
20;1;110;1;3;1;3;                                                                                                    ;;
21;1;110;1;1;1;3;                                                                                                    ;;
22;1;110;1;3;1;3;                                                                                                    ;;
23;1;110;1;3;1;3;                                                                                                    ;;
25;1;110;1;3;1;3;                                                                                                    ;;
26;1;110;1;3;1;3;                                                                                                    ;;
27;1;110;1;3;1;3;                                                                                                    ;;
28;1;110;1;3;1;3;                                                                                                    ;;
29;1;110;1;3;1;3;                                                                                                    ;;
30;1;110;1;3;1;3;                                                                                                    ;;
32;1;110;1;3;1;3;                                                                                                    ;;
33;1;110;1;3;1;3;                                                                                                    ;;
34;1;110;1;3;1;3;                                                                                                    ;;
35;1;110;1;3;1;3;                                                                                                    ;;
36;1;110;1;3;1;3;                                                                                                    ;;
37;1;110;1;3;1;3;                                                                                                    ;;
25;1;240;1;3;1;14;NULL;;
26;1;240;1;3;1;13;NULL;;
11;1;55;1;1;1;14;NULL;;
12;1;55;1;1;1;14;NULL;;
13;1;55;1;1;1;14;NULL;;
14;1;55;1;1;1;14;NULL;;
10;1;194;1;3;1;14;                                                                                                    ;;
11;1;194;1;3;1;4;                                                                                                    ;;
12;1;194;1;3;1;4;                                                                                                    ;;
13;1;194;1;3;1;1;                                                                                                    ;;
14;1;194;1;3;1;14;                                                                                                    ;;
15;1;194;1;3;8;14;                                                                                                    ;;
29;1;240;1;3;1;14;NULL;;
30;1;240;1;3;1;14;NULL;;
41;1;240;2;3;1;14;NULL;;
42;1;240;2;3;1;13;NULL;;
43;1;240;1;3;1;14;NULL;;
16;1;239;1;3;1;12;NULL;;
1170;1;175;1;1;1;14;1984;;
44;1;240;1;3;1;13;NULL;;
45;1;240;1;3;1;14;NULL;;
21;1;55;1;1;1;2;                                                                                                    ;;
1;2;94;2;1;1;40;1985;;
2;2;94;1;1;1;40;2000;;
4;2;94;1;3;1;4;1993;;
5;2;94;2;3;1;41;1978;;
22;1;55;2;1;1;2;                                                                                                    ;;
33;1;240;1;3;1;14;NULL;;
34;1;240;2;3;1;14;NULL;;
35;1;240;2;3;1;14;NULL;;
37;1;240;1;3;1;13;NULL;;
23;1;55;2;1;1;2;                                                                                                    ;;
24;1;55;1;1;1;2;                                                                                                    ;;
25;1;55;2;1;1;2;                                                                                                    ;;
26;1;55;2;1;1;2;                                                                                                    ;;
27;1;55;2;1;1;2;                                                                                                    ;;
75;1;158;1;3;1;14;                                                                                                    ;;
76;1;158;1;3;1;4;                                                                                                    ;;
77;1;158;1;3;1;4;11/10/1991;;
78;1;158;1;3;1;15;                                                                                                    ;;
79;1;158;1;3;1;4;                                                                                                    ;;
82;1;158;1;3;1;14;1981;;
84;1;158;1;3;1;14;1970;;
85;1;158;1;3;1;14;1970;;
86;1;158;1;3;1;14;1955;;
87;1;158;1;3;1;14;1987;;
88;1;158;1;3;1;14;1990;;
89;1;158;1;3;1;14;1987;;
93;1;158;1;3;1;4;                                                                                                    ;;
94;1;158;1;3;1;14;                                                                                                    ;;
95;1;158;1;3;1;4;                                                                                                    ;;
96;1;158;1;3;1;14;                                                                                                    ;;
97;1;158;1;3;1;14;                                                                                                    ;;
98;1;158;1;3;1;14;                                                                                                    ;;
100;1;158;1;3;1;14;                                                                                                    ;;
101;1;158;1;3;1;14;                                                                                                    ;;
102;1;158;1;3;1;14;                                                                                                    ;;
103;1;158;1;3;1;14;                                                                                                    ;;
104;1;158;1;3;1;14;                                                                                                    ;;
107;1;158;1;3;1;4;                                                                                                    ;;
29;1;55;2;1;1;2;                                                                                                    ;;
30;1;55;1;1;1;3;                                                                                                    ;;
31;1;55;1;1;1;3;                                                                                                    ;;
32;1;55;1;1;1;3;                                                                                                    ;;
33;1;55;1;1;1;2;                                                                                                    ;;
34;1;55;2;1;1;2;                                                                                                    ;;
109;1;158;1;3;1;14;                                                                                                    ;;
110;1;158;1;3;1;12;                                                                                                    ;;
111;1;158;1;3;1;14;                                                                                                    ;;
112;1;158;1;3;1;14;                                                                                                    ;;
113;1;158;1;3;1;14;NULL;;
114;1;158;1;3;1;14;NULL;;
116;1;158;1;3;1;14;NULL;;
117;1;158;1;3;1;14;NULL;;
118;1;158;1;3;1;12;NULL;;
119;1;158;1;3;1;14;NULL;;
120;1;158;1;3;1;14;NULL;;
121;1;158;1;3;1;14;NULL;;
125;1;158;1;3;1;14;NULL;;
126;1;158;1;3;1;14;NULL;;
127;1;158;1;3;1;14;NULL;;
128;1;158;1;3;1;14;NULL;;
129;1;158;1;3;1;14;NULL;;
130;1;158;1;3;1;14;NULL;;
132;1;158;1;3;1;14;NULL;;
133;1;158;1;3;1;14;NULL;;
134;1;158;1;3;1;14;NULL;;
135;1;158;1;3;1;14;NULL;;
136;1;158;1;3;1;14;NULL;;
137;1;158;1;3;1;14;NULL;;
139;1;158;1;3;1;14;NULL;;
140;1;158;1;3;1;14;NULL;;
141;1;158;1;3;1;14;NULL;;
142;1;158;1;3;1;12;NULL;;
143;1;158;1;3;1;14;NULL;;
144;1;158;1;3;1;14;NULL;;
2;1;239;1;3;1;14;NULL;;
3;1;239;1;3;1;14;NULL;;
4;1;239;1;3;1;13;NULL;;
5;1;239;1;3;1;14;NULL;;
6;1;239;1;3;1;13;NULL;;
1;1;55;1;1;1;14;NULL;;
36;1;55;1;1;1;3;                                                                                                    ;;
37;1;55;2;1;1;2;                                                                                                    ;;
38;1;55;2;1;1;2;                                                                                                    ;;
39;1;55;1;1;1;4;                                                                                                    ;;
40;1;55;1;1;1;4;                                                                                                    ;;
41;1;55;1;1;1;2;                                                                                                    ;;
3;1;55;1;1;1;14;NULL;;
4;1;55;2;1;1;14;NULL;;
5;1;55;2;1;1;14;NULL;;
2;1;240;1;1;1;14;NULL;;
7;1;239;1;3;1;13;NULL;;
8;1;239;1;3;1;14;NULL;;
10;1;239;1;3;1;14;NULL;;
1;1;238;1;1;1;12;1969;;
1;1;55;1;1;1;14;NULL;;
2;1;55;1;1;1;14;NULL;;
3;1;55;1;1;1;14;NULL;;
4;1;55;2;1;1;14;NULL;;
10;1;25;1;2;1;14;NULL;;
11;1;25;1;3;1;14;NULL;;
12;1;25;1;3;1;15;NULL;;
13;1;25;1;3;1;14;NULL;;
14;1;25;1;3;1;15;NULL;;
15;1;25;1;3;1;15;NULL;;
17;1;25;1;3;1;15;NULL;;
18;1;25;1;3;1;15;NULL;;
19;1;25;1;3;1;15;NULL;;
20;1;25;1;3;1;14;NULL;;
21;1;25;1;3;1;15;NULL;;
22;1;25;1;3;1;13;NULL;;
24;1;25;1;3;1;15;NULL;;
25;1;25;1;3;1;13;NULL;;
26;1;25;1;3;1;13;NULL;;
27;1;25;1;1;1;13;NULL;;
28;1;25;1;1;1;14;NULL;;
29;1;25;1;1;1;14;NULL;;
31;1;25;1;3;1;14;NULL;;
32;1;25;1;1;1;14;NULL;;
33;1;25;1;1;1;14;NULL;;
34;1;25;1;3;1;13;NULL;;
35;1;25;1;3;1;14;NULL;;
36;1;25;1;1;1;14;NULL;;
38;1;25;1;3;1;15;NULL;;
39;1;25;1;3;1;13;NULL;;
1;1;158;1;1;1;4;01/01/1963;;
2;1;158;1;1;1;4;17/08/1965;;
3;1;158;1;1;1;4;31/03/1970;;
4;1;158;1;1;1;4;01/01/1966;;
6;1;158;1;1;1;4;01/01/1970;;
7;1;158;1;1;1;4;07/08/1968;;
8;1;158;1;1;1;4;14/05/1988;;
9;1;158;1;1;1;14;10/08/1981;;
10;1;158;1;1;1;14;15/10/1966;;
11;1;158;1;1;1;14;01/01/1966;;
4;1;240;2;1;1;14;NULL;;
5;1;240;2;1;1;14;NULL;;
31;1;55;1;1;1;2;                                                                                                    ;;
2;1;238;2;1;1;14;1981;;
3;1;238;2;1;1;14;2000;;
4;1;238;1;2;8;14;05/06/1905;;
13;1;158;1;1;1;14;01/10/1987;;
14;1;158;1;1;1;14;02/10/1987;;
15;1;158;1;1;1;14;01/01/1970;;
16;1;158;1;1;1;14;03/11/1976;;
17;1;158;1;1;1;14;01/01/1959;;
18;1;158;1;1;1;14;24/03/1961;;
20;1;158;2;1;1;14;11/12/1982;;
21;1;158;2;1;1;14;29/08/1981;;
22;1;158;2;1;1;14;25/09/1975;;
23;1;158;1;1;1;14;05/06/1960;;
24;1;158;1;1;1;14;07/12/1976;;
25;1;158;1;1;1;14;19/06/1979;;
27;1;158;1;1;1;14;01/01/1967;;
28;1;158;1;1;1;14;17/09/1981;;
29;1;158;1;1;1;14;01/01/1963;;
30;1;158;1;1;1;14;07/04/1971;;
31;1;158;1;1;1;14;01/01/1965;;
34;1;158;1;3;1;14;1983;;
36;1;158;1;3;1;14;1994;;
37;1;158;1;3;1;14;1994;;
38;1;158;1;3;1;14;1988;;
39;1;158;1;3;1;14;                                                                                                    ;;
40;1;158;1;3;1;14;1989;;
41;1;158;1;3;1;14;1991;;
43;1;158;1;3;1;4;1994;;
44;1;158;1;3;1;14;1992;;
45;1;158;1;3;1;14;1992;;
46;1;158;1;3;1;14;1993;;
47;1;158;1;3;1;14;1990;;
48;1;158;1;3;1;14;1990;;
52;1;158;1;3;1;4;                                                                                                    ;;
53;1;158;1;3;1;4;01/01/1989;;
54;1;158;1;3;1;4;                                                                                                    ;;
55;1;158;1;3;1;14;NULL;;
56;1;158;1;3;1;14;NULL;;
57;1;158;1;3;1;14;01/01/1967;;
121;1;126;2;3;1;13;NULL;;
122;1;126;1;3;1;13;NULL;;
123;1;126;1;3;1;13;NULL;;
124;1;126;1;3;1;4;                                                                                                    ;;
125;1;126;1;3;1;4;                                                                                                    ;;
126;1;126;1;3;1;4;                                                                                                    ;;
6;1;238;1;2;1;13;1985;;
32;1;55;1;1;1;2;                                                                                                    ;;
7;1;238;1;2;1;13;1963;;
8;1;238;1;2;1;13;1963;;
9;1;238;1;2;1;13;1969;;
10;1;238;1;2;1;14;1977;;
128;1;126;1;3;1;13;NULL;;
129;1;126;1;3;1;13;NULL;;
130;1;126;1;3;1;13;NULL;;
131;1;126;1;3;1;13;NULL;;
132;1;126;1;3;1;13;NULL;;
133;1;126;1;3;1;13;NULL;;
16;1;240;1;3;1;14;NULL;;
136;1;126;1;3;1;13;NULL;;
137;1;126;2;3;1;14;NULL;;
138;1;126;1;3;1;14;NULL;;
139;1;126;1;3;1;14;NULL;;
140;1;126;1;3;1;13;NULL;;
142;1;126;1;3;1;14;NULL;;
13;1;240;1;3;1;14;NULL;;
144;1;126;1;3;1;14;NULL;;
145;1;126;1;3;1;14;NULL;;
1;1;161;1;1;1;4;1985;;
2;1;161;1;1;1;4;1989;;
4;1;161;1;1;1;4;1990;;
5;1;161;2;1;1;4;1992;;
6;1;161;1;1;1;4;                                                                                                    ;;
7;1;161;2;1;1;14;1993;;
8;1;161;1;1;1;4;1983;;
9;1;161;1;1;1;4;1990;;
11;1;161;1;1;1;4;1992;;
12;1;161;1;1;1;4;1957;;
13;1;161;2;1;1;14;1984;;
1;1;183;1;1;1;14;1954;;
2;1;183;1;1;1;4;08/05/1905;;
3;1;183;1;1;1;14;11/06/1954;;
5;1;183;1;1;1;14;1961;;
6;1;183;1;1;1;4;08/05/1905;;
7;1;183;1;1;1;15;28/05/1962;;
8;1;183;1;1;1;15;1953;;
9;1;183;1;1;1;14;1959;;
10;1;183;1;1;1;14;14/05/1905;;
59;1;158;1;3;1;14;16/05/1993;;
60;1;158;1;3;1;14;23/12/1955;;
61;1;158;1;3;1;12;25/07/1973;;
62;1;158;1;3;1;14;NULL;;
63;1;158;1;3;1;14;NULL;;
64;1;158;1;3;1;14;31/10/1975;;
12;1;183;1;1;1;14;14/12/1956;;
13;1;183;1;1;1;14;26/03/1961;;
14;1;183;2;1;1;14;16/04/1962;;
15;1;183;1;1;1;4;08/05/1905;;
16;1;183;1;1;1;14;01/01/1961;;
17;1;183;1;1;1;14;29/03/1960;;
19;1;183;1;1;1;14;21/09/1959;;
20;1;183;1;1;1;15;1958;;
21;1;183;1;1;1;5;1963;;
22;1;183;1;1;1;5;09/05/1905;;
23;1;183;1;1;1;14;25/10/1959;;
24;1;183;1;1;1;5;11/05/1905;;
26;1;183;1;1;1;14;05/03/1962;;
27;1;183;1;1;1;14;1960;;
28;1;183;1;1;1;14;1958;;
29;1;183;1;1;1;14;14/05/1905;;
30;1;183;2;1;1;5;20/06/1963;;
31;1;183;1;1;1;5;16/05/1905;;
33;1;183;1;1;1;14;01/05/1959;;
34;1;183;1;1;1;15;01/01/1964;;
35;1;183;2;1;1;14;1965;;
36;1;183;1;1;1;15;1965;;
37;1;183;1;1;1;14;15/05/1905;;
38;1;183;2;1;1;14;13/11/1960;;
40;1;183;1;1;1;14;01/01/1966;;
41;1;183;1;1;1;15;13/05/1905;;
42;1;183;1;1;1;14;01/01/1967;;
43;1;183;1;1;1;14;22/11/1956;;
44;1;183;1;1;1;5;02/04/1968;;
1;1;25;1;1;1;14;1988;;
11;1;126;1;1;1;14;                                                                                                    ;;
12;1;126;2;1;1;14;                                                                                                    ;;
13;1;126;2;1;1;14;                                                                                                    ;;
14;1;126;2;1;1;14;                                                                                                    ;;
15;1;126;2;1;1;14;                                                                                                    ;;
16;1;126;1;1;1;14;                                                                                                    ;;
18;1;126;2;1;1;14;                                                                                                    ;;
19;1;126;2;1;1;14;                                                                                                    ;;
20;1;126;2;1;1;14;                                                                                                    ;;
21;1;126;2;1;1;14;                                                                                                    ;;
22;1;126;2;1;1;14;                                                                                                    ;;
23;1;126;2;1;1;14;                                                                                                    ;;
25;1;126;2;1;1;14;                                                                                                    ;;
26;1;126;2;1;1;14;                                                                                                    ;;
27;1;126;1;1;1;14;                                                                                                    ;;
28;1;126;1;1;1;14;                                                                                                    ;;
29;1;126;1;1;1;14;                                                                                                    ;;
30;1;126;1;1;1;14;                                                                                                    ;;
3;1;25;1;3;1;14;NULL;;
4;1;25;1;1;1;14;NULL;;
5;1;25;1;1;1;15;NULL;;
6;1;25;1;2;1;15;NULL;;
7;1;25;1;3;1;13;NULL;;
8;1;25;1;1;1;15;NULL;;
32;1;126;2;1;1;14;                                                                                                    ;;
33;1;126;2;1;1;14;                                                                                                    ;;
34;1;126;2;1;1;14;                                                                                                    ;;
35;1;126;2;1;1;14;                                                                                                    ;;
42;1;126;2;1;1;14;                                                                                                    ;;
43;1;126;1;1;1;14;                                                                                                    ;;
45;1;126;2;1;1;14;                                                                                                    ;;
46;1;126;2;1;1;14;                                                                                                    ;;
47;1;126;2;1;1;14;                                                                                                    ;;
48;1;126;2;1;1;14;                                                                                                    ;;
49;1;126;2;1;1;14;                                                                                                    ;;
50;1;126;1;1;1;14;                                                                                                    ;;
52;1;126;1;3;1;4;                                                                                                    ;;
53;1;126;1;3;1;4;                                                                                                    ;;
54;1;126;1;3;1;4;                                                                                                    ;;
55;1;126;1;3;1;4;                                                                                                    ;;
56;1;126;1;3;1;4;                                                                                                    ;;
57;1;126;1;3;1;4;                                                                                                    ;;
59;1;126;1;3;1;4;                                                                                                    ;;
60;1;126;1;3;1;4;                                                                                                    ;;
61;1;126;1;3;1;13;NULL;;
27;1;240;1;3;1;14;NULL;;
63;1;126;2;3;1;13;NULL;;
64;1;126;1;3;1;13;NULL;;
23;1;240;1;3;1;13;NULL;;
67;1;126;2;3;1;14;NULL;;
68;1;126;1;3;1;14;NULL;;
69;1;126;1;3;1;14;NULL;;
70;1;126;1;3;1;14;NULL;;
71;1;126;1;3;1;14;NULL;;
73;1;126;1;3;1;4;                                                                                                    ;;
74;1;126;1;3;1;4;                                                                                                    ;;
75;1;126;1;3;1;4;                                                                                                    ;;
76;1;126;1;3;1;4;                                                                                                    ;;
77;1;126;1;3;1;4;                                                                                                    ;;
78;1;126;1;3;1;4;                                                                                                    ;;
66;1;158;1;3;1;14;09/09/1987;;
69;1;158;1;3;1;14;                                                                                                    ;;
70;1;158;1;3;1;12;                                                                                                    ;;
71;1;158;1;3;1;15;28/07/1992;;
72;1;158;1;3;1;4;                                                                                                    ;;
73;1;158;1;3;1;14;                                                                                                    ;;
80;1;126;1;3;1;4;                                                                                                    ;;
81;1;126;1;3;1;4;                                                                                                    ;;
82;1;126;1;3;1;13;NULL;;
38;1;240;1;3;1;13;NULL;;
84;1;126;1;3;1;13;NULL;;
85;1;126;1;3;1;13;NULL;;
87;1;126;1;3;1;13;NULL;;
9;1;240;1;5;1;14;NULL;;
89;1;126;1;3;1;13;NULL;;
96;1;126;1;3;1;4;                                                                                                    ;;
97;1;126;1;3;1;4;                                                                                                    ;;
98;1;126;2;3;1;4;                                                                                                    ;;
100;1;126;1;3;1;4;                                                                                                    ;;
101;1;126;1;3;1;4;                                                                                                    ;;
102;1;126;1;3;1;13;NULL;;
103;1;126;1;3;1;13;NULL;;
104;1;126;1;3;1;13;NULL;;
54;1;240;1;3;1;14;NULL;;
59;1;28;1;1;1;14;                                                                                                    ;;
60;1;28;1;1;1;14;                                                                                                    ;;
61;1;28;1;1;1;14;                                                                                                    ;;
62;1;28;1;1;1;14;                                                                                                    ;;
63;1;28;1;1;1;14;                                                                                                    ;;
64;1;28;1;1;1;14;                                                                                                    ;;
66;1;28;1;1;1;14;                                                                                                    ;;
67;1;28;1;1;1;14;                                                                                                    ;;
68;1;28;1;1;1;14;                                                                                                    ;;
69;1;28;1;1;1;14;                                                                                                    ;;
70;1;28;1;1;1;14;                                                                                                    ;;
71;1;28;1;1;1;14;                                                                                                    ;;
73;1;28;1;1;1;14;                                                                                                    ;;
74;1;28;1;1;1;14;                                                                                                    ;;
75;1;28;1;1;1;14;                                                                                                    ;;
76;1;28;1;1;1;14;                                                                                                    ;;
77;1;28;1;1;1;14;                                                                                                    ;;
78;1;28;1;1;1;14;                                                                                                    ;;
80;1;28;1;1;1;14;                                                                                                    ;;
81;1;28;1;1;1;14;                                                                                                    ;;
82;1;28;1;1;1;14;                                                                                                    ;;
83;1;28;1;1;1;14;                                                                                                    ;;
84;1;28;1;1;1;14;                                                                                                    ;;
85;1;28;1;1;1;14;                                                                                                    ;;
93;1;28;1;1;1;14;                                                                                                    ;;
94;1;28;1;1;1;14;                                                                                                    ;;
95;1;28;1;1;1;14;                                                                                                    ;;
96;1;28;1;1;1;14;                                                                                                    ;;
97;1;28;1;1;1;14;                                                                                                    ;;
98;1;28;1;1;1;14;                                                                                                    ;;
107;1;126;1;3;1;13;NULL;;
108;1;126;1;3;1;13;NULL;;
109;1;126;1;3;1;13;NULL;;
110;1;126;1;3;1;14;NULL;;
111;1;126;1;3;1;14;NULL;;
112;1;126;2;3;1;4;                                                                                                    ;;
100;1;28;1;1;1;14;                                                                                                    ;;
101;1;28;1;1;1;14;                                                                                                    ;;
102;1;28;1;1;1;14;                                                                                                    ;;
103;1;28;1;1;1;14;                                                                                                    ;;
104;1;28;1;1;1;14;                                                                                                    ;;
105;1;28;1;1;1;14;                                                                                                    ;;
107;1;28;1;1;1;14;                                                                                                    ;;
108;1;28;1;1;1;14;                                                                                                    ;;
109;1;28;1;1;1;14;                                                                                                    ;;
110;1;28;1;1;1;14;                                                                                                    ;;
111;1;28;1;1;1;14;                                                                                                    ;;
112;1;28;1;1;1;14;                                                                                                    ;;
114;1;28;1;1;1;14;                                                                                                    ;;
115;1;28;1;1;1;14;                                                                                                    ;;
116;1;28;1;1;1;14;                                                                                                    ;;
117;1;28;1;1;1;14;                                                                                                    ;;
118;1;28;1;1;1;14;                                                                                                    ;;
119;1;28;1;1;1;14;                                                                                                    ;;
121;1;28;1;1;1;14;                                                                                                    ;;
1;1;38;1;3;1;14;                                                                                                    ;;
2;1;38;2;3;1;14;                                                                                                    ;;
3;1;38;1;3;1;4;                                                                                                    ;;
4;1;38;1;2;1;14;                                                                                                    ;;
5;1;38;2;2;1;14;                                                                                                    ;;
7;1;38;1;3;1;4;                                                                                                    ;;
8;1;38;1;3;1;4;                                                                                                    ;;
9;1;38;1;3;1;4;                                                                                                    ;;
10;1;38;1;3;1;14;                                                                                                    ;;
11;1;38;1;3;1;14;                                                                                                    ;;
12;1;38;1;3;1;4;                                                                                                    ;;
14;1;38;1;3;1;4;                                                                                                    ;;
15;1;38;1;3;1;14;                                                                                                    ;;
16;1;38;1;3;1;14;                                                                                                    ;;
17;1;38;1;3;1;4;                                                                                                    ;;
18;1;38;1;3;1;4;                                                                                                    ;;
25;1;38;1;3;1;4;                                                                                                    ;;
114;1;126;2;3;1;14;NULL;;
115;1;126;1;3;1;14;NULL;;
116;1;126;2;3;1;14;NULL;;
117;1;126;1;3;1;12;NULL;;
11;1;240;1;3;1;14;NULL;;
119;1;126;1;3;1;13;NULL;;
27;1;38;1;3;1;14;                                                                                                    ;;
28;1;38;1;3;1;14;                                                                                                    ;;
29;1;38;1;3;1;4;                                                                                                    ;;
30;1;38;1;3;1;4;                                                                                                    ;;
31;1;38;1;3;1;14;                                                                                                    ;;
32;1;38;2;3;1;4;                                                                                                    ;;
97;1;18;1;3;1;14;1991;;
98;1;18;1;3;1;14;1984;;
99;1;18;1;3;1;14;1984;;
100;1;18;1;3;1;14;1989;;
101;1;18;1;1;1;14;1990;;
102;1;18;1;3;1;14;1986;;
104;1;18;1;3;1;14;1985;;
105;1;18;1;3;1;14;1981;;
106;1;18;1;1;1;14;1992;;
107;1;18;1;3;1;14;1990;;
108;1;18;1;3;1;14;1981;;
109;1;18;1;3;1;14;1986;;
111;1;18;1;3;1;14;1988;;
112;1;18;1;3;1;14;1971;;
113;1;18;1;3;1;14;1971;;
114;1;18;1;3;1;14;1971;;
115;1;18;1;3;1;14;1971;;
116;1;18;1;3;1;14;1971;;
118;1;18;1;3;1;14;1973;;
125;1;18;1;3;1;14;1991;;
126;1;18;1;3;14;14;1992;;
127;1;18;1;3;14;14;1989;;
128;1;18;1;3;14;14;1985;;
129;1;18;1;3;1;14;1991;;
131;1;18;1;3;1;12;1967;;
132;1;18;1;3;1;12;1973;;
133;1;18;1;3;1;12;1970;;
134;1;18;1;3;1;12;1967;;
135;1;18;1;3;1;12;1946;;
136;1;18;1;3;14;12;1975;;
138;1;18;1;3;1;12;1995;;
139;1;18;1;3;14;15;1984;;
140;1;18;1;3;1;15;1984;;
141;1;18;1;3;14;15;1991;;
142;1;18;1;3;1;15;1978;;
1;1;28;1;1;1;13;NULL;;
34;1;38;1;3;1;4;                                                                                                    ;;
35;1;38;1;3;1;14;                                                                                                    ;;
36;1;38;1;2;1;4;                                                                                                    ;;
37;1;38;1;3;1;14;                                                                                                    ;;
1;1;126;1;1;1;14;                                                                                                    ;;
2;1;126;1;1;1;14;                                                                                                    ;;
3;1;28;1;1;1;13;NULL;;
4;1;28;1;1;1;13;NULL;;
5;1;28;1;1;1;13;NULL;;
6;1;28;1;1;1;13;NULL;;
7;1;28;1;1;1;13;NULL;;
8;1;28;1;1;1;13;NULL;;
11;1;28;1;1;1;13;NULL;;
12;1;28;1;1;1;4;                                                                                                    ;;
13;1;28;1;1;1;4;                                                                                                    ;;
14;1;28;1;1;1;4;                                                                                                    ;;
15;1;28;1;1;1;4;                                                                                                    ;;
16;1;28;1;1;1;4;                                                                                                    ;;
18;1;28;1;1;1;4;                                                                                                    ;;
19;1;28;1;1;1;4;                                                                                                    ;;
20;1;28;1;1;1;4;                                                                                                    ;;
21;1;28;1;1;1;4;                                                                                                    ;;
22;1;28;1;1;1;4;                                                                                                    ;;
23;1;28;1;1;1;4;                                                                                                    ;;
25;1;28;1;1;1;4;                                                                                                    ;;
26;1;28;1;1;1;4;                                                                                                    ;;
27;1;28;1;1;1;4;                                                                                                    ;;
28;1;28;1;1;1;4;                                                                                                    ;;
29;1;28;1;1;1;4;                                                                                                    ;;
30;1;28;1;1;1;4;                                                                                                    ;;
38;1;28;1;1;1;4;                                                                                                    ;;
39;1;28;1;1;1;4;                                                                                                    ;;
40;1;28;1;1;1;4;                                                                                                    ;;
41;1;28;1;1;1;4;                                                                                                    ;;
42;1;28;1;1;1;4;                                                                                                    ;;
43;1;28;1;1;1;4;                                                                                                    ;;
45;1;28;1;1;1;4;                                                                                                    ;;
46;1;28;1;1;1;4;                                                                                                    ;;
47;1;28;1;1;1;4;                                                                                                    ;;
48;1;28;1;1;1;4;                                                                                                    ;;
49;1;28;1;1;1;4;                                                                                                    ;;
50;1;28;1;1;1;4;                                                                                                    ;;
102;1;160;1;3;1;14;NULL;;
103;1;160;1;3;1;14;NULL;;
104;1;160;1;3;1;14;1993;;
105;1;160;1;3;1;14;NULL;;
8;1;164;1;4;1;14;NULL;;
9;1;164;1;4;1;13;NULL;;
11;1;164;1;4;1;13;NULL;;
12;1;164;1;4;1;13;NULL;;
13;1;164;1;5;1;13;NULL;;
14;1;164;2;5;1;13;NULL;;
15;1;164;2;4;1;13;1972;;
16;1;164;1;4;1;13;1989;;
4;1;126;1;1;1;14;                                                                                                    ;;
5;1;126;1;1;1;14;                                                                                                    ;;
6;1;126;1;1;1;14;                                                                                                    ;;
7;1;126;2;1;1;14;                                                                                                    ;;
8;1;126;1;1;1;14;                                                                                                    ;;
9;1;126;2;1;1;14;                                                                                                    ;;
18;1;164;2;5;1;14;NULL;;
19;1;164;1;4;1;13;NULL;;
20;1;164;1;4;1;13;NULL;;
31;1;164;1;3;1;13;NULL;;
21;1;164;1;4;1;14;NULL;;
22;1;164;1;4;1;13;NULL;;
24;1;164;1;4;1;13;NULL;;
25;1;164;2;4;1;14;NULL;;
26;1;164;1;4;1;13;NULL;;
17;1;18;1;3;1;4;1083;;
18;1;18;1;3;1;4;1972;;
19;1;18;1;3;1;4;1979;;
21;1;18;1;3;1;4;1981;;
22;1;18;1;3;1;4;1987;;
23;1;18;1;3;1;4;1987;;
24;1;18;1;1;1;4;1975;;
25;1;18;1;3;1;4;1978;;
26;1;18;1;1;1;4;1978;;
28;1;18;1;3;1;4;1982;;
29;1;18;1;3;1;4;1983;;
30;1;18;1;3;1;4;1988;;
31;1;18;1;3;1;4;1977;;
32;1;18;1;3;1;4;1968;;
33;1;18;1;3;1;4;1986;;
35;1;18;1;3;1;4;1984;;
36;1;18;1;3;1;4;1971;;
37;1;18;1;3;1;4;1976;;
38;1;18;1;3;1;4;1972;;
39;1;18;1;3;1;4;1975;;
40;1;18;1;3;1;4;1979;;
42;1;18;1;3;1;4;1982;;
43;1;18;1;3;1;4;1982;;
44;1;18;1;3;1;4;1982;;
45;1;18;1;3;1;4;1970;;
46;1;18;1;1;1;4;1985;;
47;1;18;1;3;1;4;1973;;
52;1;28;1;1;1;4;                                                                                                    ;;
53;1;28;1;1;1;4;                                                                                                    ;;
54;1;28;1;1;1;4;                                                                                                    ;;
55;1;28;1;1;1;14;                                                                                                    ;;
56;1;28;1;1;1;14;                                                                                                    ;;
57;1;28;1;1;1;14;                                                                                                    ;;
49;1;18;1;3;1;4;1989;;
50;1;18;1;3;1;4;1980;;
51;1;18;2;3;1;4;1984;;
52;1;18;1;3;1;4;1989;;
53;1;18;1;3;1;4;1974;;
54;1;18;1;3;1;4;1976;;
56;1;18;1;3;1;4;1983;;
57;1;18;1;3;1;4;1983;;
58;1;18;1;3;1;4;1988;;
59;1;18;1;3;1;4;1988;;
60;1;18;1;3;1;4;1976;;
61;1;18;1;3;1;4;1978;;
63;1;18;1;3;1;4;1976;;
64;1;18;1;3;1;4;1973;;
71;1;18;1;3;1;4;1983;;
72;1;18;1;1;1;4;1992;;
73;1;18;2;3;1;14;1977;;
74;1;18;1;3;1;14;1972;;
76;1;18;1;1;1;14;1995;;
77;1;18;1;3;1;14;1975;;
78;1;18;1;3;1;14;1958;;
79;1;18;1;3;1;14;1984;;
80;1;18;1;1;1;14;1989;;
81;1;18;1;3;1;14;1975;;
30;1;160;1;3;1;13;1968;;
91;1;160;1;3;1;14;1981;;
3;1;159;1;3;1;14;                                                                                                    ;;
20;1;240;1;3;1;14;NULL;;
31;1;240;1;3;1;14;NULL;;
32;1;240;1;3;1;14;NULL;;
12;1;55;1;1;1;14;NULL;;
13;1;55;1;1;1;14;NULL;;
51;1;160;1;3;1;14;NULL;;
52;1;160;1;3;8;14;NULL;;
53;1;160;1;3;1;14;NULL;;
54;1;160;1;3;1;14;NULL;;
20;1;160;1;3;1;13;1970;;
56;1;160;1;3;1;14;1972;;
57;1;160;1;3;1;14;1978;;
58;1;160;1;3;1;14;1969;;
59;1;160;1;3;1;14;NULL;;
60;1;160;1;3;1;13;NULL;;
32;1;160;1;3;1;13;1969;;
33;1;160;1;3;1;14;1984;;
34;1;160;1;3;1;14;NULL;;
35;1;160;1;3;1;13;NULL;;
36;1;160;1;3;1;14;1979;;
37;1;160;1;3;1;14;NULL;;
83;1;18;1;3;1;14;1977;;
84;1;18;1;3;1;14;1970;;
85;1;18;1;1;1;14;1990;;
86;1;18;1;1;1;14;1991;;
87;1;18;1;1;1;14;1982;;
88;1;18;1;1;1;14;1982;;
39;1;160;1;3;1;13;NULL;;
40;1;160;1;3;1;13;NULL;;
61;1;160;1;3;1;13;NULL;;
62;1;160;1;3;1;14;NULL;;
41;1;160;1;3;1;13;NULL;;
63;1;160;1;3;1;14;NULL;;
65;1;160;1;3;1;14;NULL;;
66;1;160;1;3;1;14;NULL;;
67;1;160;1;3;1;14;NULL;;
42;1;160;1;3;1;14;NULL;;
68;1;160;1;3;1;14;NULL;;
69;1;160;1;3;1;14;NULL;;
92;1;160;1;3;1;14;NULL;;
93;1;160;1;3;1;14;NULL;;
43;1;160;1;3;1;14;NULL;;
2;1;163;1;5;1;13;NULL;;
3;1;163;1;5;1;14;NULL;;
4;1;163;1;1;1;14;1954;;
6;1;163;1;3;1;14;NULL;;
44;1;160;1;3;1;14;NULL;;
45;1;160;2;3;1;13;NULL;;
46;1;160;1;3;1;14;NULL;;
47;1;160;1;3;1;14;1975;;
48;1;160;1;3;1;14;1979;;
50;1;160;1;3;1;13;NULL;;
71;1;160;1;3;1;14;NULL;;
72;1;160;1;3;1;14;NULL;;
73;1;160;1;3;1;14;NULL;;
74;1;160;1;3;1;13;NULL;;
75;1;160;1;3;1;14;NULL;;
77;1;160;1;3;1;14;NULL;;
78;1;160;1;3;1;14;NULL;;
79;1;160;1;3;1;13;NULL;;
80;1;160;1;3;1;13;NULL;;
81;1;160;1;3;1;14;NULL;;
82;1;160;1;3;1;14;NULL;;
90;1;18;1;3;1;14;1991;;
91;1;18;1;3;1;14;1990;;
92;1;18;1;3;1;14;1990;;
93;1;18;1;3;1;14;1990;;
94;1;18;1;3;1;14;1958;;
95;1;18;1;3;1;14;1977;;
84;1;160;1;3;1;14;1989;;
85;1;160;1;3;1;14;NULL;;
86;1;160;1;3;1;14;NULL;;
87;1;160;1;3;1;14;NULL;;
88;1;160;1;3;1;13;NULL;;
89;1;160;1;3;1;14;NULL;;
7;1;163;1;3;1;13;NULL;;
8;1;163;1;3;1;14;1958;;
9;1;163;1;3;1;14;NULL;;
94;1;160;1;3;1;14;1987;;
10;1;163;2;3;1;13;NULL;;
1;1;164;1;4;1;13;NULL;;
17;1;152;1;3;1;12;1990;;
18;1;152;1;3;1;13;1960;;
19;1;152;1;3;1;13;1978;;
20;1;152;2;1;1;14;1996;;
60;1;151;2;1;1;15;1981;;
11;1;150;1;3;1;14;1961;;
13;1;150;1;3;1;13;1973;;
14;1;150;2;3;1;14;NULL;;
15;1;150;1;3;1;14;NULL;;
61;1;151;1;1;1;14;1971;;
16;1;150;1;3;1;14;NULL;;
17;1;150;1;3;1;14;1985;;
19;1;150;1;3;1;14;NULL;;
20;1;150;1;3;1;14;1967;;
62;1;151;2;1;1;15;1991;;
63;1;151;2;1;1;15;1981;;
64;1;151;2;1;1;15;1991;;
65;1;151;1;1;1;15;1981;;
67;1;151;1;1;1;15;1991;;
1;1;152;1;1;1;14;1994;;
2;1;152;1;1;1;14;1996;;
3;1;152;2;3;1;14;1961;;
4;1;152;2;3;1;14;1985;;
5;1;152;1;3;1;13;1992;;
7;1;152;1;3;1;15;1981;;
8;1;152;2;3;1;13;1975;;
9;1;152;1;3;1;13;1994;;
10;1;152;2;3;1;14;1960;;
41;1;150;1;3;1;14;NULL;;
42;1;150;1;3;1;14;1981;;
22;1;152;1;3;1;13;1998;;
17;1;153;1;3;1;14;NULL;;
18;1;153;2;3;12;14;NULL;;
19;1;153;1;3;1;14;NULL;;
20;1;153;1;3;1;14;NULL;;
43;1;150;1;3;1;14;NULL;;
3;1;164;1;4;1;13;NULL;;
4;1;164;1;4;1;13;NULL;;
95;1;160;1;3;1;14;NULL;;
5;1;164;1;4;1;13;NULL;;
11;1;163;2;1;1;14;1961;;
12;1;163;2;3;1;13;NULL;;
12;1;153;2;3;1;14;NULL;;
13;1;153;1;3;1;14;NULL;;
14;1;153;1;3;1;13;NULL;;
15;1;153;1;3;8;14;NULL;;
21;1;150;1;3;1;14;1986;;
22;1;150;2;3;1;14;NULL;;
24;1;150;1;3;1;14;1971;;
25;1;150;1;3;1;14;1971;;
26;1;150;1;3;1;14;NULL;;
27;1;150;1;3;1;14;1990;;
28;1;150;2;3;1;14;1989;;
29;1;150;2;3;2;14;1987;;
31;1;150;1;3;1;13;1968;;
32;1;150;1;3;1;14;1980;;
33;1;150;1;3;1;14;NULL;;
34;1;150;1;3;1;14;NULL;;
35;1;150;1;3;1;14;NULL;;
36;1;150;1;3;1;14;NULL;;
38;1;150;1;2;1;14;NULL;;
39;1;150;1;3;1;14;NULL;;
40;1;150;1;3;8;14;NULL;;
16;1;31;1;3;1;14;NULL;;
1;1;65;1;3;1;13;1992;;
24;1;153;1;1;1;14;NULL;;
5;1;3;1;1;1;13;1995;;
6;1;3;1;1;1;13;1987;;
7;1;3;1;1;1;13;1992;;
8;1;3;1;1;1;13;1980;;
9;1;3;1;1;1;13;1986;;
10;1;3;1;1;1;13;1969;;
1;1;178;1;3;1;14;NULL;;
2;1;178;1;3;1;15;NULL;;
3;1;178;1;3;1;14;NULL;;
4;1;178;1;3;1;14;NULL;;
5;1;178;1;3;1;14;NULL;;
6;1;124;1;3;1;13;1993;;
36;1;149;1;3;1;13;1966;;
1;1;151;1;3;1;14;1979;;
2;1;151;1;3;1;14;1971;;
3;1;151;1;3;1;14;1981;;
4;1;151;1;3;1;15;1961;;
11;1;149;1;3;1;13;1973;;
7;1;164;1;4;1;13;NULL;;
96;1;160;1;3;1;14;NULL;;
97;1;160;1;3;14;13;1956;;
98;1;160;1;3;1;14;NULL;;
99;1;160;1;3;1;14;NULL;;
100;1;160;1;3;1;14;NULL;;
6;1;151;1;3;1;14;1981;;
7;1;151;1;3;1;14;1981;;
8;1;151;2;3;1;14;1991;;
9;1;151;2;3;1;15;1991;;
12;1;149;1;3;1;14;1968;;
13;1;149;1;3;1;13;1971;;
15;1;149;1;3;1;13;1978;;
16;1;149;1;3;1;13;1973;;
17;1;149;1;3;1;14;1962;;
18;1;149;1;3;1;13;1966;;
21;1;149;1;3;1;13;1977;;
22;1;149;1;3;1;14;1964;;
24;1;149;1;3;1;13;1971;;
25;1;149;1;3;1;14;1966;;
19;1;149;1;3;1;13;1972;;
20;1;149;1;3;1;13;1986;;
1;1;150;1;3;1;14;1970;;
2;1;150;1;3;1;14;NULL;;
4;1;150;1;3;1;14;1976;;
10;1;151;1;3;1;15;1991;;
23;1;151;1;3;1;14;1981;;
24;1;151;2;3;1;14;1971;;
25;1;151;1;3;1;14;1991;;
26;1;151;1;3;1;14;1951;;
11;1;151;1;3;1;14;1991;;
12;1;151;2;3;1;14;1991;;
13;1;151;1;3;1;14;1981;;
14;1;151;1;3;1;14;1991;;
15;1;151;1;3;1;14;1981;;
16;1;151;1;3;1;14;1971;;
18;1;151;1;3;1;13;1961;;
19;1;151;1;3;1;14;1961;;
20;1;151;2;3;1;14;1981;;
21;1;151;1;3;1;14;1961;;
22;1;151;1;3;1;14;1971;;
28;1;151;1;3;1;14;1981;;
8;1;124;1;3;1;13;1986;;
9;1;124;1;3;1;13;1990;;
10;1;124;1;3;1;13;1997;;
11;1;124;1;3;1;14;1975;;
15;1;124;1;3;1;14;1975;;
16;1;124;1;3;1;14;1990;;
6;1;150;2;3;1;14;1985;;
7;1;150;1;3;1;14;1981;;
8;1;150;1;3;8;14;1983;;
9;1;150;1;3;1;14;1983;;
29;1;151;1;3;1;14;1971;;
10;1;150;1;3;2;13;1988;;
42;1;151;1;3;1;14;1991;;
43;1;151;1;3;1;14;1991;;
44;1;151;1;3;1;14;1991;;
30;1;151;1;3;1;14;1991;;
31;1;151;1;3;1;14;1981;;
32;1;151;1;3;1;14;1991;;
34;1;151;1;3;1;14;1971;;
35;1;151;1;3;1;14;1991;;
36;1;151;1;3;1;14;1951;;
37;1;151;1;3;1;14;1981;;
38;1;151;1;3;1;14;1971;;
39;1;151;1;3;1;14;1991;;
51;1;151;2;3;1;15;1981;;
45;1;151;2;3;1;14;1971;;
46;1;151;2;3;1;13;1981;;
47;1;151;1;3;1;13;1971;;
48;1;151;2;3;2;14;1971;;
49;1;151;1;3;1;13;1991;;
52;1;151;1;3;7;15;1991;;
53;1;151;1;3;2;15;1991;;
54;1;151;1;3;1;15;1991;;
55;1;151;1;3;2;15;1991;;
56;1;151;2;3;1;14;1981;;
57;1;151;1;3;1;15;13/06/1905;;
43;1;146;1;3;1;13;16/08/1985;;
1;1;147;1;4;1;13;NULL;;
11;1;147;1;4;1;13;NULL;;
12;1;147;1;4;1;13;NULL;;
13;1;147;1;4;1;13;NULL;;
14;1;147;1;4;1;13;NULL;;
2;1;147;1;4;1;13;NULL;;
16;1;147;1;4;1;13;NULL;;
17;1;147;1;4;1;15;NULL;;
18;1;147;1;4;1;14;NULL;;
19;1;147;1;4;1;14;NULL;;
20;1;147;1;4;1;14;NULL;;
4;1;147;1;1;1;13;NULL;;
5;1;147;1;1;1;13;NULL;;
6;1;147;1;1;1;13;NULL;;
7;1;147;1;1;1;14;NULL;;
8;1;147;1;1;1;14;NULL;;
9;1;147;1;1;1;13;NULL;;
11;1;152;1;3;1;15;1985;;
12;1;152;1;3;1;15;1964;;
13;1;152;2;3;1;13;1995;;
14;1;152;1;3;1;13;1980;;
15;1;152;1;3;1;12;1993;;
59;1;151;1;1;1;15;1971;;
21;1;147;1;4;1;14;NULL;;
22;1;147;1;4;1;14;NULL;;
23;1;147;1;4;1;14;NULL;;
24;1;147;1;4;1;13;NULL;;
25;1;147;1;4;1;13;NULL;;
26;1;147;1;4;1;14;NULL;;
28;1;147;1;4;1;15;NULL;;
29;1;147;1;4;1;15;NULL;;
30;1;147;1;4;1;15;NULL;;
31;1;147;1;4;1;15;NULL;;
41;1;147;1;4;7;12;NULL;;
42;1;147;1;4;1;15;NULL;;
44;1;147;1;4;1;15;NULL;;
45;1;147;1;4;1;15;NULL;;
32;1;147;1;4;1;15;NULL;;
33;1;147;1;4;1;15;NULL;;
34;1;147;1;4;1;15;NULL;;
35;1;147;1;4;1;12;NULL;;
37;1;147;1;4;1;15;NULL;;
38;1;147;1;4;1;15;NULL;;
39;1;147;1;4;1;15;NULL;;
40;1;147;1;4;1;13;NULL;;
61;1;147;1;4;1;14;NULL;;
62;1;147;1;4;1;13;NULL;;
46;1;147;1;4;1;12;NULL;;
64;1;147;1;4;12;13;NULL;;
65;1;147;1;4;1;14;NULL;;
66;1;147;1;4;12;13;NULL;;
67;1;147;1;4;1;13;NULL;;
68;1;147;1;4;1;13;NULL;;
69;1;147;1;4;12;13;NULL;;
70;1;147;1;4;1;14;NULL;;
81;1;147;1;4;1;13;NULL;;
82;1;147;1;4;1;13;NULL;;
3;1;149;1;3;1;13;NULL;;
48;1;147;1;4;1;14;NULL;;
18;1;124;1;3;1;14;1980;;
19;1;124;1;3;1;13;1990;;
26;1;160;1;3;1;13;1960;;
22;1;240;1;3;1;13;NULL;;
27;1;160;1;3;1;13;NULL;;
28;1;160;1;3;1;13;1979;;
27;1;149;1;3;1;13;1956;;
28;1;149;1;3;1;13;NULL;;
29;1;149;1;3;1;13;1951;;
30;1;149;1;3;1;13;1972;;
49;1;147;1;4;2;12;NULL;;
50;1;147;1;4;2;12;NULL;;
52;1;147;1;4;12;13;NULL;;
53;1;147;1;4;1;13;NULL;;
54;1;147;1;4;1;14;NULL;;
55;1;147;1;4;1;12;NULL;;
56;1;147;1;4;1;13;NULL;;
57;1;147;2;4;1;13;NULL;;
59;1;147;1;4;1;13;NULL;;
60;1;147;1;4;12;13;NULL;;
71;1;147;1;4;1;14;NULL;;
72;1;147;1;4;1;13;NULL;;
73;1;147;1;4;1;13;NULL;;
74;1;147;1;4;1;13;NULL;;
93;1;143;1;5;1;14;NULL;;
94;1;143;1;3;1;14;NULL;;
95;1;143;1;3;1;14;NULL;;
81;1;143;1;3;1;14;NULL;;
96;1;143;1;3;1;14;NULL;;
97;1;143;1;1;1;14;NULL;;
99;1;143;1;5;2;14;NULL;;
100;1;143;1;3;1;14;NULL;;
82;1;143;1;1;1;14;NULL;;
83;1;143;1;1;1;14;NULL;;
84;1;143;1;3;1;14;NULL;;
85;1;143;1;3;1;14;NULL;;
87;1;143;1;3;1;14;NULL;;
88;1;143;1;3;1;14;NULL;;
89;1;143;1;3;1;14;NULL;;
90;1;143;1;3;1;14;NULL;;
121;1;143;1;1;1;14;NULL;;
122;1;143;1;3;1;14;NULL;;
101;1;143;1;3;1;14;NULL;;
102;1;143;1;3;1;14;NULL;;
103;1;143;1;3;1;14;NULL;;
104;1;143;1;3;1;14;NULL;;
105;1;143;1;1;1;14;NULL;;
106;1;143;1;1;1;14;NULL;;
108;1;143;1;3;1;14;NULL;;
109;1;143;1;3;1;14;NULL;;
110;1;143;1;3;1;14;NULL;;
111;1;143;1;1;1;14;NULL;;
112;1;143;1;3;1;14;NULL;;
113;1;143;1;3;1;14;NULL;;
76;1;147;1;4;1;13;NULL;;
77;1;147;1;4;1;14;NULL;;
78;1;147;1;4;1;13;NULL;;
79;1;147;1;4;1;13;NULL;;
80;1;147;1;4;1;13;NULL;;
1;1;149;1;3;1;13;1956;;
115;1;143;1;3;1;14;NULL;;
116;1;143;1;3;1;14;NULL;;
117;1;143;1;3;1;14;NULL;;
118;1;143;1;3;1;14;NULL;;
119;1;143;1;3;1;14;NULL;;
21;1;146;2;3;1;13;22/09/1994;;
23;1;146;1;3;1;13;23/05/1989;;
24;1;146;1;3;1;14;01/01/1977;;
25;1;146;1;3;1;14;07/12/1990;;
120;1;143;1;3;1;14;NULL;;
124;1;143;1;3;1;14;NULL;;
125;1;143;1;3;1;14;NULL;;
127;1;143;1;5;1;14;NULL;;
128;1;143;1;3;1;14;NULL;;
129;1;143;1;3;1;14;NULL;;
130;1;143;1;3;1;14;NULL;;
131;1;143;1;3;1;14;NULL;;
132;1;143;1;3;1;14;NULL;;
1;1;146;1;3;1;13;05/12/1984;;
2;1;146;1;3;1;14;02/04/1990;;
3;1;146;1;3;1;14;04/09/1986;;
4;1;146;1;3;1;14;05/09/1993;;
5;1;146;1;3;1;13;01/01/1994;;
6;1;146;1;3;1;14;01/01/1964;;
8;1;146;1;3;1;13;17/04/1994;;
9;1;146;1;1;1;13;01/01/1989;;
10;1;146;2;3;1;14;28/04/1994;;
11;1;146;1;3;1;14;12/06/1992;;
12;1;146;1;1;2;14;16/09/1992;;
13;1;146;2;3;1;14;11/11/1998;;
26;1;146;1;3;1;14;31/01/1992;;
27;1;146;1;3;1;13;10/06/1996;;
28;1;146;1;3;1;14;12/09/1990;;
29;1;146;1;3;1;14;02/04/1988;;
30;1;146;2;3;1;14;03/01/1988;;
15;1;146;1;3;1;13;06/07/1989;;
4;1;149;1;3;1;13;NULL;;
5;1;149;1;3;1;14;1980;;
6;1;149;1;3;1;13;1968;;
7;1;149;1;3;1;13;1956;;
8;1;149;1;3;1;13;1974;;
9;1;149;1;3;1;13;28/05/1905;;
17;1;146;1;3;1;13;01/01/1996;;
18;1;146;1;3;1;13;08/06/1967;;
19;1;146;1;3;1;14;11/05/1905;;
20;1;146;1;3;1;14;31/12/1994;;
31;1;146;1;3;1;13;22/05/1992;;
31;1;149;1;3;1;12;1964;;
42;1;144;1;3;1;14;NULL;;
43;1;144;1;3;1;14;NULL;;
44;1;144;2;3;1;14;NULL;;
45;1;144;2;3;1;14;NULL;;
46;1;144;2;3;1;14;NULL;;
11;1;143;1;1;1;13;NULL;;
13;1;143;1;1;1;13;NULL;;
14;1;143;1;1;1;13;NULL;;
15;1;143;1;5;1;13;NULL;;
16;1;143;1;3;1;13;NULL;;
17;1;143;2;3;1;13;NULL;;
18;1;143;1;3;1;13;NULL;;
20;1;143;1;5;1;13;NULL;;
12;1;160;1;3;1;14;NULL;;
6;1;160;1;3;1;14;1972;;
13;1;160;1;3;1;13;1972;;
14;1;160;1;3;1;14;NULL;;
15;1;160;1;3;1;13;1970;;
17;1;160;1;3;1;13;NULL;;
18;1;160;1;3;1;14;NULL;;
19;1;160;1;3;1;14;1979;;
13;1;56;1;1;1;13;NULL;;
14;1;56;1;1;1;13;NULL;;
15;1;56;1;1;1;13;NULL;;
21;1;160;1;3;1;13;1979;;
17;1;56;1;1;1;13;NULL;;
18;1;56;1;1;1;13;NULL;;
19;1;56;1;1;1;13;NULL;;
20;1;56;1;1;1;13;NULL;;
21;1;56;1;1;1;13;NULL;;
45;1;143;1;3;1;13;NULL;;
46;1;143;1;2;1;14;NULL;;
47;1;143;1;3;1;14;NULL;;
48;1;143;1;3;1;14;NULL;;
49;1;143;1;3;1;13;NULL;;
23;1;160;2;3;1;14;1978;;
33;1;149;1;3;1;12;1973;;
34;1;149;1;3;1;13;1966;;
35;1;149;1;3;1;13;NULL;;
32;1;146;1;3;1;14;01/01/1957;;
33;1;146;1;3;1;13;05/10/1995;;
34;1;146;1;3;1;14;19/03/1995;;
51;1;143;1;5;1;14;NULL;;
52;1;143;1;5;1;14;NULL;;
53;1;143;1;5;1;14;NULL;;
54;1;143;1;3;1;14;NULL;;
24;1;160;1;3;1;13;NULL;;
25;1;160;1;3;1;12;NULL;;
22;1;143;1;1;1;13;NULL;;
23;1;143;1;1;1;13;NULL;;
24;1;143;1;1;1;13;NULL;;
25;1;143;1;5;1;13;NULL;;
26;1;143;1;1;1;13;NULL;;
27;1;143;1;1;1;13;NULL;;
29;1;143;1;3;1;13;NULL;;
30;1;143;1;1;1;13;NULL;;
31;1;143;1;1;1;13;NULL;;
32;1;143;1;3;1;13;NULL;;
33;1;143;1;5;1;13;NULL;;
34;1;143;2;1;1;13;NULL;;
36;1;143;1;5;1;13;NULL;;
37;1;143;1;1;1;13;NULL;;
38;1;143;1;3;1;13;NULL;;
39;1;143;1;3;1;13;NULL;;
40;1;143;1;3;1;13;NULL;;
60;1;143;1;1;1;14;NULL;;
61;1;143;1;1;1;14;NULL;;
72;1;143;1;3;1;14;NULL;;
73;1;143;1;1;1;14;NULL;;
74;1;143;1;1;1;14;NULL;;
75;1;143;1;5;1;14;NULL;;
76;1;143;1;3;1;14;NULL;;
63;1;143;1;1;1;14;NULL;;
64;1;143;1;3;1;14;NULL;;
65;1;143;1;3;1;14;NULL;;
66;1;143;1;1;2;14;NULL;;
67;1;143;1;3;1;14;NULL;;
68;1;143;1;3;1;14;NULL;;
6;1;141;1;3;1;14;20/06/1905;;
16;1;142;1;1;1;14;01/01/1969;;
17;1;142;1;1;1;14;28/08/1994;;
18;1;142;2;1;1;14;09/08/1988;;
19;1;142;1;1;1;14;01/01/1977;;
20;1;142;1;1;1;14;07/02/1993;;
36;1;142;1;3;1;14;1960;;
37;1;142;1;3;1;14;1963;;
38;1;142;1;3;1;13;1986;;
39;1;142;1;3;1;14;1972;;
40;1;142;1;3;1;14;NULL;;
8;1;141;1;3;1;14;21/06/1905;;
36;1;146;2;3;1;13;25/05/1993;;
37;1;146;1;3;1;13;19/10/1986;;
38;1;146;2;3;1;14;11/06/1994;;
39;1;146;1;3;1;13;28/04/1994;;
40;1;146;1;1;1;14;11/08/1994;;
41;1;146;2;1;1;14;14/05/1985;;
12;1;142;1;1;1;14;06/07/1966;;
13;1;142;1;1;1;14;17/08/1984;;
14;1;142;1;1;1;14;01/01/1974;;
15;1;142;1;1;1;14;21/05/1977;;
6;1;142;1;1;1;13;31/08/1981;;
7;1;142;1;1;1;13;31/10/1985;;
9;1;142;1;1;1;13;19/07/1985;;
10;1;142;1;1;1;13;01/01/1972;;
43;1;142;1;3;1;14;1979;;
44;1;142;1;3;1;14;1980;;
6;1;143;1;1;1;13;NULL;;
7;1;143;1;1;1;13;NULL;;
9;1;143;1;1;1;13;NULL;;
10;1;143;1;1;1;13;NULL;;
45;1;142;1;3;1;14;1963;;
22;1;56;1;1;1;13;NULL;;
41;1;143;1;1;1;13;NULL;;
42;1;143;1;3;1;13;NULL;;
44;1;143;1;3;1;13;NULL;;
46;1;142;1;3;1;14;NULL;;
1;1;144;1;3;1;14;NULL;;
2;1;144;2;3;1;14;NULL;;
3;1;144;1;3;1;13;1990;;
4;1;144;2;3;1;14;NULL;;
47;1;142;1;3;1;14;1977;;
55;1;143;1;3;1;14;NULL;;
56;1;143;1;3;1;14;NULL;;
57;1;143;1;3;1;14;NULL;;
58;1;143;1;3;1;14;NULL;;
59;1;143;1;1;1;14;NULL;;
11;1;144;1;3;1;14;NULL;;
12;1;144;2;3;1;14;NULL;;
13;1;144;1;3;1;14;NULL;;
14;1;144;1;3;1;14;NULL;;
15;1;144;1;3;1;14;NULL;;
49;1;142;1;3;1;13;1983;;
70;1;143;1;3;1;14;NULL;;
77;1;143;1;3;1;14;NULL;;
78;1;143;1;3;1;14;NULL;;
79;1;143;1;3;1;14;NULL;;
80;1;143;1;1;1;14;NULL;;
91;1;143;1;3;1;14;NULL;;
17;1;144;1;3;1;14;NULL;;
18;1;144;1;3;1;13;NULL;;
19;1;144;2;3;1;14;NULL;;
20;1;144;2;3;1;14;NULL;;
50;1;142;1;3;1;12;NULL;;
6;1;144;1;3;1;14;NULL;;
8;1;144;1;3;1;13;NULL;;
9;1;144;1;3;1;13;NULL;;
10;1;144;1;3;1;13;NULL;;
51;1;142;1;3;1;14;1976;;
1;1;143;1;1;1;13;NULL;;
2;1;143;1;1;2;13;NULL;;
4;1;143;1;1;1;13;NULL;;
5;1;143;1;1;1;13;NULL;;
52;1;142;1;3;1;14;1976;;
53;1;142;1;3;1;14;1989;;
54;1;142;1;3;1;14;1987;;
55;1;142;2;3;1;14;1987;;
31;1;144;2;3;1;14;NULL;;
21;1;144;1;3;1;14;NULL;;
32;1;144;2;3;1;14;NULL;;
33;1;144;1;3;1;14;NULL;;
34;1;144;1;3;1;14;NULL;;
35;1;144;1;3;1;14;NULL;;
7;1;120;1;3;1;14;1998;;
8;1;120;2;3;1;14;1982;;
9;1;120;2;3;1;14;1987;;
10;1;120;1;3;1;14;1982;;
41;1;136;1;1;1;15;1988;;
42;1;136;1;1;1;15;1980;;
44;1;136;1;1;1;12;1985;;
45;1;136;2;1;1;12;1968;;
46;1;136;1;1;1;12;NULL;;
4;1;119;1;1;1;14;1977;;
5;1;119;2;1;1;14;1987;;
6;1;119;1;1;1;14;1966;;
8;1;119;1;1;1;14;1984;;
11;1;119;1;1;1;14;1990;;
12;1;119;1;1;1;14;1979;;
13;1;119;1;1;1;15;1983;;
41;1;142;1;3;1;14;1988;;
42;1;142;1;3;1;14;1977;;
10;1;119;1;1;1;14;1968;;
1;1;140;1;1;1;14;1964;;
2;1;140;1;1;1;14;1972;;
3;1;140;1;1;1;14;1978;;
4;1;140;1;1;1;14;1985;;
5;1;140;1;1;1;14;1978;;
22;1;144;1;3;1;14;NULL;;
23;1;144;1;3;1;14;NULL;;
24;1;144;1;3;1;14;NULL;;
25;1;144;1;3;1;14;NULL;;
26;1;144;1;3;1;13;NULL;;
27;1;144;1;3;1;14;NULL;;
12;1;140;1;1;1;13;1984;;
13;1;140;1;1;1;13;1983;;
14;1;140;1;1;1;13;1959;;
15;1;140;1;1;1;13;1977;;
6;1;140;1;1;1;14;1967;;
16;1;140;1;1;1;13;1980;;
18;1;140;1;1;1;13;1963;;
19;1;140;1;1;1;13;1971;;
20;1;140;2;1;1;13;1968;;
7;1;140;1;1;1;14;1972;;
21;1;140;1;1;1;13;1968;;
22;1;140;1;1;1;13;1972;;
24;1;140;2;1;1;13;1961;;
25;1;140;1;1;1;13;1980;;
8;1;140;1;1;1;14;1974;;
26;1;140;1;1;1;13;1985;;
27;1;140;1;1;1;13;1980;;
28;1;140;1;1;1;13;1979;;
30;1;140;1;1;1;13;1984;;
9;1;140;1;1;1;13;1966;;
10;1;140;1;1;1;13;1969;;
31;1;140;1;1;1;13;1988;;
32;1;140;1;1;1;13;1988;;
1;1;137;1;1;1;14;1982;;
3;1;137;1;3;12;14;1991;;
4;1;137;1;3;12;14;1984;;
5;1;137;1;3;1;14;1986;;
6;1;137;1;3;3;14;1990;;
7;1;137;1;3;14;14;1989;;
8;1;137;1;3;1;14;1984;;
10;1;137;1;3;1;14;1983;;
11;1;137;2;3;1;14;1980;;
12;1;137;1;3;1;14;1983;;
13;1;137;1;3;14;14;1986;;
14;1;137;1;3;1;14;1986;;
15;1;137;1;3;3;14;1986;;
29;1;144;1;3;1;14;NULL;;
30;1;144;2;3;1;14;NULL;;
37;1;144;2;3;1;14;NULL;;
38;1;144;2;3;1;14;NULL;;
39;1;144;2;3;1;14;NULL;;
40;1;144;1;3;1;14;NULL;;
2;1;142;1;1;1;13;01/01/1977;;
3;1;142;2;1;1;13;10/04/1990;;
4;1;142;1;1;1;13;01/07/1981;;
5;1;142;1;1;1;13;01/01/1983;;
16;1;137;1;3;12;14;28/05/1905;;
21;1;142;1;1;1;14;01/12/1992;;
23;1;142;1;3;1;14;1991;;
24;1;142;1;3;1;14;1991;;
25;1;142;1;3;1;14;1968;;
17;1;137;1;3;12;14;1977;;
26;1;142;1;3;1;14;1979;;
27;1;142;1;3;1;14;1979;;
22;1;133;1;1;1;13;1987;;
23;1;133;1;1;1;13;1983;;
24;1;133;1;1;1;13;1967;;
25;1;133;1;1;1;13;1981;;
34;1;133;1;3;1;13;NULL;;
35;1;133;1;3;1;13;NULL;;
37;1;133;1;3;1;13;NULL;;
38;1;133;1;3;1;13;NULL;;
39;1;133;1;3;1;15;NULL;;
40;1;133;1;3;1;15;NULL;;
41;1;133;1;3;1;13;NULL;;
42;1;133;1;3;1;12;NULL;;
44;1;133;1;3;1;13;NULL;;
6;1;240;1;5;1;14;NULL;;
8;1;240;1;5;1;13;NULL;;
47;1;133;1;3;1;13;NULL;;
48;1;133;1;3;1;13;NULL;;
49;1;133;1;3;1;12;NULL;;
51;1;133;1;3;1;13;NULL;;
52;1;133;1;3;1;13;NULL;;
61;1;133;1;3;1;13;NULL;;
62;1;133;1;3;1;13;NULL;;
63;1;133;1;3;1;15;NULL;;
64;1;133;1;3;1;15;NULL;;
53;1;133;1;3;1;13;NULL;;
10;1;240;1;5;1;14;NULL;;
55;1;133;1;3;1;13;NULL;;
12;1;240;1;3;1;14;NULL;;
57;1;133;1;3;1;13;NULL;;
14;1;240;1;3;1;14;NULL;;
66;1;133;1;3;1;14;NULL;;
67;1;133;1;3;1;14;NULL;;
17;1;240;2;3;1;14;NULL;;
19;1;240;1;3;1;14;NULL;;
71;1;134;1;1;1;13;1989;;
60;1;133;1;3;1;14;NULL;;
29;1;142;1;3;1;13;1985;;
30;1;142;1;3;1;14;1983;;
18;1;137;1;3;12;14;1979;;
31;1;142;1;3;1;14;1969;;
32;1;142;1;3;1;14;1974;;
33;1;142;1;3;1;14;1988;;
73;1;134;1;1;1;13;1986;;
74;1;134;1;1;1;13;1981;;
75;1;134;1;1;1;13;1971;;
76;1;134;1;1;1;13;1974;;
1;1;138;2;3;1;14;NULL;;
77;1;134;1;1;1;13;1977;;
79;1;134;1;1;1;13;1986;;
80;1;134;1;1;1;13;1967;;
81;1;134;1;1;7;13;1976;;
2;1;138;1;3;1;14;NULL;;
3;1;138;1;3;1;14;NULL;;
4;1;138;1;3;1;14;NULL;;
6;1;138;1;3;1;14;NULL;;
7;1;138;1;3;2;14;NULL;;
8;1;138;1;3;2;14;NULL;;
82;1;134;1;1;1;13;1986;;
83;1;134;1;1;1;13;1973;;
84;1;134;1;1;1;13;1976;;
86;1;134;1;1;1;13;1979;;
9;1;138;1;3;1;14;NULL;;
87;1;134;1;1;1;13;1987;;
88;1;134;1;1;1;13;1985;;
89;1;134;1;1;1;13;1970;;
90;1;134;1;1;1;13;1974;;
10;1;138;2;3;1;14;NULL;;
92;1;134;1;1;1;13;1987;;
93;1;134;1;1;1;13;1992;;
94;1;134;1;2;1;14;1985;;
95;1;134;1;2;1;14;1983;;
11;1;160;1;3;1;14;1977;;
30;1;136;1;1;1;15;NULL;;
16;1;120;2;3;1;14;1983;;
1;1;119;2;1;1;14;1983;;
2;1;119;1;1;1;14;1988;;
3;1;119;1;1;1;14;1967;;
32;1;136;1;1;1;15;NULL;;
10;1;134;1;1;1;14;1977;;
21;1;134;1;1;1;13;1979;;
22;1;134;1;1;1;14;1967;;
23;1;134;1;1;1;14;1988;;
24;1;134;1;1;1;14;1988;;
26;1;134;1;1;1;14;1995;;
35;1;142;1;3;1;14;1980;;
19;1;137;1;3;12;14;1971;;
1;1;141;1;3;1;14;1998;;
2;1;141;1;3;1;14;1994;;
3;1;141;1;1;1;14;1995;;
4;1;141;1;3;1;14;1995;;
50;1;134;1;1;1;13;1983;;
55;1;134;1;1;1;13;1985;;
56;1;134;1;1;1;13;1991;;
57;1;134;1;1;1;13;1990;;
27;1;134;1;1;1;13;1979;;
61;1;134;1;1;1;13;1971;;
63;1;134;1;1;1;13;1983;;
64;1;134;1;1;1;13;1981;;
65;1;134;1;1;1;13;1984;;
28;1;134;1;1;1;13;1974;;
29;1;134;1;1;1;13;1972;;
30;1;134;1;1;1;13;1975;;
42;1;134;1;1;1;13;1983;;
43;1;134;1;1;1;13;1977;;
31;1;134;1;1;1;13;1977;;
44;1;134;2;1;1;13;1972;;
45;1;134;2;1;1;13;1975;;
46;1;134;1;1;1;13;1982;;
48;1;134;1;1;1;13;1983;;
32;1;134;1;1;1;13;1966;;
66;1;134;1;1;1;13;1971;;
67;1;134;1;1;1;13;1981;;
68;1;134;1;1;1;13;1984;;
69;1;134;1;1;1;13;1980;;
33;1;134;1;1;1;13;1969;;
34;1;134;1;1;1;13;1974;;
35;1;134;2;1;1;13;1975;;
36;1;134;1;1;1;13;1971;;
37;1;134;1;1;1;13;1974;;
38;1;134;2;1;1;13;1975;;
40;1;134;1;1;1;13;1983;;
51;1;134;2;1;1;13;1983;;
52;1;134;1;1;1;13;1982;;
53;1;134;1;1;1;13;1988;;
54;1;134;1;1;1;13;1981;;
58;1;134;1;1;1;13;1974;;
12;1;120;1;3;1;14;1986;;
13;1;120;2;3;1;14;1978;;
14;1;120;1;3;1;14;1954;;
15;1;120;2;3;1;14;1983;;
33;1;136;1;1;14;15;NULL;;
34;1;136;1;1;1;15;NULL;;
2;1;120;1;3;1;14;1954;;
3;1;120;1;3;1;15;1975;;
4;1;120;1;3;1;14;1973;;
31;1;136;1;1;1;15;1993;;
59;1;134;1;1;1;13;1976;;
60;1;134;1;1;1;13;1975;;
2;1;160;1;3;14;13;1972;;
3;1;160;1;3;1;14;1970;;
4;1;160;1;3;1;14;1972;;
11;1;136;1;1;3;15;1983;;
12;1;136;1;1;3;15;1989;;
13;1;136;1;1;1;15;1985;;
15;1;136;1;1;1;15;1974;;
16;1;136;1;1;1;15;1992;;
17;1;136;1;1;1;12;NULL;;
18;1;136;1;1;1;12;NULL;;
19;1;136;1;1;1;12;NULL;;
20;1;136;1;1;1;12;NULL;;
22;1;136;1;1;1;12;NULL;;
23;1;136;1;1;1;12;NULL;;
24;1;136;1;1;1;12;NULL;;
25;1;136;1;1;1;12;NULL;;
26;1;136;1;1;1;15;NULL;;
27;1;136;1;1;1;15;NULL;;
5;1;160;1;3;1;14;1967;;
7;1;160;1;3;1;14;1958;;
8;1;160;1;3;1;14;1970;;
26;1;133;1;1;1;13;1984;;
27;1;133;1;1;1;15;1983;;
28;1;133;1;1;1;13;1969;;
73;1;125;1;3;12;13;1981;;
74;1;125;1;3;1;13;1978;;
75;1;125;1;3;1;13;1983;;
76;1;125;1;3;1;13;1980;;
77;1;125;1;3;1;13;1982;;
7;1;128;1;3;1;13;1993;;
9;1;128;1;3;1;13;1989;;
10;1;128;1;3;1;13;1989;;
13;1;159;1;3;1;14;                                                                                                    ;;
14;1;159;1;3;1;14;                                                                                                    ;;
15;1;159;2;3;1;14;                                                                                                    ;;
16;1;159;1;3;1;14;                                                                                                    ;;
12;1;128;1;3;1;14;1993;;
13;1;128;1;3;1;14;1956;;
14;1;128;1;3;1;14;1967;;
1;1;18;1;1;1;14;1985;;
2;1;18;1;3;14;14;1988;;
15;1;128;1;3;1;13;1985;;
29;1;133;1;1;1;13;1982;;
30;1;133;1;1;1;15;1992;;
1;1;240;1;1;1;14;NULL;;
32;1;133;1;3;1;13;NULL;;
3;1;240;1;1;1;14;NULL;;
10;1;160;1;3;1;14;NULL;;
8;1;131;1;3;1;15;1965;;
9;1;131;1;3;1;15;1967;;
10;1;131;1;5;1;13;1968;;
11;1;131;1;3;1;13;1971;;
3;1;18;1;3;14;14;1978;;
4;1;18;1;3;14;14;1987;;
6;1;18;1;3;1;14;1979;;
1;1;131;1;3;1;13;1984;;
2;1;131;1;3;2;13;1885;;
3;1;131;1;3;1;13;1969;;
4;1;131;1;3;2;13;1989;;
5;1;131;1;3;1;13;1981;;
15;1;134;1;1;1;14;1979;;
16;1;134;1;1;1;14;1974;;
14;1;127;1;3;1;14;NULL;;
15;1;127;1;3;1;14;NULL;;
16;1;127;2;3;1;14;NULL;;
17;1;127;2;3;1;14;NULL;;
19;1;127;1;3;1;14;NULL;;
20;1;127;1;3;1;14;NULL;;
21;1;127;2;3;1;15;NULL;;
22;1;127;1;3;1;15;NULL;;
23;1;127;1;3;1;15;NULL;;
24;1;127;2;3;1;15;NULL;;
12;1;131;1;3;1;13;1969;;
13;1;131;1;2;7;13;1984;;
14;1;131;1;3;1;13;1982;;
15;1;131;1;3;1;13;1984;;
16;1;131;1;3;1;13;1972;;
17;1;131;1;3;2;13;1989;;
19;1;131;1;3;1;14;1988;;
20;1;131;1;3;1;15;1973;;
21;1;131;2;3;2;13;1982;;
22;1;131;1;3;1;13;1985;;
11;1;133;1;1;1;13;1981;;
1;1;133;1;1;1;13;1988;;
36;1;136;1;1;1;12;1967;;
37;1;136;1;1;1;15;NULL;;
38;1;136;1;1;1;15;NULL;;
39;1;136;1;1;1;15;NULL;;
40;1;136;1;1;1;15;1993;;
5;1;120;1;3;1;14;1984;;
11;1;134;1;1;1;14;1974;;
12;1;134;1;1;1;14;1974;;
13;1;134;1;1;1;14;1980;;
14;1;134;1;1;1;14;1978;;
2;1;133;1;1;1;13;1986;;
17;1;134;1;1;1;14;1984;;
19;1;134;1;1;1;14;1975;;
20;1;134;1;1;1;14;1988;;
25;1;134;1;1;1;14;1964;;
3;1;133;1;1;1;13;1984;;
4;1;133;1;1;1;13;1979;;
5;1;133;1;1;1;13;1973;;
7;1;133;1;1;1;15;1985;;
8;1;133;1;1;1;13;1987;;
9;1;133;1;1;1;15;1986;;
10;1;133;1;1;1;13;1984;;
13;1;133;1;1;1;13;1989;;
14;1;133;1;1;1;13;1988;;
38;1;125;1;3;1;13;1987;;
39;1;125;1;3;8;13;1985;;
40;1;125;1;3;1;13;1957;;
89;1;122;1;3;1;14;1980;;
90;1;122;1;3;1;13;1983;;
91;1;122;1;3;1;13;1983;;
1;1;2;1;3;1;14;1963;;
2;1;2;1;3;1;14;1980;;
41;1;125;1;3;1;13;1987;;
3;1;2;1;3;1;14;1962;;
4;1;2;1;3;1;14;1968;;
5;1;2;1;3;1;14;1980;;
7;1;2;1;3;1;14;1975;;
42;1;125;1;3;1;13;1962;;
43;1;125;1;3;1;13;1986;;
44;1;125;1;3;1;13;1983;;
45;1;125;1;3;1;13;1981;;
46;1;125;1;3;7;13;1978;;
48;1;125;1;3;1;13;1988;;
49;1;125;1;3;1;13;1983;;
50;1;125;1;3;1;13;1976;;
11;1;2;1;3;1;14;NULL;;
12;1;2;1;3;1;14;NULL;;
13;1;2;2;3;1;14;NULL;;
1;1;127;1;3;1;13;NULL;;
2;1;127;1;3;1;13;NULL;;
3;1;127;1;3;1;13;NULL;;
4;1;127;1;3;1;13;NULL;;
5;1;127;1;3;1;13;NULL;;
9;1;2;1;3;1;14;1970;;
16;1;133;1;1;1;13;1989;;
17;1;133;1;1;1;13;1984;;
18;1;133;1;1;1;13;1967;;
19;1;133;1;1;1;13;1972;;
20;1;133;1;1;1;13;1982;;
1;1;134;1;1;1;13;1973;;
6;1;127;1;3;1;13;NULL;;
7;1;127;1;3;1;14;NULL;;
8;1;127;1;3;1;14;NULL;;
9;1;127;1;3;1;13;NULL;;
14;1;2;2;3;1;14;NULL;;
10;1;127;1;3;1;14;NULL;;
12;1;127;1;3;1;14;NULL;;
13;1;127;1;3;1;14;NULL;;
1;1;128;1;3;12;13;19978;;
15;1;2;2;3;1;14;NULL;;
16;1;2;2;3;1;14;NULL;;
17;1;2;2;3;1;14;NULL;;
52;1;125;1;3;1;13;1981;;
53;1;125;1;3;1;13;1980;;
54;1;125;1;3;1;13;1989;;
55;1;125;1;3;1;13;1979;;
56;1;125;1;3;12;13;1974;;
57;1;125;2;3;12;13;194;;
59;1;125;1;3;1;13;1977;;
60;1;125;1;3;1;13;1986;;
1224;1;182;1;3;1;14;                                                                                                    ;;
1225;1;182;1;3;1;14;                                                                                                    ;;
1226;1;182;1;3;1;14;                                                                                                    ;;
1227;1;182;1;3;2;14;                                                                                                    ;;
1229;1;182;1;3;1;14;                                                                                                    ;;
1230;1;182;1;3;1;14;                                                                                                    ;;
1231;1;182;1;3;1;14;                                                                                                    ;;
1232;1;182;1;3;1;14;                                                                                                    ;;
1233;1;182;1;3;1;14;                                                                                                    ;;
61;1;125;1;3;12;13;1960;;
1;1;130;1;3;1;14;1975;;
2;1;130;1;3;1;14;1962;;
3;1;130;1;3;1;14;1957;;
4;1;130;1;3;1;13;1973;;
5;1;130;1;3;1;13;1971;;
63;1;125;1;3;1;13;1988;;
3;1;134;1;1;1;14;1966;;
4;1;134;1;1;1;14;1972;;
5;1;134;1;1;1;14;1981;;
6;1;134;1;1;1;13;1970;;
7;1;134;2;1;1;14;1972;;
8;1;134;2;1;1;14;1975;;
7;1;130;1;3;1;14;1964;;
8;1;130;1;1;1;14;1962;;
9;1;130;1;3;1;13;1964;;
10;1;130;1;3;1;13;1981;;
64;1;125;1;3;1;13;1982;;
2;1;128;1;3;1;14;1976;;
37;1;122;1;3;1;14;1984;;
38;1;122;1;3;1;14;1987;;
39;1;122;1;3;1;14;1985;;
40;1;122;1;3;1;14;1990;;
69;1;95;1;3;1;14;NULL;;
43;1;122;1;3;1;14;1981;;
45;1;122;1;3;1;13;1986;;
46;1;122;1;3;1;14;1994;;
47;1;122;1;3;1;14;1992;;
70;1;95;1;3;1;14;NULL;;
48;1;122;1;3;1;14;1989;;
49;1;122;1;3;1;14;1985;;
16;1;125;1;1;1;13;1982;;
17;1;125;1;1;1;13;1986;;
71;1;95;1;3;1;14;NULL;;
18;1;125;1;3;1;13;1968;;
19;1;125;1;3;1;13;1978;;
20;1;125;1;3;1;13;1982;;
62;1;122;1;3;1;14;1976;;
72;1;95;1;1;1;14;NULL;;
1;1;125;1;1;1;13;1957;;
2;1;125;1;1;1;13;1987;;
3;1;125;1;1;1;13;1981;;
4;1;125;1;1;1;13;1972;;
6;1;125;1;1;1;13;1986;;
63;1;122;1;3;1;14;1974;;
64;1;122;1;3;1;14;1988;;
65;1;122;1;3;1;14;1993;;
66;1;122;1;3;1;14;1992;;
67;1;122;1;3;1;14;1992;;
8;1;125;1;1;1;13;1982;;
9;1;125;1;1;1;13;1989;;
10;1;125;1;1;1;13;1979;;
51;1;122;1;3;1;14;1982;;
52;1;122;1;3;1;13;1984;;
53;1;122;1;3;1;13;1966;;
4;1;128;1;3;1;13;1986;;
5;1;128;1;3;1;13;1988;;
6;1;128;1;3;1;13;1989;;
65;1;125;1;3;1;13;1974;;
66;1;125;1;3;1;13;1983;;
67;1;125;1;3;1;13;1983;;
12;1;125;1;1;14;13;1956;;
13;1;125;1;1;12;13;1958;;
14;1;125;1;1;8;13;1978;;
15;1;125;1;1;7;13;1980;;
54;1;122;1;3;1;14;1992;;
55;1;122;1;3;1;13;1985;;
57;1;122;1;3;1;14;1984;;
58;1;122;1;3;1;13;1988;;
59;1;122;1;3;1;14;1972;;
60;1;122;1;3;1;14;1994;;
68;1;122;1;3;1;14;1996;;
69;1;122;1;3;1;14;1992;;
71;1;122;1;3;1;14;1995;;
72;1;122;1;3;1;14;1974;;
73;1;122;1;3;1;14;1990;;
74;1;122;1;3;1;14;1994;;
75;1;122;2;3;1;14;1988;;
76;1;122;1;3;1;14;1971;;
78;1;122;1;3;1;14;1953;;
79;1;122;1;3;1;14;1992;;
21;1;125;1;3;1;13;1988;;
22;1;125;1;3;1;13;1986;;
23;1;125;1;3;1;13;1980;;
24;1;125;1;3;1;13;1985;;
80;1;122;1;3;1;14;1981;;
26;1;125;1;3;1;13;1977;;
27;1;125;1;3;1;13;1990;;
28;1;125;1;3;1;13;1972;;
29;1;125;1;3;1;13;1986;;
30;1;125;1;3;1;13;1977;;
82;1;122;1;3;1;14;1989;;
83;1;122;1;3;1;14;1994;;
84;1;122;1;3;1;14;1986;;
85;1;122;1;3;1;14;1982;;
86;1;122;1;3;1;14;1980;;
87;1;122;1;3;1;14;1970;;
25;1;121;1;3;1;14;1990;;
45;1;95;1;3;1;14;NULL;;
46;1;95;1;3;1;14;NULL;;
47;1;95;1;3;1;14;NULL;;
48;1;95;1;3;1;14;1982;;
49;1;95;1;3;1;14;NULL;;
21;1;111;1;3;1;15;NULL;;
22;1;111;1;3;1;12;NULL;;
23;1;111;1;3;2;15;NULL;;
24;1;111;1;1;1;13;NULL;;
25;1;111;1;1;1;13;NULL;;
27;1;121;1;3;1;14;1990;;
69;1;125;1;3;1;13;1982;;
70;1;125;1;3;1;13;1992;;
11;1;130;1;3;1;13;10101;;
12;1;130;1;3;1;13;1983;;
13;1;130;1;3;1;14;1968;;
71;1;125;2;3;1;13;1990;;
6;1;111;1;1;1;15;NULL;;
7;1;111;1;5;3;13;NULL;;
8;1;111;1;1;1;15;NULL;;
9;1;111;1;5;3;13;NULL;;
28;1;121;1;2;1;13;1982;;
29;1;121;1;3;1;14;1985;;
57;1;95;1;3;1;14;NULL;;
60;1;95;1;3;1;14;1984;;
61;1;95;1;3;1;14;1976;;
10;1;111;1;3;1;15;NULL;;
52;1;95;1;3;1;14;NULL;;
53;1;95;1;3;1;14;NULL;;
55;1;95;1;3;1;14;1998;;
31;1;121;1;3;1;13;1992;;
32;1;121;1;3;1;13;1988;;
33;1;121;1;3;1;13;1990;;
34;1;121;1;3;1;13;1994;;
35;1;121;1;2;2;14;1990;;
37;1;121;2;1;1;14;1995;;
38;1;121;1;3;1;13;1988;;
39;1;121;1;3;1;13;1991;;
40;1;121;1;3;1;13;1992;;
56;1;95;2;3;1;14;1981;;
11;1;111;1;3;3;13;NULL;;
16;1;111;1;5;1;15;NULL;;
17;1;111;1;5;1;13;NULL;;
18;1;111;1;3;1;12;NULL;;
19;1;111;1;3;1;15;NULL;;
20;1;111;1;5;1;12;NULL;;
58;1;95;1;3;1;14;NULL;;
41;1;121;1;3;1;13;1991;;
42;1;121;1;3;1;13;1990;;
43;1;121;2;3;1;13;1987;;
44;1;121;1;3;1;13;1986;;
45;1;121;1;3;1;13;1989;;
46;1;121;1;3;1;13;1991;;
32;1;125;1;3;8;13;1984;;
33;1;125;1;3;1;13;1978;;
34;1;125;1;3;14;13;1984;;
35;1;125;1;3;1;13;1985;;
88;1;122;1;3;1;13;1984;;
36;1;125;1;3;12;13;1986;;
27;1;111;1;3;1;14;NULL;;
28;1;111;1;3;1;14;NULL;;
29;1;111;1;3;7;14;NULL;;
62;1;95;1;3;1;14;1967;;
47;1;121;1;3;1;13;1991;;
63;1;95;1;3;8;14;NULL;;
65;1;95;1;3;1;14;NULL;;
21;1;122;1;3;1;14;1970;;
22;1;122;1;3;2;14;1984;;
48;1;121;1;3;1;13;1989;;
49;1;121;1;2;1;13;1984;;
50;1;121;1;3;1;13;1993;;
12;1;122;1;3;1;14;1989;;
13;1;122;1;3;1;14;1992;;
14;1;122;1;3;1;14;1966;;
15;1;122;1;3;1;14;1972;;
16;1;122;1;3;1;14;1969;;
17;1;122;1;3;1;14;1979;;
19;1;122;1;3;1;14;1978;;
20;1;122;1;3;1;14;1980;;
23;1;122;1;3;1;14;1978;;
24;1;122;1;3;1;14;1977;;
25;1;122;1;3;1;13;1984;;
26;1;122;1;3;3;14;1986;;
59;1;118;1;1;1;14;1991;;
60;1;118;1;3;2;13;1974;;
4;1;73;1;2;1;13;1962;;
31;1;95;1;1;1;14;1986;;
32;1;95;1;1;12;14;1993;;
1;1;121;1;3;1;14;1986;;
3;1;121;1;3;1;12;1993;;
5;1;73;1;2;14;13;1979;;
4;1;121;1;2;1;13;1987;;
5;1;121;1;2;1;13;1983;;
6;1;121;1;1;1;14;1989;;
7;1;121;1;2;1;13;1994;;
6;1;73;1;2;14;13;1971;;
9;1;121;1;2;1;14;1994;;
10;1;121;2;3;1;14;1990;;
11;1;121;2;3;1;14;1992;;
12;1;121;2;3;1;14;1990;;
13;1;121;2;3;1;14;1994;;
34;1;95;1;3;1;14;NULL;;
14;1;121;1;3;1;14;1990;;
21;1;73;1;2;1;13;1965;;
22;1;73;1;2;1;14;1982;;
23;1;73;1;2;1;14;1989;;
8;1;73;1;2;1;13;1960;;
28;1;122;1;3;1;14;1995;;
66;1;95;1;3;1;14;NULL;;
67;1;95;2;3;1;14;NULL;;
68;1;95;1;3;8;14;NULL;;
41;1;122;1;3;1;14;1972;;
42;1;122;1;3;1;14;1977;;
39;1;95;1;3;1;14;1974;;
1;1;111;1;1;1;15;NULL;;
2;1;111;1;3;1;13;NULL;;
3;1;111;1;5;3;13;NULL;;
9;1;73;1;2;1;13;1980;;
10;1;73;1;2;1;14;1962;;
2;1;122;1;3;1;13;1993;;
3;1;122;1;3;1;14;1984;;
4;1;122;1;3;1;14;1974;;
5;1;122;1;3;1;14;1980;;
6;1;122;1;3;1;13;1984;;
7;1;122;1;3;1;13;1984;;
9;1;122;1;3;1;14;1989;;
10;1;122;1;3;1;14;1994;;
11;1;73;1;2;1;14;1979;;
29;1;73;1;2;12;13;1985;;
30;1;73;1;2;1;14;1986;;
35;1;95;1;3;1;14;1961;;
37;1;95;1;3;1;14;1958;;
12;1;73;1;2;1;14;1990;;
24;1;73;1;2;1;14;1978;;
25;1;73;1;2;1;13;1964;;
26;1;73;1;2;14;13;1992;;
27;1;73;1;2;1;13;1987;;
13;1;73;1;1;14;14;1982;;
14;1;73;1;2;1;14;1985;;
15;1;73;1;2;14;12;1973;;
16;1;73;1;2;1;14;1977;;
17;1;73;1;2;14;12;1976;;
18;1;73;1;2;12;12;1976;;
20;1;73;1;2;14;12;1977;;
33;1;95;1;3;1;14;1978;;
31;1;73;1;2;1;14;1990;;
32;1;73;1;2;14;13;1974;;
33;1;73;1;2;1;14;1962;;
15;1;121;1;2;1;14;1993;;
30;1;122;1;3;1;14;1988;;
31;1;122;1;3;1;14;1986;;
32;1;122;1;3;1;14;1976;;
33;1;122;1;3;1;14;1978;;
34;1;122;1;3;1;14;1990;;
35;1;122;1;3;1;14;1996;;
35;1;73;1;2;1;14;1983;;
36;1;73;1;2;1;14;1986;;
37;1;73;1;1;12;14;1983;;
38;1;73;1;2;12;13;1984;;
16;1;121;1;3;2;14;1994;;
17;1;121;1;3;1;14;1990;;
19;1;121;1;3;1;12;1993;;
20;1;121;2;2;1;14;1994;;
39;1;73;1;2;1;14;1990;;
40;1;73;2;2;1;14;1993;;
41;1;73;1;2;1;13;1970;;
42;1;73;1;2;12;13;1972;;
27;1;118;1;3;1;13;1970;;
28;1;118;1;3;1;14;1971;;
29;1;118;1;3;2;13;1969;;
30;1;118;1;3;1;13;NULL;;
61;1;97;1;3;1;15;1966;;
81;1;97;1;3;1;15;1970;;
83;1;97;1;3;1;15;1964;;
84;1;97;1;3;1;15;1966;;
85;1;97;1;3;1;15;1964;;
62;1;97;1;3;1;15;1972;;
63;1;97;1;3;1;15;1972;;
64;1;97;1;3;1;15;NULL;;
66;1;97;1;3;1;15;NULL;;
67;1;97;1;3;1;15;NULL;;
68;1;97;1;3;1;15;NULL;;
69;1;97;1;3;1;15;1972;;
70;1;97;1;3;1;15;1964;;
71;1;97;1;3;1;15;1959;;
73;1;97;1;3;1;15;1967;;
75;1;97;1;3;1;15;1968;;
92;1;97;1;3;1;15;NULL;;
93;1;97;1;3;1;15;NULL;;
94;1;97;1;3;1;15;NULL;;
95;1;97;1;3;1;15;NULL;;
76;1;97;1;3;1;15;1974;;
21;1;95;1;3;1;14;1972;;
22;1;95;1;3;1;14;NULL;;
23;1;95;1;3;1;14;1963;;
24;1;95;1;3;1;14;1963;;
101;1;97;1;3;1;15;NULL;;
25;1;95;1;3;1;14;1967;;
26;1;95;1;3;1;14;1970;;
27;1;95;1;3;1;14;1978;;
28;1;95;1;1;1;14;1966;;
91;1;97;1;3;1;15;NULL;;
78;1;97;1;3;1;15;NULL;;
42;1;95;1;3;1;14;NULL;;
43;1;95;1;3;1;14;NULL;;
4;1;111;1;1;3;12;NULL;;
44;1;95;1;3;1;14;NULL;;
21;1;121;1;3;1;14;1992;;
22;1;121;1;3;1;14;1993;;
87;1;97;1;3;1;15;1970;;
88;1;97;1;3;1;15;1964;;
89;1;97;1;3;1;15;1978;;
90;1;97;1;3;1;15;NULL;;
79;1;97;1;3;1;15;1970;;
80;1;97;1;3;1;15;1997;;
97;1;97;1;3;1;15;NULL;;
98;1;97;1;3;1;15;NULL;;
99;1;97;1;3;1;15;1996;;
100;1;97;1;3;1;15;NULL;;
30;1;95;2;1;1;14;1972;;
41;1;118;1;1;1;14;NULL;;
43;1;118;1;3;2;14;NULL;;
44;1;118;1;3;1;14;NULL;;
102;1;97;1;3;1;15;NULL;;
103;1;97;1;3;1;15;1978;;
104;1;97;1;3;1;15;1990;;
105;1;97;1;3;1;15;NULL;;
107;1;97;1;3;1;15;1972;;
108;1;97;1;3;1;15;1974;;
109;1;97;1;3;1;15;1966;;
110;1;97;1;3;1;15;1960;;
111;1;97;1;2;1;15;1970;;
112;1;97;1;3;1;15;1965;;
32;1;118;1;3;1;14;NULL;;
45;1;118;1;3;1;14;NULL;;
46;1;118;1;3;1;14;NULL;;
47;1;118;2;3;1;14;NULL;;
48;1;118;1;3;1;14;NULL;;
49;1;118;1;3;1;13;1991;;
50;1;118;1;3;1;13;1986;;
51;1;118;1;1;1;14;NULL;;
52;1;118;1;1;1;14;NULL;;
53;1;118;1;1;1;14;NULL;;
54;1;118;1;3;1;13;NULL;;
34;1;118;1;3;1;14;NULL;;
24;1;107;1;3;1;14;NULL;;
25;1;107;1;3;1;14;NULL;;
26;1;107;1;3;1;13;NULL;;
27;1;107;1;3;1;14;NULL;;
28;1;107;1;3;2;14;NULL;;
29;1;107;1;3;1;14;NULL;;
24;1;121;1;1;8;14;1998;;
40;1;95;1;3;1;14;NULL;;
50;1;95;1;3;1;14;NULL;;
51;1;95;1;3;1;14;NULL;;
13;1;111;1;5;1;12;NULL;;
14;1;111;1;3;1;13;NULL;;
31;1;107;1;3;1;14;NULL;;
51;1;107;1;3;2;14;NULL;;
52;1;107;1;3;1;14;NULL;;
53;1;107;1;3;1;14;NULL;;
46;1;107;1;3;1;14;NULL;;
47;1;107;1;3;2;14;NULL;;
49;1;107;1;3;1;14;NULL;;
50;1;107;1;3;1;14;NULL;;
71;1;107;1;3;1;13;NULL;;
54;1;107;1;3;1;14;NULL;;
55;1;107;1;3;1;14;NULL;;
56;1;107;1;3;1;13;NULL;;
58;1;107;1;3;1;14;NULL;;
59;1;107;1;3;1;14;NULL;;
60;1;107;1;3;1;15;NULL;;
61;1;107;1;3;1;13;NULL;;
62;1;107;1;3;7;14;NULL;;
63;1;107;1;3;1;14;NULL;;
65;1;107;1;3;2;14;NULL;;
66;1;107;1;3;1;14;NULL;;
67;1;107;1;3;1;14;NULL;;
68;1;107;1;3;1;14;NULL;;
69;1;107;1;3;1;14;NULL;;
70;1;107;1;3;1;13;NULL;;
72;1;107;1;3;1;14;NULL;;
73;1;107;1;3;1;14;NULL;;
74;1;107;1;3;1;14;NULL;;
75;1;107;1;3;2;14;NULL;;
76;1;107;1;3;2;14;NULL;;
77;1;107;1;3;1;14;NULL;;
79;1;107;1;3;1;13;NULL;;
80;1;107;1;3;1;14;NULL;;
81;1;107;1;3;1;14;NULL;;
82;1;107;1;3;1;14;NULL;;
83;1;107;1;3;1;13;NULL;;
84;1;107;1;3;1;14;NULL;;
36;1;118;1;3;1;14;NULL;;
37;1;118;1;3;1;14;1971;;
38;1;118;1;3;1;14;NULL;;
39;1;118;1;3;1;13;1985;;
40;1;118;2;3;1;14;NULL;;
61;1;118;1;1;1;13;NULL;;
42;1;97;1;3;1;15;1980;;
43;1;97;1;3;1;15;1972;;
44;1;97;1;3;1;15;1974;;
45;1;97;1;3;1;15;1970;;
5;1;118;1;3;1;13;1990;;
6;1;118;1;3;1;13;NULL;;
8;1;118;1;3;1;13;NULL;;
9;1;118;1;3;1;13;NULL;;
10;1;118;1;3;1;13;NULL;;
46;1;97;1;3;1;15;1975;;
47;1;97;2;3;1;14;NULL;;
48;1;97;2;3;1;15;NULL;;
50;1;97;1;3;1;13;1972;;
51;1;97;2;3;1;15;NULL;;
11;1;118;1;3;1;13;NULL;;
52;1;97;1;3;1;15;NULL;;
53;1;97;1;3;1;15;1962;;
54;1;97;1;3;1;15;1962;;
56;1;97;1;3;1;15;1972;;
12;1;118;1;3;8;14;1986;;
57;1;97;1;3;1;15;1965;;
58;1;97;1;3;1;15;1972;;
59;1;97;1;3;1;15;1978;;
60;1;97;1;3;1;13;1966;;
13;1;118;1;3;1;13;1975;;
14;1;118;1;3;1;13;NULL;;
15;1;118;1;3;1;12;1974;;
16;1;118;1;3;1;14;NULL;;
17;1;118;1;3;1;13;1970;;
18;1;118;1;3;1;13;1976;;
20;1;95;1;3;3;14;1972;;
12;1;115;1;3;1;13;1964;;
13;1;115;1;3;1;13;1964;;
14;1;115;2;3;1;14;1963;;
15;1;115;2;3;1;14;1971;;
16;1;115;1;3;1;13;1967;;
18;1;115;1;3;1;13;1974;;
8;1;65;1;3;1;14;1988;;
9;1;65;1;3;1;14;1989;;
11;1;114;1;3;1;13;1982;;
12;1;114;1;3;3;13;1977;;
13;1;114;1;3;1;14;1990;;
32;1;97;1;3;1;15;1972;;
33;1;97;1;3;1;15;1967;;
34;1;97;1;3;1;15;1975;;
35;1;97;1;3;1;15;1968;;
36;1;97;1;3;1;15;NULL;;
37;1;97;1;3;1;15;1975;;
21;1;118;1;3;2;13;NULL;;
22;1;118;1;3;1;13;1972;;
23;1;118;1;3;1;13;1984;;
24;1;118;1;3;1;13;1992;;
25;1;118;1;3;1;13;1986;;
20;1;118;1;3;1;13;1983;;
39;1;97;1;3;1;15;1972;;
40;1;97;1;3;1;15;1975;;
21;1;107;1;3;1;14;NULL;;
22;1;107;1;3;1;14;NULL;;
14;1;114;1;3;12;13;1981;;
32;1;107;1;3;1;14;NULL;;
34;1;107;1;3;1;14;NULL;;
35;1;107;1;3;8;14;NULL;;
36;1;107;1;3;1;14;NULL;;
15;1;114;1;3;1;13;1990;;
37;1;107;1;3;1;14;NULL;;
38;1;107;1;3;1;13;NULL;;
40;1;107;1;3;1;14;NULL;;
41;1;107;1;3;8;14;NULL;;
16;1;114;1;3;1;14;1990;;
17;1;114;1;3;1;14;1972;;
18;1;114;1;3;1;13;1905;;
19;1;114;1;3;1;14;1986;;
14;1;31;2;3;1;14;NULL;;
6;1;177;1;3;1;14;NULL;;
7;1;177;1;3;14;14;NULL;;
8;1;177;1;3;1;14;NULL;;
9;1;177;1;3;1;14;NULL;;
10;1;177;1;3;2;14;NULL;;
11;1;177;1;3;1;14;NULL;;
12;1;177;1;3;1;14;NULL;;
13;1;177;1;3;1;13;NULL;;
14;1;177;1;3;1;14;NULL;;
11;1;107;1;3;1;13;NULL;;
12;1;107;1;3;1;14;NULL;;
7;1;31;1;1;1;13;NULL;;
8;1;31;2;1;1;14;NULL;;
13;1;107;1;3;1;13;NULL;;
14;1;107;1;3;1;14;NULL;;
15;1;107;1;3;1;13;NULL;;
22;1;114;1;3;1;13;1975;;
1;1;73;1;2;1;14;1990;;
2;1;73;1;1;1;14;1982;;
3;1;73;1;2;1;14;1975;;
55;1;118;1;1;1;14;1961;;
56;1;118;1;1;1;14;NULL;;
57;1;118;1;3;1;14;NULL;;
42;1;107;1;3;2;14;NULL;;
43;1;107;2;3;1;14;NULL;;
44;1;107;1;3;1;14;NULL;;
45;1;107;1;3;1;13;NULL;;
20;1;177;1;3;1;14;NULL;;
20;1;124;1;3;1;13;1990;;
1;1;117;1;1;1;14;1986;;
2;1;117;2;1;1;14;1986;;
3;1;117;1;3;1;14;1990;;
5;1;117;2;3;1;14;1986;;
6;1;117;1;3;1;14;1993;;
7;1;117;1;3;1;14;1977;;
9;1;117;1;3;1;14;1987;;
10;1;117;1;3;1;14;1988;;
1;1;118;1;1;14;13;1976;;
2;1;118;1;3;1;13;1984;;
3;1;118;1;3;1;13;1991;;
1;1;107;1;3;1;14;NULL;;
11;1;95;1;3;1;13;1981;;
12;1;95;1;3;1;13;1963;;
13;1;95;1;3;1;13;1972;;
7;1;97;1;3;1;14;1963;;
8;1;97;2;3;1;15;1968;;
9;1;97;1;3;1;15;1964;;
13;1;124;1;3;1;13;1982;;
6;1;114;1;1;1;13; VERS1982                                                                                           ;;
1;1;112;1;3;1;13;1990;;
2;1;112;1;3;1;13;1990;;
3;1;112;1;3;1;14;1983;;
4;1;112;1;3;1;14;1990;;
6;1;112;1;3;1;14;1996;;
7;1;112;1;3;1;13;1989;;
8;1;112;1;3;1;14;1981;;
9;1;112;2;3;1;14;1988;;
10;1;112;1;3;2;14;1988;;
1;1;95;1;1;1;13;1955;;
11;1;97;1;3;1;13;NULL;;
3;1;95;1;3;1;13;1977;;
4;1;95;1;3;1;13;1981;;
5;1;95;1;3;1;13;1979;;
6;1;95;1;3;1;13;1965;;
7;1;95;1;3;1;13;1976;;
13;1;97;1;3;1;13;1974;;
14;1;97;1;3;1;14;1972;;
15;1;97;1;3;1;13;1972;;
16;1;97;1;3;1;13;1968;;
17;1;97;1;3;1;14;NULL;;
18;1;97;1;3;1;13;1964;;
3;1;107;1;3;1;14;NULL;;
4;1;107;2;3;1;14;NULL;;
5;1;107;1;3;1;14;NULL;;
6;1;107;1;3;2;14;NULL;;
7;1;107;1;3;1;14;NULL;;
8;1;107;1;3;1;14;NULL;;
20;1;97;1;3;1;13;1966;;
11;1;112;1;3;1;13;1991;;
12;1;112;1;3;1;13;1996;;
13;1;112;1;3;1;13;1991;;
14;1;112;1;3;1;13;1983;;
15;1;112;1;3;1;13;1990;;
17;1;112;1;3;14;13;1991;;
18;1;112;1;5;1;14;1989;;
19;1;112;1;3;1;13;1988;;
20;1;112;1;3;1;14;1957;;
8;1;95;1;3;1;13;1968;;
9;1;95;1;3;1;13;1989;;
18;1;177;1;3;1;13;NULL;;
19;1;177;1;3;1;14;NULL;;
4;1;1;2;1;1;13;1984;;
21;1;97;1;3;1;15;1974;;
22;1;97;1;3;1;13;1972;;
23;1;97;1;3;1;15;1969;;
25;1;97;1;3;1;15;NULL;;
26;1;97;2;3;1;15;NULL;;
27;1;97;1;3;1;15;NULL;;
28;1;97;1;3;1;15;NULL;;
29;1;97;1;3;1;13;NULL;;
30;1;97;1;3;1;13;1962;;
24;1;1;2;1;1;14;1981;;
1;1;114;1;1;1;14;1962;;
2;1;114;1;1;1;13;1982;;
3;1;114;1;1;3;13;1974;;
4;1;114;1;1;1;12;1977;;
5;1;114;1;1;1;13;1978;;
21;1;112;1;3;1;13;1992;;
22;1;112;1;5;1;13;1987;;
23;1;112;1;3;12;13;1995;;
24;1;112;1;3;1;13;1993;;
25;1;112;1;3;1;15;1990;;
7;1;114;1;1;1;12;1966;;
10;1;107;1;3;1;13;NULL;;
16;1;107;1;3;1;14;NULL;;
17;1;107;1;3;1;14;NULL;;
18;1;107;1;3;1;14;NULL;;
19;1;107;2;3;1;14;NULL;;
20;1;107;1;3;1;14;NULL;;
9;1;114;1;1;1;12;1955;;
10;1;114;1;1;1;15;VERS 1950                                                                                           ;;
3;1;65;1;3;1;14;1970;;
4;1;65;1;3;1;14;1993;;
26;1;112;1;1;1;15;1964;;
27;1;112;1;1;1;15;1970;;
60;1;101;1;3;1;14;1978;;
8;1;159;1;3;1;15;                                                                                                    ;;
9;1;159;1;3;1;14;                                                                                                    ;;
10;1;159;1;3;1;14;                                                                                                    ;;
11;1;159;2;3;1;4;                                                                                                    ;;
12;1;159;1;3;1;14;                                                                                                    ;;
72;1;101;1;3;1;13;191963;;
73;1;101;1;3;1;13;1972;;
74;1;101;1;3;1;13;1962;;
79;1;101;1;3;1;14;1961;;
80;1;101;1;3;1;14;1961;;
4;1;102;1;3;1;13;NULL;;
6;1;102;1;3;1;13;NULL;;
7;1;102;1;3;1;13;NULL;;
8;1;102;1;3;1;13;NULL;;
1;1;109;2;1;1;14;NULL;;
2;1;109;2;1;1;14;NULL;;
3;1;109;1;1;1;14;NULL;;
5;1;109;2;3;1;14;NULL;;
82;1;101;1;3;1;13;1975;;
83;1;101;1;3;1;13;1975;;
84;1;101;1;3;1;13;1979;;
85;1;101;1;3;1;13;1978;;
86;1;101;1;3;1;13;1977;;
19;1;102;1;3;1;13;NULL;;
2;1;104;1;1;2;14;1982;;
3;1;104;1;3;1;14;1977;;
4;1;104;1;3;1;14;1983;;
5;1;104;1;3;1;14;1988;;
11;1;109;1;3;1;14;NULL;;
12;1;109;1;3;1;14;NULL;;
13;1;109;1;3;1;14;NULL;;
21;1;102;1;3;1;14;NULL;;
22;1;102;1;3;1;14;NULL;;
23;1;102;1;3;1;14;NULL;;
24;1;102;1;3;1;14;NULL;;
29;1;112;1;1;1;15;1989;;
30;1;112;1;1;1;15;1982;;
6;1;65;1;1;1;14;1989;;
12;1;31;1;3;1;14;NULL;;
31;1;112;2;1;1;15;NULL;;
32;1;112;1;1;1;13;NULL;;
36;1;102;1;3;1;14;NULL;;
37;1;102;1;3;1;14;NULL;;
21;1;113;1;5;1;13;1983;;
22;1;113;1;3;14;13;1992;;
25;1;102;1;3;1;14;NULL;;
11;1;36;1;3;1;13;1984;;
13;1;36;1;3;1;13;1977;;
14;1;36;1;3;1;14;1982;;
15;1;36;1;3;1;13;1985;;
26;1;102;1;3;1;14;NULL;;
38;1;102;1;3;1;14;NULL;;
39;1;102;1;3;1;14;NULL;;
16;1;36;2;3;1;14;1992;;
17;1;36;1;3;1;13;1965;;
27;1;102;1;3;1;14;NULL;;
41;1;102;1;3;1;14;1957;;
42;1;102;1;3;1;14;1979;;
43;1;102;1;3;1;14;1992;;
23;1;113;1;3;1;13;1975;;
28;1;102;1;3;1;14;NULL;;
45;1;102;1;3;1;14;NULL;;
46;1;102;1;3;1;14;NULL;;
47;1;102;1;3;1;14;1982;;
48;1;102;1;3;1;14;NULL;;
29;1;102;1;3;1;14;NULL;;
30;1;102;1;3;1;14;1961;;
31;1;102;1;3;1;14;NULL;;
32;1;102;2;3;1;14;NULL;;
33;1;102;1;3;2;15;NULL;;
34;1;102;1;3;1;14;NULL;;
27;1;113;1;5;1;14;1982;;
1;1;115;1;3;1;13;1983;;
2;1;115;1;3;1;14;1988;;
3;1;115;2;3;1;14;1983;;
4;1;115;1;3;1;14;1983;;
20;1;113;1;3;1;13;1988;;
32;1;98;1;3;1;14;1991;;
6;1;105;1;3;1;13;NULL;;
9;1;105;1;3;1;14;NULL;;
10;1;105;1;3;1;14;NULL;;
21;1;105;1;3;1;13;NULL;;
22;1;105;1;3;1;14;NULL;;
34;1;98;1;3;1;14;1986;;
23;1;105;1;3;1;15;NULL;;
24;1;105;2;3;1;14;NULL;;
25;1;105;1;3;1;14;NULL;;
26;1;105;1;3;1;13;NULL;;
26;1;101;1;1;1;14;1972;;
14;1;95;1;3;1;13;1965;;
15;1;95;1;3;1;13;1985;;
11;1;115;1;3;1;14;1966;;
16;1;95;1;3;1;13;NULL;;
17;1;95;1;3;1;13;NULL;;
18;1;95;1;3;1;13;1973;;
28;1;105;1;3;1;13;NULL;;
29;1;105;1;3;1;13;NULL;;
30;1;105;1;3;1;13;NULL;;
31;1;105;1;3;1;14;NULL;;
27;1;101;1;1;1;14;1977;;
11;1;105;1;3;1;14;NULL;;
13;1;105;1;3;1;13;NULL;;
14;1;105;1;3;1;14;NULL;;
15;1;105;1;3;1;14;NULL;;
29;1;101;1;1;1;13;1978;;
16;1;105;1;3;1;14;NULL;;
17;1;105;1;3;1;14;NULL;;
19;1;105;1;3;1;14;NULL;;
20;1;105;1;3;1;14;NULL;;
30;1;101;1;1;1;13;1969;;
31;1;101;1;3;1;13;1970;;
32;1;101;1;3;1;14;1983;;
33;1;101;1;3;1;14;1969;;
35;1;101;1;3;1;14;1969;;
36;1;101;1;3;1;14;1977;;
37;1;101;1;3;1;14;1960;;
38;1;101;1;3;1;14;1960;;
39;1;101;1;3;1;14;1969;;
40;1;101;1;3;1;14;1969;;
42;1;101;1;3;1;14;1969;;
43;1;101;1;3;1;14;1956;;
44;1;101;1;3;1;14;1971;;
45;1;101;1;3;1;14;1905;;
46;1;101;1;3;1;14;1959;;
47;1;101;1;3;1;14;1969;;
32;1;105;1;3;1;14;NULL;;
1;1;106;1;3;1;14;29/06/1985;;
2;1;106;1;3;1;14;31/12/1972;;
3;1;106;1;3;2;14;26/12/1978;;
4;1;106;1;3;1;14;NULL;;
49;1;101;1;3;1;14;1977;;
2;1;97;1;3;1;15;1965;;
3;1;97;1;3;1;14;NULL;;
4;1;97;1;3;1;15;1966;;
5;1;97;1;3;1;14;NULL;;
6;1;97;1;3;1;14;1963;;
9;1;115;1;3;1;14;1957;;
75;1;101;1;3;1;13;1969;;
76;1;101;1;3;1;14;1962;;
77;1;101;1;3;1;14;1960;;
78;1;101;1;3;1;14;22/05/1905;;
8;1;106;1;3;1;14;11/11/1992;;
64;1;101;1;3;1;14;1969;;
66;1;101;1;3;1;14;1972;;
67;1;101;1;3;1;14;1971;;
68;1;101;1;3;1;14;1958;;
6;1;109;1;3;1;14;NULL;;
7;1;109;1;3;1;14;NULL;;
8;1;109;1;3;1;14;NULL;;
10;1;109;1;3;1;14;NULL;;
81;1;101;1;3;1;13;1975;;
9;1;106;1;3;1;14;vers 1977                                                                                           ;;
69;1;101;1;3;1;14;1975;;
70;1;101;1;3;1;14;1975;;
1;1;102;1;3;1;12;1961;;
3;1;102;1;3;1;13;NULL;;
10;1;106;1;3;1;14;14/10/1998;;
9;1;102;1;3;1;13;NULL;;
10;1;102;1;3;1;13;NULL;;
11;1;102;1;3;1;13;NULL;;
12;1;102;1;3;1;13;NULL;;
9;1;99;2;1;1;15;1984;;
10;1;99;1;1;1;15;1973;;
13;1;96;1;3;1;14;1963;;
10;1;100;1;1;1;14;1984;;
1;1;77;1;1;1;13;1967;;
2;1;77;1;1;1;13;1980;;
4;1;77;1;1;1;14;1994;;
14;1;96;1;3;1;14;1966;;
15;1;96;1;3;1;14;1962;;
16;1;96;1;3;1;14;1963;;
17;1;96;1;3;1;14;1977;;
18;1;96;1;3;1;14;1961;;
20;1;96;1;3;1;14;1988;;
21;1;96;1;3;1;14;1986;;
22;1;96;1;3;1;14;1970;;
23;1;96;1;3;1;14;1981;;
24;1;96;1;3;1;14;1966;;
25;1;96;1;3;1;14;1977;;
1;1;98;1;3;1;12;1970;;
2;1;98;1;3;1;14;1975;;
3;1;98;1;3;1;14;1984;;
4;1;98;1;3;1;14;1980;;
5;1;98;1;3;1;14;1992;;
28;1;96;1;3;1;14;1968;;
51;1;101;1;3;1;14;1962;;
14;1;102;1;3;1;13;NULL;;
15;1;102;1;3;1;13;NULL;;
16;1;102;1;3;1;13;NULL;;
17;1;102;1;3;1;13;NULL;;
18;1;102;1;3;1;13;NULL;;
30;1;96;1;3;1;14;1975;;
11;1;99;1;1;1;14;1971;;
12;1;99;1;1;1;14;1973;;
13;1;99;2;1;1;14;1964;;
14;1;99;2;1;1;14;1974;;
15;1;99;1;2;1;14;1984;;
2;1;100;1;3;1;14;1972;;
3;1;100;1;3;2;14;1987;;
4;1;100;1;3;1;14;1973;;
8;1;98;1;3;1;14;1979;;
9;1;98;1;3;1;14;1987;;
10;1;98;1;3;1;14;1975;;
6;1;77;1;3;1;13;NULL;;
7;1;77;1;3;1;13;1980;;
8;1;77;1;3;1;13;1991;;
9;1;77;2;3;1;14;1978;;
10;1;77;1;3;1;13;                                                                                                    ;;
11;1;77;1;1;1;13;1976;;
13;1;77;1;1;1;14;1983;;
14;1;77;1;1;1;14;NULL;;
11;1;100;1;1;1;14;1992;;
12;1;100;1;3;1;14;1974;;
13;1;100;1;3;1;14;1992;;
14;1;100;1;3;1;14;1987;;
11;1;98;2;3;1;14;1992;;
26;1;98;1;3;1;14;1999;;
27;1;98;1;3;1;14;0;;
28;1;98;1;3;1;14;1998;;
29;1;98;1;3;1;14;1997;;
30;1;98;2;3;1;14;1990;;
11;1;101;1;1;1;14;1975;;
12;1;101;1;1;1;14;1969;;
13;1;101;1;1;1;14;1952;;
14;1;101;1;1;1;14;1969;;
15;1;101;1;1;1;14;1984;;
13;1;98;1;3;1;14;1981;;
53;1;101;1;3;1;14;1969;;
54;1;101;1;3;1;14;1969;;
55;1;101;2;3;1;14;1972;;
56;1;101;1;3;1;13;1978;;
57;1;101;1;3;1;14;1959;;
58;1;101;1;3;1;14;1969;;
17;1;101;1;1;1;14;1978;;
18;1;101;1;1;1;14;1971;;
19;1;101;1;1;1;14;1977;;
20;1;101;1;1;1;14;1964;;
15;1;98;1;3;1;14;1987;;
16;1;98;1;3;1;14;1990;;
18;1;98;1;3;1;13;1992;;
19;1;98;1;3;1;15;1995;;
20;1;98;1;3;1;15;1987;;
1;1;101;1;1;1;14;1975;;
2;1;101;1;1;1;14;1977;;
3;1;101;1;1;1;14;1979;;
66;1;33;1;3;1;14;NULL;;
67;1;33;1;3;1;14;NULL;;
68;1;33;1;3;1;14;NULL;;
69;1;33;1;3;1;14;NULL;;
70;1;33;1;3;1;14;NULL;;
8;1;113;1;3;1;13;1968;;
10;1;113;1;3;1;13;1983;;
11;1;113;1;3;1;13;1985;;
12;1;113;1;5;1;14;1974;;
71;1;33;2;3;1;14;NULL;;
31;1;16;1;1;1;13;1980;;
32;1;16;1;1;1;13;1970;;
34;1;16;1;2;1;14;1991;;
35;1;16;1;1;1;13;1966;;
72;1;33;1;3;1;14;NULL;;
73;1;33;1;3;1;14;NULL;;
21;1;16;1;3;1;13;1973;;
22;1;16;1;3;1;13;1977;;
24;1;16;1;3;1;13;1974;;
28;1;16;2;3;1;13;1988;;
36;1;16;1;1;1;13;1983;;
37;1;16;1;1;1;13;1989;;
38;1;16;1;1;1;13;1965;;
39;1;16;1;1;1;13;1981;;
24;1;113;1;3;1;13;1987;;
25;1;113;1;3;1;14;1978;;
26;1;113;1;1;1;14;1986;;
25;1;16;1;3;1;13;1959;;
26;1;16;1;3;1;13;1980;;
27;1;16;1;3;1;13;1989;;
42;1;16;1;3;1;13;1964;;
43;1;16;1;3;1;14;1989;;
44;1;16;1;3;1;14;1974;;
45;1;16;1;3;1;14;1973;;
46;1;16;1;3;1;13;1972;;
27;1;96;1;3;1;14;1961;;
5;1;101;1;1;1;14;1983;;
6;1;101;1;1;1;14;1983;;
7;1;101;1;1;1;14;1984;;
8;1;101;1;3;1;14;1961;;
9;1;101;1;3;1;14;                                                                                                    ;;
10;1;101;1;3;1;14;1974;;
32;1;96;1;3;1;14;1978;;
33;1;96;1;3;1;14;1980;;
6;1;98;1;3;1;14;1994;;
7;1;98;1;3;1;14;1986;;
14;1;98;1;3;1;14;1993;;
21;1;98;1;3;1;14;1990;;
23;1;98;1;3;1;14;1984;;
24;1;98;1;3;1;14;1985;;
25;1;98;1;3;1;14;1990;;
28;1;101;1;1;1;13;1969;;
1;1;105;1;3;1;14;NULL;;
2;1;105;1;3;1;14;NULL;;
4;1;105;1;3;1;14;NULL;;
5;1;105;1;3;1;14;NULL;;
5;1;106;1;3;1;14;01/01/1984;;
11;1;106;1;3;1;14;23/03/1998;;
12;1;106;1;3;1;13;01/01/1985;;
13;1;106;1;3;1;14;13/10/1988;;
15;1;106;1;3;1;14;Vers 1970                                                                                           ;;
6;1;106;1;3;1;14;Vers 1968                                                                                           ;;
16;1;106;1;3;1;13;10/17/1997                                                                                          ;;
17;1;106;1;3;1;14;07/09/4670;;
18;1;106;1;3;1;14;17/10/1994;;
19;1;106;1;3;1;14;10/02/1985;;
7;1;106;1;3;1;13;01/01/1988;;
21;1;106;1;3;1;14;29/11.1995                                                                                          ;;
22;1;106;1;3;1;14;03/10/1992;;
61;1;101;1;3;1;14;1977;;
62;1;101;2;3;1;14;1967;;
63;1;101;1;3;1;14;1969;;
1;1;99;1;1;1;14;1973;;
2;1;99;1;1;1;14;1963;;
3;1;99;1;1;1;14;1969;;
4;1;99;1;1;1;14;1964;;
5;1;99;2;1;1;14;1981;;
5;1;96;1;3;1;14;1965;;
24;1;93;1;3;1;12;1986;;
25;1;93;1;3;1;14;1983;;
26;1;93;1;3;1;13;1964;;
27;1;93;1;3;1;14;1977;;
28;1;93;1;3;1;14;NULL;;
29;1;93;1;3;1;12;1977;;
8;1;105;1;3;1;14;NULL;;
31;1;98;1;3;1;14;1990;;
21;1;101;1;1;1;14;1969;;
22;1;101;1;1;1;13;1969;;
23;1;101;1;1;1;14;1972;;
24;1;101;1;1;1;13;27/05/1905;;
16;1;94;1;3;1;13;08/12/1994;;
17;1;94;1;3;1;13;23/11/1998;;
18;1;94;1;3;1;14;16/09/1993;;
19;1;94;2;3;1;13;05/10/1996;;
30;1;93;1;3;1;14;1996;;
51;1;33;1;3;1;14;NULL;;
53;1;33;1;3;1;14;NULL;;
54;1;33;1;3;1;14;NULL;;
55;1;33;1;3;1;14;NULL;;
8;1;115;2;3;1;14;15/06/1905;;
1;1;94;2;1;1;14;16/09/1985;;
2;1;94;1;3;1;14;12/02/2000;;
4;1;94;1;3;1;13;01/01/1993;;
5;1;94;2;2;1;15;31/12/1978;;
6;1;113;1;3;12;13;1985;;
7;1;113;1;3;1;13;1981;;
11;1;94;1;3;1;15;VERS 1983                                                                                           ;;
12;1;94;1;3;1;14;VERS 1984                                                                                           ;;
14;1;94;2;3;1;13;26/11/1994;;
6;1;94;2;3;1;15;19/10/1986;;
7;1;94;1;3;1;14;06/09/1992;;
8;1;94;1;3;1;13;22/03/1996;;
9;1;94;1;3;1;14;28/07/1962;;
10;1;94;1;3;1;14;VERS 1986                                                                                           ;;
20;1;94;1;3;1;13;01/01/1997;;
1;1;16;1;1;1;13;1967;;
2;1;16;1;1;1;13;1966;;
3;1;16;1;1;1;13;1966;;
4;1;16;1;1;1;13;1972;;
5;1;16;1;1;1;13;1968;;
11;1;16;1;3;1;14;1972;;
12;1;16;1;3;1;14;                                                                                                    ;;
13;1;16;1;3;1;13;1982;;
14;1;16;1;3;1;13;1973;;
15;1;16;1;3;14;13;1965;;
7;1;16;1;1;1;13;1973;;
7;1;96;1;3;1;14;1985;;
8;1;96;1;3;1;14;1975;;
9;1;96;1;3;1;14;1980;;
10;1;96;1;3;1;14;1963;;
11;1;96;1;3;1;14;1979;;
5;1;100;1;3;8;14;1989;;
16;1;113;1;3;1;13;NULL;;
17;1;113;1;3;1;13;1997;;
18;1;113;1;3;12;15;1997;;
41;1;16;1;3;1;13;1988;;
8;1;16;1;1;1;13;1988;;
9;1;16;1;1;1;13;10/06/1905;;
21;1;94;1;3;1;13;01/01/1997;;
22;1;94;1;3;1;13;03/04/1985;;
23;1;94;1;3;1;14;VERS 1974                                                                                           ;;
61;1;33;1;3;1;14;NULL;;
62;1;33;1;3;1;14;NULL;;
63;1;33;1;3;1;14;NULL;;
65;1;33;1;3;1;14;NULL;;
24;1;94;1;3;1;14;VERS 1961                                                                                           ;;
25;1;94;1;3;1;13;29/01/1988;;
26;1;94;1;1;1;13;06/05/1992;;
27;1;94;1;3;1;14;01/01/1994;;
28;1;94;1;3;1;14;04/04/1988;;
30;1;94;2;3;1;14;16/01/1987;;
31;1;94;1;3;1;14;VERS 1987                                                                                           ;;
47;1;16;1;3;1;13;1989;;
1;1;96;1;3;8;14;1976;;
2;1;96;1;3;1;14;1971;;
3;1;96;1;3;1;14;15/05/1905;;
32;1;94;2;3;1;15;22/04/1984;;
33;1;94;1;3;1;14;VERS 1999                                                                                           ;;
34;1;94;1;3;1;14;VERS 1964                                                                                           ;;
35;1;94;1;3;1;14;VERS 1982                                                                                           ;;
36;1;94;1;3;1;13;ERS 1990                                                                                            ;;
37;1;94;1;3;1;13;VERS 1992                                                                                           ;;
3;1;113;1;1;1;13;1985;;
63;1;91;1;3;1;13;NULL;;
64;1;91;1;3;1;13;NULL;;
65;1;91;1;3;2;13;NULL;;
66;1;91;2;3;1;14;NULL;;
67;1;91;1;3;1;13;NULL;;
69;1;91;1;3;1;13;NULL;;
70;1;91;2;3;1;14;NULL;;
1;1;86;1;1;1;13;1953;;
1;1;92;1;3;1;14;1976;;
2;1;92;1;3;1;14;1988;;
3;1;92;1;3;1;14;1980;;
21;1;83;1;1;1;13;NULL;;
22;1;83;1;1;1;13;NULL;;
23;1;83;2;1;1;13;NULL;;
24;1;83;1;1;12;13;1979;;
25;1;83;1;1;1;13;1971;;
26;1;83;1;1;1;13;1969;;
39;1;94;2;1;1;15;VERS 1982                                                                                           ;;
40;1;94;1;1;1;15;VERS 1964                                                                                           ;;
16;1;16;1;3;14;13;1970;;
17;1;16;1;3;14;13;1967;;
18;1;16;1;3;1;13;1983;;
19;1;16;1;3;1;13;1966;;
28;1;83;1;1;1;13;NULL;;
4;1;92;1;3;1;14;1976;;
5;1;92;1;3;1;14;1988;;
6;1;92;1;3;1;14;1973;;
7;1;92;1;3;1;14;1970;;
8;1;92;1;3;1;14;1986;;
10;1;92;1;3;1;14;1952;;
11;1;92;1;3;1;14;1952;;
12;1;92;2;3;1;14;1987;;
13;1;92;1;3;2;14;1966;;
14;1;92;1;3;1;14;1978;;
15;1;92;1;3;1;14;1982;;
17;1;92;1;3;1;14;1990;;
18;1;92;1;3;2;14;1989;;
19;1;92;1;3;2;14;1987;;
20;1;92;1;3;1;14;1970;;
21;1;92;1;3;1;14;1996;;
22;1;92;1;3;1;14;1982;;
24;1;92;1;3;1;14;NULL;;
1;1;93;1;3;1;12;NULL;;
16;1;93;1;3;1;14;NULL;;
17;1;93;1;3;1;14;NULL;;
18;1;93;1;3;1;14;NULL;;
19;1;93;1;3;1;14;NULL;;
2;1;93;1;3;1;12;NULL;;
11;1;93;1;3;1;13;NULL;;
12;1;93;1;3;1;13;1988;;
13;1;93;1;3;1;13;NULL;;
14;1;93;1;3;1;14;NULL;;
15;1;93;1;3;1;14;NULL;;
4;1;93;1;3;1;13;NULL;;
5;1;93;1;3;1;13;NULL;;
6;1;93;1;3;1;13;1974;;
7;1;93;1;3;1;13;NULL;;
8;1;93;1;3;1;13;NULL;;
9;1;93;1;3;1;13;1999;;
7;1;100;1;3;1;14;1979;;
8;1;100;1;3;8;13;1981;;
9;1;100;1;3;1;14;1970;;
12;1;96;1;3;8;14;1965;;
6;1;99;1;1;1;14;1968;;
7;1;99;1;1;1;14;1973;;
43;1;33;2;3;1;13;NULL;;
44;1;33;1;3;1;13;NULL;;
45;1;33;1;3;1;13;NULL;;
46;1;33;1;3;1;13;NULL;;
47;1;33;1;3;1;13;NULL;;
48;1;33;1;3;1;13;NULL;;
50;1;33;1;3;1;13;NULL;;
25;1;92;1;3;2;13;1989;;
26;1;92;1;3;1;13;1987;;
27;1;92;1;3;2;14;1984;;
28;1;92;1;3;1;14;1990;;
29;1;92;1;3;1;14;1968;;
31;1;92;1;3;1;14;1971;;
32;1;92;1;3;1;14;1988;;
33;1;92;1;3;1;14;1989;;
34;1;92;1;3;1;14;1983;;
35;1;92;1;3;1;14;1962;;
36;1;92;1;3;1;14;1964;;
14;1;90;1;1;1;13;1971;;
15;1;90;1;1;1;14;1982;;
16;1;90;1;1;1;13;1982;;
17;1;90;1;1;1;14;1978;;
18;1;90;1;2;1;13;1978;;
19;1;90;1;3;1;13;1950;;
21;1;90;1;3;1;14;1978;;
22;1;90;1;3;1;14;1977;;
23;1;90;1;5;1;14;1987;;
9;1;83;1;1;1;13;NULL;;
10;1;83;1;1;1;13;NULL;;
11;1;83;1;1;1;13;1979;;
13;1;83;2;1;1;13;NULL;;
24;1;90;1;1;1;14;1988;;
14;1;83;1;1;1;13;NULL;;
15;1;83;1;1;1;13;1969;;
16;1;83;1;1;1;13;NULL;;
17;1;83;1;1;1;13;NULL;;
25;1;90;1;1;1;13;1980;;
26;1;90;1;1;1;13;1981;;
27;1;90;1;3;1;14;1960;;
28;1;90;1;1;1;14;1981;;
29;1;90;1;3;1;14;1956;;
30;1;90;1;1;1;13;1976;;
32;1;91;1;3;8;14;NULL;;
33;1;91;2;3;1;14;NULL;;
34;1;91;1;3;1;13;NULL;;
35;1;91;1;3;1;13;NULL;;
36;1;91;1;3;1;13;NULL;;
12;1;91;2;1;2;13;NULL;;
32;1;93;1;3;1;14;NULL;;
21;1;93;1;3;1;14;NULL;;
33;1;93;1;3;1;14;1977;;
34;1;93;1;3;1;14;1996;;
35;1;93;1;3;1;14;1993;;
56;1;33;1;3;1;14;NULL;;
14;1;91;1;1;12;13;NULL;;
15;1;91;1;3;12;14;NULL;;
16;1;91;2;3;1;14;NULL;;
17;1;91;2;3;1;14;NULL;;
18;1;91;1;3;1;14;NULL;;
19;1;91;2;3;1;14;NULL;;
21;1;91;1;3;2;13;NULL;;
22;1;91;1;3;8;14;NULL;;
23;1;91;1;3;2;13;NULL;;
24;1;91;1;3;1;13;NULL;;
71;1;91;1;3;1;14;NULL;;
3;1;86;1;1;1;13;1985;;
5;1;86;1;1;1;14;1992;;
6;1;86;2;1;1;15;1951;;
25;1;91;1;3;1;13;NULL;;
7;1;86;2;1;1;15;1947;;
1;1;83;2;1;1;13;1969;;
2;1;83;1;1;1;13;1968;;
4;1;83;2;1;1;13;NULL;;
26;1;91;1;3;2;14;NULL;;
27;1;91;2;3;1;14;NULL;;
28;1;91;1;3;1;14;NULL;;
29;1;91;1;3;1;14;NULL;;
30;1;91;1;3;2;14;NULL;;
37;1;91;2;3;1;14;NULL;;
38;1;91;1;3;1;13;NULL;;
39;1;91;1;3;1;14;NULL;;
40;1;91;2;3;1;14;NULL;;
41;1;91;1;3;1;13;NULL;;
42;1;91;1;3;1;13;NULL;;
44;1;91;1;3;1;14;NULL;;
45;1;91;1;3;1;14;NULL;;
46;1;91;2;3;1;14;NULL;;
47;1;91;2;3;1;14;NULL;;
48;1;91;1;3;1;13;NULL;;
49;1;91;1;3;1;13;NULL;;
22;1;93;1;3;1;14;1968;;
58;1;33;1;3;1;14;NULL;;
59;1;33;1;3;1;14;NULL;;
60;1;33;2;3;1;14;NULL;;
4;1;113;1;1;1;14;1987;;
5;1;113;1;3;12;13;1980;;
51;1;91;1;3;1;14;NULL;;
52;1;91;2;3;1;14;NULL;;
53;1;91;1;3;1;13;NULL;;
54;1;91;1;3;1;13;NULL;;
55;1;91;2;3;1;14;NULL;;
56;1;91;1;3;1;14;NULL;;
61;1;66;1;3;1;14;NULL;;
62;1;66;1;3;1;14;NULL;;
63;1;66;1;3;1;13;NULL;;
64;1;66;1;3;1;13;NULL;;
83;1;66;1;3;1;14;NULL;;
112;1;66;1;3;1;13;NULL;;
114;1;66;1;3;1;13;NULL;;
115;1;66;2;3;1;13;NULL;;
116;1;66;1;3;1;13;NULL;;
84;1;66;1;3;1;14;NULL;;
85;1;66;1;3;1;13;NULL;;
86;1;66;1;3;1;13;NULL;;
88;1;66;1;3;1;13;NULL;;
89;1;66;1;3;1;13;NULL;;
90;1;66;1;3;1;13;NULL;;
91;1;66;1;3;1;14;NULL;;
92;1;66;1;3;1;13;NULL;;
93;1;66;1;3;1;13;NULL;;
95;1;66;1;3;1;13;NULL;;
96;1;66;1;3;1;13;NULL;;
97;1;66;1;3;1;13;NULL;;
98;1;66;2;3;1;13;NULL;;
99;1;66;1;3;1;14;NULL;;
100;1;66;1;3;1;13;NULL;;
110;1;66;2;3;1;14;NULL;;
1;1;89;1;3;1;14;30/09/1992;;
2;1;89;1;3;2;13;06/11/1987;;
3;1;89;1;3;1;14;01/01/2000;;
4;1;89;1;3;2;14;09/08/1989;;
5;1;89;1;1;1;14;23/05/1991;;
6;1;89;1;1;2;14;09/02/1981;;
7;1;89;1;3;1;14;10/01/1990;;
8;1;89;1;3;1;14;03/01/1969;;
9;1;89;1;1;2;14;01/01/1965;;
10;1;89;1;1;1;14;13/05/1984;;
118;1;66;1;3;1;13;NULL;;
58;1;91;1;3;1;14;NULL;;
59;1;91;1;3;1;14;NULL;;
60;1;91;1;3;2;14;NULL;;
61;1;91;1;3;1;14;NULL;;
2;1;86;1;1;1;15;1952;;
8;1;86;2;1;1;15;1952;;
12;1;86;2;1;1;15;1980;;
13;1;86;2;1;1;15;1981;;
14;1;86;2;1;1;15;1986;;
15;1;86;2;1;1;15;1988;;
119;1;66;1;3;1;13;NULL;;
120;1;66;1;3;1;13;NULL;;
122;1;66;2;3;1;13;NULL;;
123;1;66;1;3;1;14;NULL;;
124;1;66;1;3;1;13;NULL;;
125;1;66;1;3;1;14;NULL;;
126;1;66;1;3;1;14;NULL;;
127;1;66;1;3;1;13;NULL;;
129;1;66;1;3;1;14;NULL;;
130;1;66;1;3;1;13;NULL;;
131;1;66;2;3;1;13;NULL;;
132;1;66;1;3;1;14;NULL;;
11;1;89;1;3;1;14;01/02/1994;;
12;1;89;2;3;1;14;NULL;;
1;1;90;1;1;1;13;1977;;
2;1;90;1;2;1;14;1973;;
3;1;90;1;2;1;13;1983;;
4;1;90;1;2;1;14;1965;;
5;1;90;1;1;1;14;1976;;
6;1;90;1;1;1;13;1976;;
8;1;90;1;1;1;14;1986;;
16;1;86;1;1;1;15;1997;;
5;1;83;1;1;1;13;NULL;;
6;1;83;1;1;1;13;NULL;;
7;1;83;1;1;1;13;NULL;;
8;1;83;1;1;1;13;1979;;
1;1;91;1;1;1;14;NULL;;
2;1;91;2;1;1;14;NULL;;
3;1;91;1;1;2;14;NULL;;
4;1;91;1;1;2;14;NULL;;
5;1;91;1;1;2;14;NULL;;
10;1;90;2;1;1;15;1980;;
27;1;85;1;3;1;14;1986;;
41;1;81;1;3;1;13;NULL;;
42;1;81;1;3;1;14;NULL;;
43;1;81;1;3;1;13;NULL;;
44;1;81;1;3;1;14;NULL;;
45;1;81;1;3;1;13;NULL;;
29;1;85;1;3;1;14;1986;;
30;1;85;1;3;1;14;1996;;
21;1;81;1;3;1;13;NULL;;
22;1;81;1;3;1;13;NULL;;
23;1;81;1;3;1;13;NULL;;
24;1;81;1;3;1;13;NULL;;
10;1;86;1;1;1;15;1956;;
19;1;83;1;1;1;14;NULL;;
62;1;91;1;3;1;13;NULL;;
18;1;36;1;3;1;13;1993;;
19;1;36;2;3;1;13;NULL;;
1;1;113;1;1;1;13;1986;;
26;1;81;2;3;2;14;NULL;;
27;1;81;1;3;1;13;NULL;;
28;1;81;1;3;1;13;NULL;;
29;1;81;1;3;1;13;NULL;;
30;1;81;1;3;1;13;NULL;;
41;1;85;1;3;1;14;1993;;
32;1;81;1;3;1;13;NULL;;
33;1;81;1;3;1;14;NULL;;
34;1;81;2;3;1;15;NULL;;
35;1;81;1;3;1;15;NULL;;
36;1;81;1;3;1;13;NULL;;
37;1;81;1;3;1;13;NULL;;
39;1;81;1;3;1;13;NULL;;
40;1;81;1;3;1;14;NULL;;
46;1;81;1;3;1;14;NULL;;
47;1;81;1;3;1;13;NULL;;
48;1;81;1;3;1;13;NULL;;
49;1;81;1;2;1;13;NULL;;
1;1;66;1;3;1;13;1971;;
2;1;66;1;3;1;13;1982;;
3;1;66;2;3;1;14;1980;;
4;1;66;1;3;1;13;1981;;
5;1;66;1;3;1;13;1982;;
6;1;66;1;3;1;14;1977;;
8;1;66;2;3;1;14;NULL;;
51;1;81;1;2;1;13;NULL;;
52;1;81;1;1;14;14;NULL;;
16;1;66;1;3;1;14;NULL;;
17;1;66;1;3;1;14;NULL;;
18;1;66;1;3;1;14;NULL;;
10;1;66;1;3;1;13;NULL;;
25;1;66;1;3;1;13;NULL;;
26;1;66;1;3;1;14;NULL;;
27;1;66;1;3;1;13;NULL;;
28;1;66;1;3;1;13;NULL;;
19;1;66;1;3;1;13;NULL;;
7;1;91;1;1;1;13;NULL;;
8;1;91;2;1;1;14;NULL;;
9;1;91;1;1;1;13;NULL;;
10;1;91;1;1;1;14;NULL;;
11;1;90;1;1;1;14;1980;;
12;1;90;1;1;1;14;1981;;
21;1;66;1;3;1;13;NULL;;
22;1;66;1;3;1;14;NULL;;
23;1;66;2;3;1;13;NULL;;
24;1;66;1;3;1;13;NULL;;
32;1;66;1;3;1;13;NULL;;
41;1;66;1;3;1;13;NULL;;
43;1;66;2;3;1;13;NULL;;
44;1;66;1;3;1;14;NULL;;
45;1;66;1;3;1;14;NULL;;
33;1;66;1;3;1;13;NULL;;
34;1;66;1;3;1;14;NULL;;
35;1;66;1;3;1;13;NULL;;
37;1;66;1;3;1;13;NULL;;
38;1;66;1;3;1;13;NULL;;
39;1;66;1;3;1;14;NULL;;
40;1;66;1;3;1;13;NULL;;
65;1;66;1;3;1;14;NULL;;
66;1;66;1;3;1;13;NULL;;
68;1;66;1;3;1;14;NULL;;
46;1;66;2;3;1;14;NULL;;
47;1;66;1;3;1;13;NULL;;
48;1;66;1;3;1;13;NULL;;
49;1;66;1;3;2;13;1988;;
50;1;66;1;3;1;13;NULL;;
25;1;78;1;3;1;15;NULL;;
26;1;78;1;3;1;15;NULL;;
27;1;78;1;3;1;15;NULL;;
28;1;78;1;3;1;15;NULL;;
29;1;78;1;3;1;15;NULL;;
30;1;78;1;3;1;15;NULL;;
2;1;87;1;3;1;12;1998;;
31;1;78;1;3;1;15;NULL;;
4;1;81;1;3;1;13;NULL;;
5;1;81;1;3;1;13;NULL;;
6;1;81;1;3;1;13;NULL;;
7;1;81;1;3;1;13;NULL;;
32;1;78;1;3;1;15;NULL;;
3;1;87;1;3;1;14;1993;;
4;1;87;1;1;1;14;1997;;
5;1;87;1;1;1;12;1999;;
6;1;87;1;1;1;14;1997;;
3;1;81;1;3;1;13;NULL;;
34;1;78;1;3;1;15;NULL;;
35;1;78;1;3;1;15;NULL;;
36;1;78;1;3;1;15;NULL;;
37;1;78;1;3;1;15;NULL;;
38;1;78;1;3;1;15;NULL;;
39;1;78;2;3;1;15;NULL;;
52;1;66;1;3;1;13;NULL;;
53;1;66;1;3;2;13;NULL;;
54;1;66;1;3;1;13;NULL;;
55;1;66;1;3;1;14;NULL;;
56;1;66;2;3;1;13;NULL;;
57;1;66;1;3;1;13;NULL;;
41;1;78;1;3;1;15;NULL;;
42;1;78;2;3;1;15;NULL;;
43;1;78;1;3;1;15;NULL;;
44;1;78;1;3;1;15;NULL;;
45;1;78;1;3;1;15;NULL;;
46;1;78;1;3;1;15;NULL;;
48;1;78;1;3;1;15;NULL;;
11;1;81;1;3;1;14;NULL;;
12;1;81;1;3;1;14;NULL;;
9;1;81;1;3;1;13;NULL;;
10;1;81;1;3;1;14;NULL;;
1;1;88;1;3;1;14;1963;;
3;1;88;2;1;14;14;1978;;
4;1;88;1;3;1;15;1977;;
5;1;88;1;3;1;14;1993;;
13;1;81;1;3;1;13;NULL;;
14;1;81;1;3;1;14;NULL;;
15;1;81;1;3;1;14;NULL;;
17;1;81;1;3;1;14;NULL;;
6;1;88;1;3;1;14;1993;;
18;1;81;1;3;1;14;NULL;;
19;1;81;1;3;1;14;NULL;;
20;1;81;1;3;1;14;NULL;;
21;1;85;2;3;1;13;1987;;
7;1;88;1;3;1;15;1992;;
8;1;88;1;1;1;13;1978;;
9;1;88;1;1;1;15;1991;;
10;1;88;2;3;1;15;1986;;
1;1;85;1;1;1;13;1984;;
2;1;85;2;1;1;14;1990;;
16;1;85;1;3;1;13;1974;;
17;1;85;1;3;1;13;1995;;
18;1;85;1;3;1;14;1995;;
19;1;85;1;3;1;13;1991;;
20;1;85;1;3;1;13;1985;;
4;1;85;1;1;1;13;1993;;
69;1;66;1;3;1;13;NULL;;
70;1;66;1;3;1;13;NULL;;
101;1;66;1;3;1;13;NULL;;
102;1;66;1;3;1;14;NULL;;
103;1;66;1;3;1;14;NULL;;
59;1;66;1;3;1;14;NULL;;
32;1;85;2;3;1;14;1956;;
33;1;85;1;3;1;13;1981;;
34;1;85;2;3;1;14;1989;;
35;1;85;1;3;1;14;1979;;
5;1;85;1;1;1;13;1986;;
6;1;85;1;3;1;13;1984;;
8;1;85;1;3;1;13;1984;;
9;1;85;1;3;1;13;1992;;
10;1;85;1;3;1;13;1993;;
11;1;88;1;3;1;14;1990;;
11;1;85;1;3;1;13;1985;;
12;1;85;1;3;1;14;1973;;
12;1;82;1;3;1;13;NULL;;
13;1;82;1;3;1;13;NULL;;
14;1;82;1;3;1;13;1979;;
15;1;82;1;1;1;13;NULL;;
1;1;79;1;3;1;14;NULL;;
16;1;82;1;3;1;13;1988;;
18;1;82;1;3;1;13;1995;;
19;1;82;1;3;1;14;1975;;
20;1;82;1;3;1;14;1968;;
2;1;79;1;3;1;14;NULL;;
3;1;79;1;3;1;14;NULL;;
4;1;79;1;3;1;14;NULL;;
6;1;79;1;3;1;14;NULL;;
7;1;79;1;3;1;14;NULL;;
8;1;79;1;3;1;14;NULL;;
9;1;79;1;3;1;14;NULL;;
10;1;79;1;3;1;14;NULL;;
11;1;79;1;3;1;14;NULL;;
13;1;79;1;3;1;14;NULL;;
28;1;71;2;3;1;14;1973;;
14;1;79;1;3;1;14;NULL;;
15;1;79;1;3;1;14;NULL;;
16;1;79;1;3;1;14;NULL;;
1;1;78;1;3;1;15;NULL;;
29;1;71;1;3;1;14;1988;;
3;1;78;1;3;1;15;NULL;;
4;1;78;1;3;1;15;NULL;;
5;1;78;1;3;1;15;NULL;;
6;1;78;1;3;1;15;NULL;;
7;1;78;1;3;1;15;NULL;;
41;1;71;1;3;1;14;1981;;
42;1;71;1;3;1;14;1971;;
43;1;71;1;3;1;14;1962;;
44;1;71;1;3;1;14;19947;;
45;1;71;2;1;1;14;1968;;
21;1;82;1;3;1;14;1961;;
14;1;85;1;3;1;14;1976;;
15;1;85;1;3;1;14;1986;;
12;1;88;1;3;1;14;1979;;
13;1;88;1;3;1;14;NULL;;
14;1;88;2;3;1;13;1975;;
23;1;85;1;3;1;14;1964;;
23;1;82;1;3;1;14;1970;;
24;1;82;1;3;1;14;1991;;
25;1;82;1;3;1;14;1990;;
26;1;82;1;3;1;14;1976;;
27;1;82;1;3;1;14;1976;;
46;1;71;1;3;1;14;1987;;
48;1;71;1;3;1;14;1963;;
49;1;71;2;3;1;14;1993;;
50;1;71;1;3;1;14;1968;;
8;1;78;1;3;1;15;NULL;;
9;1;78;1;3;1;15;NULL;;
10;1;78;1;3;1;15;NULL;;
14;1;78;1;3;1;15;NULL;;
15;1;78;1;3;1;15;NULL;;
31;1;71;1;3;1;13;1985;;
32;1;71;2;3;1;14;1971;;
33;1;71;2;3;1;14;2000;;
34;1;71;1;3;1;14;1996;;
36;1;71;1;3;1;14;1983;;
37;1;71;1;3;1;14;1982;;
38;1;71;2;3;1;14;1973;;
39;1;71;1;3;1;13;1992;;
40;1;71;1;1;1;14;1983;;
11;1;78;2;3;1;15;NULL;;
51;1;71;1;3;1;14;1968;;
52;1;71;2;3;1;14;1984;;
53;1;71;1;1;1;14;1991;;
54;1;71;1;3;1;14;1970;;
55;1;71;1;3;1;14;1992;;
56;1;71;1;3;1;14;1985;;
17;1;78;1;3;1;15;NULL;;
18;1;78;1;3;1;15;NULL;;
19;1;78;2;3;1;15;NULL;;
20;1;78;1;3;1;15;NULL;;
41;1;33;1;3;1;12;NULL;;
57;1;71;2;3;1;14;1988;;
30;1;68;1;3;1;14;NULL;;
1;1;70;1;1;1;13;1968;;
2;1;70;1;2;1;14;1992;;
3;1;70;1;2;1;14;1985;;
4;1;70;2;2;1;14;1980;;
21;1;76;1;1;1;14;1965;;
25;1;85;1;3;1;13;1998;;
26;1;85;1;3;1;14;1983;;
36;1;85;1;3;1;14;1986;;
37;1;85;1;3;1;14;1994;;
38;1;85;1;3;1;14;1994;;
39;1;85;1;3;1;14;1995;;
32;1;76;1;1;1;14;1985;;
35;1;33;2;3;1;14;NULL;;
36;1;33;2;3;1;14;NULL;;
37;1;33;1;3;1;14;NULL;;
22;1;76;1;3;1;14;1974;;
23;1;76;1;3;1;14;1975;;
25;1;76;1;3;1;14;1988;;
26;1;76;1;3;1;14;1975;;
27;1;76;1;3;1;14;1977;;
28;1;76;1;3;1;14;1983;;
29;1;76;1;3;1;14;1986;;
30;1;76;1;3;1;14;1990;;
32;1;68;1;3;1;13;NULL;;
33;1;68;1;3;1;13;NULL;;
34;1;68;1;3;12;13;NULL;;
35;1;68;1;3;1;14;NULL;;
31;1;33;1;3;1;14;NULL;;
32;1;33;1;3;1;14;NULL;;
34;1;33;2;3;1;14;NULL;;
38;1;33;2;3;1;14;NULL;;
11;1;70;1;2;14;13;1979;;
12;1;70;1;2;3;14;1990;;
13;1;70;1;1;1;14;1976;;
5;1;84;1;2;1;14;1970;;
39;1;33;1;3;1;14;NULL;;
7;1;84;1;2;1;14;1986;;
8;1;84;1;2;2;14;1989;;
9;1;84;1;2;1;14;1959;;
10;1;84;1;2;1;13;1982;;
1;1;82;1;3;1;12;NULL;;
2;1;71;1;3;1;13;1972;;
3;1;71;1;3;1;14;1987;;
4;1;71;1;3;1;14;1971;;
5;1;71;1;3;1;14;1982;;
6;1;71;1;3;1;13;1970;;
7;1;71;2;3;1;14;1995;;
62;1;71;2;2;1;14;1992;;
63;1;71;2;2;1;14;1953;;
64;1;71;1;3;1;14;1992;;
65;1;71;1;3;1;14;1992;;
58;1;71;2;3;1;14;1971;;
59;1;71;1;3;1;14;1993;;
9;1;71;1;1;1;14;1994;;
10;1;71;1;1;1;14;NULL;;
26;1;71;1;3;1;14;1977;;
27;1;71;1;3;1;14;1968;;
1;1;71;1;3;1;14;1991;;
11;1;71;1;3;1;14;200;;
13;1;71;1;1;1;14;1990;;
14;1;71;1;3;1;14;1970;;
15;1;71;1;3;1;14;1979;;
2;1;82;1;3;1;12;NULL;;
11;1;84;1;3;1;13;1970;;
12;1;84;1;3;1;13;1990;;
14;1;84;1;3;1;14;1972;;
15;1;84;1;3;1;14;1977;;
3;1;82;2;3;1;13;NULL;;
16;1;84;1;3;1;14;1988;;
17;1;84;2;3;1;13;1977;;
18;1;84;2;3;1;14;1970;;
20;1;84;1;3;1;14;1980;;
4;1;82;1;3;1;13;1979;;
5;1;82;1;3;1;13;1983;;
6;1;82;1;3;1;13;NULL;;
7;1;82;1;3;1;13;NULL;;
8;1;82;1;3;1;13;NULL;;
10;1;82;1;3;1;13;NULL;;
16;1;71;1;3;1;13;1980;;
17;1;71;1;3;1;14;1992;;
18;1;71;1;3;1;13;1962;;
19;1;71;1;3;1;14;1993;;
20;1;71;1;3;1;13;1980;;
27;1;33;1;3;1;13;NULL;;
6;1;75;1;3;1;14;1983;;
1;1;74;1;1;1;13;1950;;
2;1;74;1;1;1;13;1975;;
3;1;74;1;1;1;13;1976;;
4;1;74;1;1;1;13;1977;;
7;1;75;1;3;2;13;1989;;
6;1;76;1;3;1;14;1972;;
7;1;76;1;1;1;14;1978;;
8;1;76;1;3;1;14;1966;;
9;1;76;1;3;1;14;1977;;
10;1;76;1;3;1;14;1978;;
28;1;33;1;3;1;14;NULL;;
29;1;33;1;3;1;13;NULL;;
30;1;33;1;3;1;13;NULL;;
11;1;74;1;3;12;13;1961;;
12;1;74;1;3;1;13;1967;;
9;1;75;1;3;1;14;1980;;
21;1;71;2;3;1;13;1988;;
22;1;71;1;3;1;13;1985;;
23;1;71;1;3;1;13;1994;;
24;1;71;1;3;1;13;1970;;
25;1;71;1;3;1;13;1953;;
22;1;84;1;3;1;14;1985;;
14;1;74;1;3;12;13;1968;;
15;1;74;1;3;12;13;1981;;
16;1;74;1;3;1;13;1983;;
17;1;74;1;3;1;13;1979;;
6;1;74;1;1;1;13;1979;;
7;1;74;1;1;12;13;1986;;
9;1;74;1;1;12;13;1973;;
10;1;74;1;1;3;13;1967;;
1;1;68;1;1;1;14;NULL;;
2;1;68;1;1;1;14;NULL;;
3;1;68;1;1;1;14;NULL;;
4;1;68;1;1;1;14;NULL;;
6;1;68;1;1;1;14;NULL;;
7;1;68;1;1;1;14;NULL;;
8;1;68;1;1;1;14;NULL;;
1;1;76;1;3;1;14;1965;;
2;1;76;1;3;1;14;1991;;
3;1;76;1;3;1;14;1968;;
5;1;76;1;3;1;14;1980;;
9;1;68;1;1;1;14;NULL;;
25;1;68;1;3;1;14;NULL;;
26;1;68;1;3;1;14;NULL;;
27;1;68;1;3;1;14;NULL;;
28;1;68;1;3;1;14;NULL;;
10;1;68;1;1;1;14;NULL;;
18;1;74;1;3;12;13;1965;;
19;1;74;1;3;14;13;1965;;
20;1;74;1;3;1;13;1955;;
11;1;68;1;3;1;13;NULL;;
12;1;68;1;3;1;14;NULL;;
14;1;68;1;3;1;14;NULL;;
15;1;68;1;3;1;14;NULL;;
16;1;68;1;3;1;13;NULL;;
17;1;68;1;3;1;14;NULL;;
18;1;68;1;3;1;14;NULL;;
19;1;68;1;3;1;14;NULL;;
42;1;33;2;3;1;13;NULL;;
1;1;81;1;3;8;13;NULL;;
2;1;81;1;3;1;13;NULL;;
21;1;78;1;3;1;15;NULL;;
22;1;78;1;3;1;15;NULL;;
23;1;78;1;3;1;15;NULL;;
26;1;74;1;3;1;13;1982;;
27;1;74;1;3;14;13;1978;;
28;1;74;1;3;1;13;1982;;
29;1;74;1;3;1;13;1981;;
11;1;76;1;3;1;14;1969;;
30;1;74;1;3;1;13;1983;;
22;1;68;1;3;1;14;NULL;;
23;1;68;1;3;1;12;NULL;;
24;1;68;1;3;1;12;NULL;;
12;1;76;1;3;1;14;/1972                                                                                               ;;
21;1;74;1;3;1;13;1980;;
22;1;74;1;3;12;13;1966;;
24;1;74;1;3;3;13;1974;;
25;1;74;1;3;1;13;1978;;
13;1;76;1;3;1;14;1965;;
5;1;70;2;2;1;14;1982;;
6;1;70;1;2;2;14;1987;;
7;1;70;1;2;1;14;1993;;
5;1;64;1;3;1;13;NULL;;
6;1;64;1;3;1;13;NULL;;
7;1;64;1;3;1;13;NULL;;
8;1;64;2;3;1;13;NULL;;
9;1;64;1;3;1;13;NULL;;
10;1;64;1;3;1;13;NULL;;
12;1;1;2;1;1;13;1982;;
25;1;64;1;3;1;14;NULL;;
3;1;54;1;1;1;14;1994;;
4;1;54;1;1;1;14;NULL;;
5;1;54;1;3;2;13;NULL;;
6;1;54;1;3;1;14;NULL;;
8;1;54;1;3;1;14;NULL;;
9;1;54;1;3;1;14;NULL;;
26;1;64;1;3;1;13;NULL;;
27;1;64;1;3;1;14;NULL;;
28;1;64;1;3;1;13;NULL;;
29;1;64;1;3;1;14;NULL;;
10;1;54;1;3;1;14;NULL;;
11;1;54;1;3;1;14;NULL;;
21;1;64;1;3;1;14;NULL;;
22;1;64;2;3;1;14;NULL;;
23;1;64;1;3;1;13;NULL;;
24;1;64;1;3;1;14;NULL;;
11;1;43;1;3;1;15;1969;;
12;1;43;1;3;1;15;1964;;
13;1;43;1;3;1;15;1960;;
14;1;43;2;3;1;15;1987;;
15;1;43;1;3;1;14;1993;;
32;1;64;2;3;1;14;NULL;;
9;1;70;1;2;1;14;1983;;
14;1;76;1;3;1;14;1980;;
10;1;70;1;2;1;14;1982;;
1;1;84;1;2;1;13;1985;;
2;1;84;1;2;1;14;1999;;
3;1;84;1;2;1;13;1987;;
34;1;64;1;3;1;14;1995;;
35;1;64;2;1;1;14;1995;;
36;1;64;2;1;1;14;1955;;
37;1;64;1;1;1;14;NULL;;
16;1;43;1;3;1;15;1992;;
17;1;43;1;3;1;14;1976;;
19;1;43;1;3;1;15;1972;;
20;1;43;1;3;1;14;1967;;
21;1;43;1;3;1;15;1962;;
11;1;39;2;1;1;14;1980;;
22;1;43;1;3;1;14;1968;;
23;1;43;1;3;1;13;1983;;
25;1;43;1;3;1;14;1969;;
26;1;43;1;3;1;13;1979;;
12;1;39;1;1;1;15;NULL;;
1;1;75;1;1;1;14;1989;;
2;1;75;1;3;1;14;1979;;
3;1;75;1;3;1;13;1979;;
5;1;75;1;3;1;14;1996;;
13;1;39;1;1;1;14;1989;;
14;1;39;1;1;1;14;1983;;
15;1;39;1;1;1;14;1985;;
16;1;39;1;1;1;14;1996;;
17;1;39;2;1;1;15;1986;;
19;1;39;1;1;1;14;NULL;;
20;1;39;1;1;1;14;NULL;;
21;1;39;1;3;1;14;NULL;;
22;1;39;1;3;1;14;NULL;;
23;1;39;1;2;1;14;NULL;;
24;1;39;1;3;1;14;NULL;;
26;1;39;1;1;2;14;NULL;;
10;1;67;1;1;1;14;1982;;
16;1;67;1;3;12;13;1995;;
21;1;33;1;3;1;14;NULL;;
22;1;33;1;3;1;13;                                                                                                    ;;
27;1;43;1;1;1;14;1962;;
15;1;76;1;3;1;14;1979;;
16;1;76;1;3;1;14;1977;;
17;1;76;1;3;1;14;1969;;
18;1;76;1;1;1;14;1987;;
19;1;76;1;3;1;14;1961;;
20;1;76;1;3;1;14;1980;;
12;1;67;1;1;1;14;1994;;
13;1;67;1;1;2;13;                                                                                                    ;;
14;1;67;1;3;1;13;1995;;
15;1;67;1;3;12;13;1995;;
28;1;43;1;3;1;14;1983;;
1;1;67;1;3;1;12;1963;;
12;1;61;1;3;1;13;1970;;
13;1;61;1;3;1;13;1990;;
14;1;61;2;3;1;13;1996;;
15;1;61;2;3;1;13;1994;;
1;1;61;1;1;1;14;1980;;
2;1;61;1;1;1;14;1985;;
4;1;61;1;1;1;14;1979;;
5;1;61;2;1;1;13;1971;;
6;1;61;1;1;1;14;1964;;
7;1;61;2;1;1;15;1986;;
8;1;61;2;1;1;15;1986;;
9;1;61;1;4;1;15;1997;;
11;1;33;1;3;1;13;NULL;;
12;1;33;1;3;1;14;NULL;;
13;1;33;1;3;1;14;NULL;;
14;1;33;1;3;1;14;NULL;;
16;1;61;1;3;1;15;1981;;
17;1;61;1;3;1;15;1993;;
19;1;61;1;3;1;15;1968;;
7;1;60;1;3;2;14;1967;;
8;1;60;1;3;8;14;NULL;;
9;1;60;2;1;2;14;1990;;
10;1;60;1;3;8;14;1985;;
15;1;33;1;3;1;14;NULL;;
17;1;33;1;3;1;14;NULL;;
18;1;33;2;3;1;14;NULL;;
19;1;33;1;3;1;13;NULL;;
20;1;33;1;3;1;14;NULL;;
11;1;62;1;3;1;14;NULL;;
12;1;62;1;3;1;13;NULL;;
1;1;43;1;3;1;15;1983;;
2;1;43;1;3;1;14;1979;;
3;1;43;1;3;1;15;1958;;
4;1;43;1;3;1;13;1973;;
5;1;43;2;3;1;15;1980;;
14;1;62;1;3;1;14;NULL;;
3;1;67;1;3;2;12;1963;;
4;1;67;1;3;1;13;1971;;
5;1;67;1;3;1;13;1992;;
29;1;43;1;3;1;14;1968;;
31;1;43;2;3;1;15;1979;;
6;1;67;1;3;1;13;NULL;;
16;1;62;1;3;1;14;NULL;;
17;1;62;1;3;1;13;NULL;;
18;1;62;1;3;1;14;NULL;;
19;1;62;1;3;1;14;NULL;;
20;1;62;1;3;1;13;NULL;;
21;1;63;1;3;1;14;1975;;
23;1;63;1;3;1;14;1971;;
24;1;63;1;3;1;13;1981;;
25;1;63;1;3;1;14;1982;;
29;1;63;1;3;1;14;1986;;
30;1;63;1;3;1;14;1993;;
31;1;63;1;1;1;14;1996;;
33;1;63;1;3;1;14;NULL;;
21;1;62;1;3;1;14;NULL;;
22;1;62;1;3;1;14;NULL;;
23;1;62;2;3;1;14;NULL;;
24;1;62;1;3;1;14;NULL;;
25;1;62;1;3;1;14;NULL;;
27;1;62;1;3;1;14;NULL;;
28;1;62;1;3;1;14;NULL;;
29;1;62;1;3;1;14;NULL;;
30;1;62;1;3;1;14;NULL;;
17;1;64;1;3;1;15;NULL;;
18;1;64;1;3;1;14;NULL;;
31;1;62;1;3;1;14;NULL;;
3;1;1;1;1;1;13;1981;;
5;1;1;1;1;1;13;1980;;
28;1;1;1;1;1;13;1979;;
29;1;1;1;1;1;13;1976;;
11;1;20;2;1;2;14;1989;;
2;1;124;2;3;1;14;1994;;
3;1;124;1;3;1;13;1991;;
4;1;124;2;3;1;14;1991;;
5;1;124;1;3;1;13;1992;;
11;1;64;2;3;1;14;NULL;;
1;1;64;1;3;1;13;NULL;;
21;1;49;1;3;1;14;1989;;
22;1;49;1;3;1;14;1995;;
23;1;49;1;3;1;14;1988;;
24;1;49;1;3;1;14;1992;;
25;1;49;1;3;1;14;1980;;
26;1;49;2;3;1;14;1991;;
28;1;49;1;3;1;14;1984;;
29;1;49;2;3;1;14;1984;;
30;1;49;1;3;1;14;1976;;
9;1;178;1;3;1;13;NULL;;
10;1;178;1;3;1;14;NULL;;
8;1;153;1;3;1;13;NULL;;
8;1;67;1;3;1;13;1990;;
9;1;67;1;1;1;13;1994;;
30;1;43;1;3;1;14;1973;;
23;1;33;1;3;1;13;NULL;;
24;1;33;2;3;1;14;NULL;;
25;1;33;2;3;1;13;NULL;;
10;1;153;1;3;1;13;NULL;;
21;1;153;2;3;1;14;NULL;;
22;1;153;1;1;1;14;NULL;;
23;1;153;1;1;1;14;NULL;;
10;1;155;1;5;3;15;1977;;
11;1;155;1;3;12;13;1981;;
2;1;57;1;3;1;14;1975;;
3;1;57;1;3;1;14;1987;;
4;1;57;1;3;1;14;1974;;
5;1;57;1;3;1;14;1983;;
6;1;57;1;3;1;14;1968;;
7;1;57;1;3;1;14;1979;;
9;1;57;1;3;1;14;1980;;
10;1;57;1;3;1;12;1958;;
31;1;49;2;3;1;14;1970;;
11;1;57;1;3;1;13;1975;;
12;1;57;1;3;1;13;1971;;
13;1;57;1;1;1;13;1971;;
15;1;57;1;3;1;13;1979;;
32;1;49;2;3;1;14;1978;;
26;1;153;2;1;1;14;NULL;;
1;1;155;1;1;1;12;1978;;
2;1;155;1;1;1;13;1986;;
3;1;155;2;3;1;13;1991;;
33;1;49;1;3;1;14;1976;;
5;1;155;1;3;1;13;1975;;
6;1;155;1;5;1;14;1982;;
7;1;155;1;3;12;15;1985;;
8;1;155;1;5;1;14;1981;;
9;1;155;1;1;1;14;1986;;
11;1;178;1;3;1;15;NULL;;
12;1;178;1;3;1;14;NULL;;
13;1;178;1;3;1;14;NULL;;
14;1;178;1;3;1;15;NULL;;
15;1;178;1;3;1;15;NULL;;
35;1;49;1;3;1;14;1994;;
13;1;64;1;3;1;14;NULL;;
14;1;64;2;3;1;13;NULL;;
15;1;64;1;3;1;13;NULL;;
16;1;64;1;3;1;15;NULL;;
2;1;64;1;3;1;13;NULL;;
3;1;64;1;3;1;13;NULL;;
17;1;178;1;3;1;14;NULL;;
18;1;178;1;3;1;14;NULL;;
19;1;178;1;3;1;14;NULL;;
20;1;178;1;3;1;15;NULL;;
36;1;49;1;3;1;13;1995;;
37;1;49;1;3;2;13;1995;;
39;1;49;2;3;1;14;1996;;
40;1;49;1;3;1;14;1994;;
41;1;49;2;3;1;14;1995;;
42;1;49;1;3;2;14;1993;;
1;1;59;2;3;2;14;1988;;
2;1;59;2;3;1;14;1979;;
4;1;59;1;3;1;15;1992;;
5;1;59;1;4;1;14;1990;;
16;1;153;1;3;1;14;NULL;;
6;1;59;2;4;1;14;1977;;
7;1;59;1;3;2;15;1991;;
8;1;59;1;4;1;15;1993;;
11;1;60;1;3;2;13;1985;;
7;1;153;1;3;8;13;NULL;;
12;1;60;1;3;3;14;1991;;
13;1;60;1;3;7;13;1970;;
6;1;43;1;1;1;15;1958;;
7;1;43;2;3;1;14;1992;;
55;1;102;1;3;1;14;NULL;;
56;1;102;1;3;1;14;NULL;;
5;1;115;1;3;1;14;1962;;
6;1;115;1;3;1;14;1961;;
7;1;115;1;3;1;14;1970;;
11;1;42;1;3;1;14;1989;;
13;1;42;1;3;2;14;1987;;
1;1;49;1;3;1;13;1981;;
2;1;49;1;3;1;13;1979;;
3;1;49;1;3;1;13;1994;;
4;1;49;1;3;1;13;1976;;
5;1;49;1;3;1;13;1976;;
7;1;49;1;3;1;13;2000;;
8;1;49;1;3;1;13;1967;;
9;1;49;1;3;1;13;1983;;
10;1;49;1;3;1;13;1991;;
9;1;31;1;1;1;13;NULL;;
11;1;31;1;3;1;13;NULL;;
139;1;162;1;1;1;12;01/01/1964;;
140;1;162;1;1;1;12;01/01/1966;;
141;1;162;1;1;1;12;01/01/1960;;
142;1;162;1;1;1;12;01/01/1964;;
143;1;162;1;1;1;12;01/01/1968;;
13;1;31;1;3;1;14;NULL;;
21;1;178;1;3;1;15;NULL;;
9;1;43;1;3;1;14;1967;;
10;1;43;1;3;1;13;1968;;
20;1;64;1;3;1;15;NULL;;
1;1;54;1;1;1;14;1993;;
2;1;54;1;1;1;14;1998;;
21;1;27;1;3;1;13;1977;;
22;1;27;1;3;1;13;1974;;
23;1;27;1;3;1;13;1989;;
24;1;27;1;1;1;15;1993;;
28;1;27;1;3;1;15;NULL;;
2;1;65;1;3;1;14;1994;;
7;1;65;1;3;1;14;1991;;
10;1;65;1;3;1;14;1966;;
12;1;65;1;3;1;14;1988;;
29;1;27;1;3;1;15;NULL;;
1;1;1;1;1;1;13;1979;;
31;1;27;1;3;1;14;NULL;;
33;1;27;1;3;1;14;NULL;;
34;1;27;1;3;1;14;NULL;;
30;1;27;1;3;1;14;NULL;;
1;1;39;1;3;1;13;1989;;
2;1;39;1;3;1;13;1988;;
3;1;39;1;3;1;13;1988;;
5;1;39;1;3;1;13;1978;;
6;1;39;2;3;1;14;1994;;
7;1;39;1;3;1;13;1988;;
8;1;39;1;3;1;14;NULL;;
9;1;39;1;3;1;14;NULL;;
10;1;39;1;3;1;14;1986;;
35;1;27;1;3;1;14;1992;;
12;1;49;1;3;1;13;1991;;
13;1;49;2;3;1;13;1993;;
14;1;49;1;3;1;13;1991;;
15;1;49;1;3;1;13;1993;;
16;1;49;1;3;1;13;1989;;
17;1;49;1;3;1;13;1987;;
18;1;49;1;3;1;13;1986;;
19;1;49;1;3;1;13;1990;;
20;1;49;1;3;1;13;1991;;
4;1;153;1;3;1;14;NULL;;
37;1;27;1;3;1;13;1992;;
23;1;178;1;3;1;14;NULL;;
24;1;178;1;3;1;14;NULL;;
25;1;178;1;3;1;14;NULL;;
26;1;178;2;3;1;14;NULL;;
27;1;178;1;3;1;15;NULL;;
5;1;153;1;3;1;14;NULL;;
2;1;56;1;3;1;14;1967;;
3;1;56;1;3;1;14;1985;;
4;1;56;1;1;1;14;1988;;
5;1;56;1;1;1;14;1989;;
38;1;27;2;3;1;15;1998;;
1;1;33;2;1;1;14;1994;;
3;1;33;2;1;1;14;NULL;;
4;1;33;1;1;1;14;NULL;;
5;1;33;1;3;1;14;NULL;;
6;1;33;2;3;1;14;NULL;;
7;1;33;2;3;1;14;NULL;;
8;1;33;2;3;1;14;NULL;;
8;1;32;1;3;1;15;1976;;
9;1;32;1;3;1;13;1991;;
10;1;32;1;3;1;14;1962;;
1;1;42;2;1;1;14;1973;;
2;1;42;1;1;1;14;1975;;
3;1;27;2;3;1;14;1985;;
5;1;27;1;3;1;14;1997;;
6;1;27;1;3;2;14;1991;;
7;1;27;2;3;1;14;1987;;
3;1;42;1;3;1;14;1986;;
7;1;42;1;3;2;14;1989;;
8;1;42;1;3;2;14;1985;;
10;1;42;1;3;1;14;1991;;
1;1;51;1;3;1;14;NULL;;
4;1;42;1;3;1;14;1978;;
7;1;51;1;3;1;14;NULL;;
8;1;51;1;3;1;14;NULL;;
9;1;51;1;3;1;14;NULL;;
11;1;32;1;1;1;15;1995;;
5;1;42;1;3;8;14;1972;;
2;1;51;1;3;1;14;NULL;;
3;1;51;1;3;1;14;NULL;;
4;1;51;1;3;1;14;NULL;;
5;1;51;1;3;1;14;NULL;;
6;1;42;2;3;2;14;1977;;
8;1;27;1;3;1;14;1993;;
9;1;27;1;3;1;14;1965;;
10;1;27;1;3;1;14;1970;;
12;1;32;2;1;1;15;1990;;
13;1;32;2;3;1;15;1974;;
15;1;32;1;3;1;14;1965;;
16;1;32;1;3;1;14;1968;;
17;1;32;1;3;1;13;1987;;
18;1;32;1;3;1;13;1993;;
19;1;32;1;3;1;13;1990;;
20;1;32;1;3;1;13;1975;;
10;1;33;1;3;1;14;NULL;;
6;1;153;1;3;1;14;NULL;;
9;1;56;2;3;1;14;1990;;
8;1;178;1;3;1;15;NULL;;
1;1;3;1;1;1;13;1972;;
2;1;3;1;1;1;13;1983;;
12;1;51;1;3;1;13;NULL;;
13;1;51;1;3;12;14;NULL;;
14;1;51;1;3;14;14;NULL;;
15;1;51;1;3;1;13;NULL;;
21;1;32;1;3;1;14;1988;;
16;1;51;1;3;1;13;NULL;;
18;1;51;1;3;1;13;NULL;;
19;1;51;1;3;1;14;NULL;;
20;1;51;1;3;1;14;NULL;;
11;1;27;1;3;2;15;1998;;
12;1;27;1;3;1;14;1976;;
13;1;27;1;3;1;15;1983;;
15;1;27;1;3;1;13;1992;;
16;1;27;1;3;1;13;1985;;
17;1;27;1;3;1;13;1967;;
6;1;50;2;3;1;14;1977;;
7;1;50;1;3;1;14;1976;;
8;1;50;1;1;1;14;1986;;
22;1;51;1;3;1;14;NULL;;
18;1;27;2;3;1;13;1991;;
23;1;51;2;3;1;14;NULL;;
24;1;51;1;3;1;14;NULL;;
25;1;51;1;3;1;13;NULL;;
26;1;51;2;3;1;14;NULL;;
19;1;27;1;3;1;13;1967;;
57;1;102;1;3;1;14;NULL;;
14;1;113;1;3;12;14;1998;;
14;1;42;1;3;1;14;1985;;
15;1;42;1;3;1;14;1984;;
16;1;42;1;3;1;14;1982;;
1;1;50;1;3;1;14;1987;;
2;1;50;1;3;1;14;1985;;
3;1;50;1;3;1;14;1974;;
4;1;50;1;1;1;14;1987;;
5;1;50;2;3;1;14;1986;;
28;1;51;1;3;1;14;NULL;;
4;1;35;1;1;1;13;NULL;;
5;1;35;1;1;1;13;NULL;;
6;1;35;1;3;1;14;NULL;;
7;1;35;1;3;1;14;NULL;;
8;1;35;1;3;2;14;NULL;;
17;1;48;1;3;1;14;1981;;
4;1;3;1;1;1;13;1991;;
10;1;56;1;1;1;14;1975;;
11;1;56;1;1;1;14;1980;;
12;1;56;2;1;1;14;1989;;
1;1;153;1;3;1;14;NULL;;
2;1;153;1;3;1;14;NULL;;
19;1;48;1;3;1;13;1985;;
20;1;48;2;3;1;14;1987;;
21;1;48;1;3;1;14;1983;;
22;1;48;1;3;1;14;1976;;
23;1;48;1;3;1;14;1981;;
24;1;48;1;3;1;14;1964;;
26;1;48;1;3;1;13;1985;;
27;1;48;1;3;1;14;1972;;
28;1;48;2;3;1;14;1978;;
29;1;48;1;3;1;14;1969;;
30;1;48;1;3;1;14;1974;;
11;1;47;1;3;1;15;1984;;
13;1;47;1;3;1;15;1985;;
14;1;47;1;1;1;15;1994;;
9;1;35;1;3;1;14;NULL;;
10;1;35;1;3;2;14;NULL;;
4;1;47;1;3;1;14;1988;;
5;1;47;1;3;1;13;NULL;;
7;1;47;1;3;1;13;1994;;
8;1;47;1;3;1;15;1979;;
9;1;47;1;3;1;15;1999;;
10;1;47;1;3;1;14;1995;;
11;1;35;1;3;1;14;NULL;;
12;1;35;1;3;1;14;1989;;
15;1;47;1;1;1;15;1975;;
16;1;47;1;1;1;15;1997;;
6;1;36;1;3;1;14;1983;;
7;1;36;1;3;1;13;1994;;
8;1;36;1;3;1;13;1994;;
9;1;36;1;3;1;13;1994;;
1;1;36;2;3;1;14;1995;;
2;1;36;2;3;1;14;1985;;
3;1;36;1;3;1;13;1986;;
4;1;36;1;3;1;13;1995;;
5;1;36;1;3;1;14;1990;;
15;1;35;1;3;1;14;1997;;
30;1;51;1;3;1;13;NULL;;
6;1;56;1;3;1;14;1976;;
7;1;56;2;1;1;14;1978;;
8;1;56;2;3;1;14;1980;;
50;1;102;1;3;1;14;1980;;
17;1;42;1;3;1;14;1999;;
1;1;52;1;1;1;13;1965;;
2;1;52;1;1;1;13;1983;;
3;1;52;1;1;1;13;1986;;
4;1;52;1;3;1;14;1992;;
10;1;36;1;3;1;14;1994;;
41;1;48;1;3;1;14;1976;;
43;1;48;1;3;1;14;1973;;
44;1;48;1;3;1;14;1972;;
45;1;48;1;3;1;14;1981;;
5;1;52;1;3;1;14;1971;;
36;1;48;2;3;1;13;NULL;;
37;1;48;1;3;1;14;NULL;;
39;1;48;1;3;1;14;NULL;;
40;1;48;2;3;1;14;NULL;;
6;1;52;1;1;1;14;1988;;
31;1;48;1;3;1;14;NULL;;
32;1;48;2;3;2;14;NULL;;
33;1;48;1;3;1;14;NULL;;
35;1;48;1;3;1;14;NULL;;
7;1;52;1;3;1;13;1978;;
1;1;32;1;3;1;13;1992;;
2;1;32;2;3;1;15;1982;;
3;1;32;1;3;1;15;1976;;
4;1;32;1;3;1;14;1984;;
8;1;52;1;1;1;14;1987;;
46;1;48;2;3;1;14;1981;;
47;1;48;1;3;1;14;1988;;
48;1;48;1;1;1;14;1970;;
49;1;48;1;3;1;14;1985;;
50;1;48;1;3;1;14;1977;;
2;1;44;1;2;1;14;NULL;;
3;1;44;1;3;1;13;NULL;;
4;1;44;1;3;1;14;NULL;;
5;1;44;1;3;1;14;NULL;;
6;1;44;1;3;1;14;NULL;;
7;1;44;1;1;1;13;NULL;;
9;1;44;1;3;1;14;NULL;;
1;1;48;1;3;1;14;1968;;
2;1;48;1;3;1;14;1958;;
3;1;48;1;3;1;14;1978;;
4;1;48;2;3;1;14;1986;;
5;1;48;2;3;1;13;1984;;
11;1;44;1;3;1;14;NULL;;
12;1;44;1;3;1;14;NULL;;
11;1;41;1;3;1;14;1976;;
12;1;41;1;3;1;13;1974;;
13;1;41;2;3;1;14;1973;;
17;1;40;1;1;1;14;NULL;;
10;1;52;1;3;1;13;1976;;
11;1;52;1;3;1;13;1977;;
12;1;52;1;3;1;13;1978;;
1;1;27;1;3;2;14;1993;;
2;1;27;1;3;1;14;1966;;
6;1;32;1;3;1;15;1986;;
19;1;40;1;3;1;14;NULL;;
1;1;41;2;1;1;13;1987;;
2;1;41;1;1;1;13;1973;;
3;1;41;1;1;1;13;1957;;
20;1;61;1;3;1;14;1973;;
1;1;62;1;3;1;13;NULL;;
3;1;62;1;1;1;14;NULL;;
4;1;62;1;1;1;14;NULL;;
5;1;62;1;3;1;14;NULL;;
6;1;62;1;3;1;14;NULL;;
23;1;61;1;3;1;15;1973;;
24;1;61;2;3;1;15;1982;;
26;1;61;1;3;1;15;1984;;
27;1;61;1;3;1;15;1981;;
7;1;62;1;1;1;14;NULL;;
8;1;62;2;3;1;14;NULL;;
9;1;62;1;3;1;14;NULL;;
10;1;62;1;3;1;14;NULL;;
22;1;61;2;3;1;15;1993;;
28;1;61;1;3;1;15;1980;;
1;1;63;1;3;1;14;1986;;
2;1;63;1;3;1;14;1964;;
3;1;63;1;3;1;13;1985;;
4;1;63;1;3;1;14;1987;;
6;1;63;1;3;1;14;1989;;
7;1;63;1;3;1;14;1994;;
8;1;63;1;3;1;14;1989;;
9;1;63;1;3;1;14;1957;;
10;1;63;2;3;1;14;1982;;
11;1;63;1;3;1;14;1969;;
13;1;63;2;3;1;14;1982;;
14;1;63;1;3;1;14;1981;;
15;1;63;1;3;1;14;1981;;
16;1;63;1;3;1;14;1991;;
17;1;63;1;3;1;14;1990;;
18;1;63;2;3;1;14;1987;;
25;1;27;1;3;1;14;1959;;
26;1;27;1;3;1;14;1970;;
27;1;27;1;3;1;15;NULL;;
51;1;102;1;3;1;14;NULL;;
52;1;102;1;3;1;14;NULL;;
53;1;102;1;3;1;14;1966;;
20;1;63;1;3;1;14;1979;;
26;1;63;1;3;1;14;1991;;
27;1;63;1;3;1;14;1991;;
28;1;63;1;3;1;14;1991;;
1;1;60;1;1;3;14;1970;;
2;1;60;1;1;2;14;1979;;
4;1;60;2;1;2;14;1978;;
5;1;60;2;1;1;13;1980;;
6;1;60;1;3;2;14;1988;;
4;1;41;1;1;1;13;1973;;
11;1;48;1;3;1;13;1974;;
12;1;48;1;3;1;13;1992;;
14;1;48;1;3;1;13;1976;;
15;1;48;1;3;1;14;1955;;
5;1;41;1;3;1;13;1967;;
14;1;41;1;3;1;13;1989;;
6;1;48;1;3;1;14;1960;;
7;1;48;1;3;1;14;1975;;
18;1;37;1;3;1;14;1991;;
19;1;37;1;3;1;14;1996;;
3;1;34;2;3;1;14;1981;;
6;1;37;1;1;1;13;1985;;
14;1;24;1;3;1;13;1991;;
4;1;34;1;3;1;13;1962;;
6;1;34;1;3;1;13;1978;;
7;1;34;1;3;1;13;1994;;
7;1;37;1;2;1;14;1992;;
8;1;34;1;3;1;14;1978;;
9;1;34;1;3;1;14;1988;;
10;1;34;1;3;1;14;NULL;;
22;1;34;1;3;1;14;1993;;
8;1;37;1;2;1;14;1982;;
11;1;30;1;3;1;14;1971;;
23;1;34;1;3;1;14;1970;;
24;1;34;2;3;1;14;1995;;
25;1;34;1;3;1;14;1969;;
9;1;37;1;2;1;14;1982;;
1;1;24;2;3;1;13;1993;;
2;1;24;2;3;1;13;1991;;
3;1;24;1;3;1;13;1993;;
4;1;24;1;3;1;14;NULL;;
5;1;24;1;3;1;14;1992;;
6;1;24;2;3;1;15;1992;;
7;1;24;1;3;1;14;1993;;
8;1;24;1;3;1;14;1990;;
9;1;24;1;3;1;14;1993;;
10;1;24;1;3;1;14;1965;;
11;1;24;1;3;1;13;1980;;
9;1;48;1;3;1;13;1972;;
6;1;41;1;3;1;14;1973;;
10;1;48;1;3;1;14;1986;;
3;1;47;2;1;1;14;1981;;
1;1;35;1;1;1;13;NULL;;
2;1;35;1;1;1;13;NULL;;
13;1;24;1;3;1;13;1992;;
11;1;34;2;3;1;14;1973;;
12;1;34;1;3;1;13;1972;;
13;1;34;1;3;1;14;1980;;
14;1;34;1;3;1;13;1970;;
15;1;34;1;3;1;14;1991;;
17;1;34;1;3;1;14;1962;;
18;1;34;1;1;2;14;1993;;
19;1;34;1;3;1;14;1968;;
20;1;34;1;3;1;14;NULL;;
13;1;30;1;3;1;14;1977;;
14;1;30;1;3;1;14;1975;;
16;1;30;1;3;1;12;1971;;
17;1;30;1;3;1;13;1978;;
18;1;30;1;3;1;14;1986;;
19;1;30;1;3;2;14;1987;;
20;1;30;1;3;1;14;1978;;
21;1;30;1;3;1;12;1978;;
23;1;30;1;3;1;14;1985;;
15;1;24;1;3;1;14;1992;;
21;1;24;1;3;1;15;1992;;
22;1;24;2;3;1;15;1993;;
23;1;24;1;3;1;15;1990;;
24;1;24;1;3;1;15;1990;;
16;1;24;1;3;1;14;1989;;
17;1;24;1;3;1;14;1993;;
18;1;24;2;3;1;14;1992;;
19;1;24;1;3;1;14;1993;;
20;1;24;2;3;1;14;1992;;
11;1;40;1;3;1;14;NULL;;
12;1;40;1;3;1;14;NULL;;
13;1;40;1;3;1;14;NULL;;
14;1;40;1;3;1;14;NULL;;
15;1;40;1;3;1;14;NULL;;
16;1;40;1;3;1;14;NULL;;
14;1;124;1;3;1;13;1993;;
7;1;41;1;3;1;13;1975;;
8;1;41;1;3;1;14;1978;;
9;1;41;1;3;1;14;1973;;
10;1;41;1;3;1;14;1973;;
1;1;47;1;1;1;13;1995;;
2;1;47;1;1;1;13;1983;;
2;1;40;1;3;1;14;NULL;;
3;1;40;1;3;1;14;NULL;;
4;1;40;1;3;1;14;NULL;;
5;1;40;1;3;1;14;NULL;;
1;1;159;1;3;1;4;                                                                                                    ;;
1;1;46;1;1;1;14;NULL;;
23;1;4;1;3;1;14;1984;;
24;1;4;1;3;8;14;1988;;
25;1;4;1;3;1;14;1992;;
26;1;4;1;3;1;14;1965;;
7;1;20;1;1;1;14;1966;;
10;1;20;1;1;1;14;1979;;
4;1;31;1;1;1;14;NULL;;
6;1;31;1;1;1;13;NULL;;
1;1;26;1;1;1;13;1978;;
2;1;26;1;3;1;13;1976;;
3;1;26;1;3;1;14;NULL;;
4;1;26;1;3;1;13;NULL;;
6;1;26;1;3;1;14;NULL;;
7;1;26;1;3;14;14;NULL;;
8;1;26;1;3;1;13;NULL;;
27;1;4;2;3;1;14;1980;;
28;1;4;1;3;1;14;1975;;
29;1;4;1;3;1;14;1989;;
11;1;23;1;1;1;14;1978;;
9;1;26;1;3;1;13;NULL;;
10;1;26;1;3;1;13;NULL;;
11;1;26;2;3;1;14;1992;;
12;1;26;1;3;12;13;VERS 1986                                                                                           ;;
13;1;26;1;3;1;14;1999;;
31;1;4;1;3;1;14;1965;;
32;1;4;1;3;1;14;1963;;
33;1;4;1;3;1;14;30/05/1905;;
1;1;22;1;3;1;14;23/10/1983;;
2;1;22;1;3;8;14;17/02/1986;;
3;1;22;1;3;1;14;22/08/1980;;
5;1;22;1;3;1;14;10/08/1991;;
6;1;22;1;3;1;14;01/01/1980;;
7;1;22;1;3;1;14;17/01/1995;;
8;1;22;1;3;2;14;                                                                                                    ;;
9;1;22;1;3;1;14;01/08/1993;;
10;1;22;1;3;7;14;23/09/1974;;
3;1;46;1;1;1;14;NULL;;
4;1;46;1;1;1;14;NULL;;
5;1;46;1;1;1;14;NULL;;
4;1;159;1;3;1;14;                                                                                                    ;;
6;1;40;1;3;1;14;NULL;;
7;1;40;2;3;1;14;NULL;;
2;1;23;1;3;1;14;1988;;
3;1;23;1;3;1;14;1993;;
4;1;23;1;3;1;14;1990;;
5;1;23;1;3;1;14;1976;;
6;1;23;1;3;1;14;1996;;
7;1;23;1;3;1;14;1985;;
9;1;23;1;1;1;14;1992;;
10;1;23;1;1;1;14;13/06/1905;;
11;1;22;1;3;1;14;09/08/1978;;
12;1;23;1;1;1;14;1991;;
13;1;23;1;1;1;14;1996;;
11;1;29;1;3;1;15;1983;;
13;1;29;1;3;1;15;1972;;
1;1;30;1;3;1;14;1954;;
1;1;29;1;3;1;14;1987;;
2;1;29;1;3;1;14;1981;;
3;1;29;1;3;1;14;1982;;
4;1;29;1;3;1;14;1975;;
6;1;29;1;3;1;14;1989;;
7;1;29;1;3;1;14;1969;;
8;1;29;1;3;1;14;1990;;
9;1;29;1;3;1;14;1976;;
10;1;29;1;3;1;14;1983;;
1;1;34;1;3;1;14;1974;;
2;1;30;1;3;1;14;1982;;
3;1;30;1;3;1;14;1993;;
4;1;30;1;3;1;14;1988;;
5;1;30;1;3;1;14;1996;;
6;1;30;1;3;1;14;1984;;
7;1;30;1;3;1;14;1960;;
9;1;30;1;3;1;14;1963;;
10;1;30;1;3;14;14;1991;;
1;1;37;1;1;1;13;1978;;
2;1;37;1;1;1;13;1987;;
3;1;37;1;1;1;13;1983;;
4;1;37;1;1;1;13;1984;;
6;1;17;1;3;1;14;1992;;
7;1;17;1;3;1;14;1985;;
8;1;17;1;3;1;14;1968;;
9;1;17;1;3;1;14;1984;;
10;1;17;1;3;1;14;1970;;
1;1;19;1;2;2;13;1996;;
33;1;7;1;3;1;13;1978;;
21;1;4;1;3;1;14;1993;;
11;1;4;2;3;1;13;1987;;
12;1;4;1;3;1;14;1977;;
13;1;4;1;3;1;14;1990;;
3;1;19;1;1;1;14;1997;;
9;1;40;1;3;1;14;NULL;;
10;1;40;1;3;1;14;NULL;;
2;1;159;1;3;1;14;                                                                                                    ;;
5;1;159;1;3;1;14;                                                                                                    ;;
6;1;159;1;3;1;15;                                                                                                    ;;
7;1;159;1;3;1;15;                                                                                                    ;;
15;1;4;2;3;1;14;1988;;
16;1;4;1;3;8;14;1989;;
17;1;4;1;3;1;14;1992;;
18;1;4;2;3;1;14;1993;;
4;1;19;1;2;1;14;1995;;
12;1;7;1;3;1;14;1968;;
14;1;7;1;3;1;14;1991;;
15;1;7;1;3;1;15;1972;;
16;1;7;1;3;1;15;1988;;
5;1;19;1;1;1;13;1992;;
6;1;19;1;1;1;13;1995;;
7;1;19;1;1;1;13;1989;;
9;1;19;1;1;1;13;1992;;
10;1;19;2;1;1;14;1987;;
11;1;17;1;3;1;14;1984;;
12;1;17;1;3;1;14;1970;;
13;1;17;1;3;1;14;1982;;
14;1;17;2;3;1;14;NULL;;
11;1;19;2;1;1;14;1994;;
12;1;19;2;1;1;14;1987;;
13;1;19;1;2;2;13;1988;;
14;1;19;1;2;2;15;1976;;
15;1;19;1;2;2;13;1998;;
16;1;19;1;2;2;13;1992;;
18;1;19;1;2;2;13;1993;;
21;1;19;1;3;1;13;1984;;
22;1;19;1;3;2;13;1971;;
23;1;19;1;3;2;12;1967;;
24;1;19;2;3;1;13;1989;;
25;1;19;1;3;2;13;1985;;
5;1;7;1;3;1;13;NULL;;
6;1;7;1;3;1;13;NULL;;
7;1;7;1;3;1;13;NULL;;
8;1;7;1;3;1;13;1975;;
9;1;7;1;3;1;13;1979;;
20;1;19;1;2;2;13;1992;;
12;1;37;1;3;1;14;1988;;
13;1;37;1;3;1;14;1974;;
14;1;37;1;3;1;14;1990;;
15;1;37;1;3;1;14;1991;;
5;1;37;1;1;1;13;1985;;
16;1;37;1;3;1;14;1996;;
2;1;4;1;1;1;14;1979;;
3;1;4;1;1;1;14;1988;;
4;1;4;1;1;1;14;1990;;
5;1;4;1;3;1;14;1992;;
6;1;4;1;3;1;14;1984;;
7;1;4;1;3;1;14;1969;;
9;1;4;1;3;3;14;1990;;
10;1;4;1;3;1;14;1983;;
21;1;7;1;3;1;14;1988;;
17;1;7;1;3;1;14;1978;;
22;1;7;1;3;1;14;1978;;
23;1;7;1;3;1;13;1983;;
25;1;7;1;3;1;14;1994;;
26;1;7;1;3;1;14;1975;;
18;1;7;1;3;1;14;1990;;
26;1;19;1;3;2;13;1969;;
27;1;19;1;3;2;13;1984;;
28;1;19;1;3;2;13;1982;;
30;1;19;1;3;1;14;1972;;
19;1;7;1;3;1;14;1993;;
20;1;7;1;3;1;14;1988;;
31;1;19;1;3;2;14;1983;;
32;1;19;2;3;1;14;1997;;
33;1;19;2;3;1;14;1994;;
33;1;5;1;3;1;14;1964;;
34;1;5;1;3;8;13;1984;;
21;1;12;1;3;1;14;1968;;
22;1;12;1;3;1;13;1968;;
23;1;12;1;3;1;14;1973;;
24;1;12;1;3;1;13;1980;;
26;1;12;2;3;1;13;1991;;
27;1;12;1;3;1;14;1986;;
28;1;12;1;3;1;14;1997;;
41;1;5;1;3;14;13;1970;;
42;1;5;1;3;14;13;1986;;
1;1;6;1;3;1;13;1999;;
21;1;5;1;3;1;14;1980;;
22;1;5;1;3;1;14;1972;;
23;1;5;1;3;1;14;1964;;
24;1;5;1;3;8;13;1984;;
25;1;5;1;2;1;14;1972;;
26;1;5;1;1;8;14;1984;;
35;1;5;1;2;1;14;1972;;
36;1;5;1;1;8;14;1984;;
37;1;5;2;2;1;14;1962;;
38;1;5;1;2;1;14;1992;;
39;1;5;1;2;1;14;1988;;
28;1;5;1;2;1;14;1992;;
27;1;7;1;3;1;14;1969;;
28;1;7;1;3;1;14;1999;;
29;1;7;1;3;1;14;1990;;
30;1;7;1;3;1;14;1995;;
31;1;7;1;3;1;13;1969;;
32;1;7;1;3;1;13;1976;;
4;1;6;1;3;1;14;1972;;
5;1;6;1;3;1;14;1998;;
6;1;6;1;3;1;13;1999;;
7;1;6;1;3;1;13;1999;;
29;1;5;1;2;1;14;1988;;
30;1;5;1;1;1;14;1984;;
9;1;6;2;3;1;14;1998;;
10;1;6;1;3;1;13;1999;;
43;1;5;1;3;14;13;1981;;
40;1;5;1;1;1;14;1984;;
44;1;5;1;3;14;13;1971;;
45;1;5;1;2;14;13;1970;;
47;1;5;1;2;14;13;1982;;
48;1;5;1;2;14;13;1982;;
49;1;5;1;2;14;13;1991;;
50;1;5;1;2;14;13;1983;;
1;1;21;2;3;1;14;1980;;
2;1;21;1;3;1;14;1987;;
4;1;21;1;3;1;14;1976;;
51;1;5;1;2;14;13;1984;;
52;1;5;1;3;14;13;1970;;
53;1;5;1;3;14;13;1977;;
54;1;5;1;3;14;13;1980;;
55;1;5;1;3;14;13;1972;;
57;1;5;1;2;14;13;1979;;
11;1;21;1;3;1;13;1983;;
12;1;21;1;3;1;14;1994;;
13;1;21;1;3;1;14;1967;;
14;1;21;1;3;1;13;1990;;
15;1;21;1;3;1;13;1981;;
59;1;5;1;2;14;13;1983;;
60;1;5;1;2;14;13;1974;;
61;1;5;1;5;14;13;1980;;
62;1;5;1;5;14;13;1983;;
11;1;6;1;3;2;14;1999;;
5;1;21;2;3;1;14;1962;;
20;1;4;1;3;1;14;1972;;
1;1;20;1;1;1;14;1972;;
2;1;20;1;1;1;14;1973;;
3;1;20;1;1;1;14;1975;;
4;1;20;1;1;1;14;1978;;
5;1;20;1;1;1;14;1980;;
7;1;21;1;3;1;14;1997;;
8;1;21;1;3;1;14;1982;;
9;1;21;2;3;1;14;1967;;
10;1;21;1;3;1;14;1991;;
12;1;6;1;3;1;14;1999;;
13;1;6;1;3;1;13;1990;;
15;1;6;1;3;1;13;NULL;;
16;1;6;2;3;1;14;1997;;
17;1;6;1;3;1;14;NULL;;
18;1;6;1;3;1;14;1996;;
19;1;6;1;3;1;13;NULL;;
20;1;6;2;3;1;14;1998;;
105;1;66;1;3;1;13;NULL;;
106;1;66;1;3;1;13;NULL;;
107;1;66;2;3;1;13;NULL;;
108;1;66;1;3;1;13;NULL;;
109;1;66;2;3;1;13;NULL;;
71;1;66;1;3;1;14;NULL;;
1;1;17;2;3;1;14;1988;;
2;1;17;1;3;1;14;1981;;
16;1;21;2;3;1;14;1995;;
17;1;21;2;3;1;13;1992;;
18;1;21;1;3;1;13;1977;;
19;1;21;1;3;1;13;1971;;
73;1;66;1;3;1;14;NULL;;
74;1;66;1;3;1;13;NULL;;
75;1;66;1;3;1;13;NULL;;
76;1;66;2;3;1;13;NULL;;
77;1;66;1;3;1;14;NULL;;
78;1;66;1;3;1;13;NULL;;
80;1;66;1;3;1;14;NULL;;
81;1;66;1;3;1;13;NULL;;
82;1;66;1;3;1;14;NULL;;
11;1;66;1;3;1;14;NULL;;
12;1;66;1;3;1;13;NULL;;
13;1;66;2;3;1;14;NULL;;
1;1;163;1;5;1;13;NULL;;
16;1;170;1;3;1;14;NULL;;
1;1;5;1;3;1;12;1984;;
29;1;66;1;3;1;13;NULL;;
30;1;66;1;3;1;14;NULL;;
31;1;66;1;3;1;13;NULL;;
15;1;66;1;3;1;13;NULL;;
11;1;5;1;3;1;12;1971;;
1;1;12;2;3;1;14;1973;;
2;1;12;2;3;1;13;1973;;
3;1;12;2;3;1;14;1995;;
4;1;12;2;3;1;13;1981;;
6;1;12;2;3;1;14;1983;;
7;1;12;1;3;1;14;1966;;
8;1;12;1;3;1;14;1970;;
9;1;12;1;3;1;14;1978;;
10;1;12;1;3;1;13;1967;;
2;1;5;1;2;1;14;1972;;
4;1;5;1;2;1;14;1962;;
5;1;5;1;3;1;14;1992;;
6;1;5;1;3;1;14;1988;;
7;1;5;1;3;1;13;1988;;
8;1;5;1;3;1;13;1970;;
9;1;5;1;2;1;13;1986;;
12;1;5;1;3;1;12;1970;;
11;1;12;1;3;1;14;1977;;
12;1;12;1;3;1;14;1977;;
13;1;12;1;3;1;14;1968;;
14;1;12;1;3;1;14;1968;;
15;1;12;1;3;1;14;1967;;
4;1;17;1;3;1;14;1970;;
5;1;17;1;3;1;14;1977;;
2;1;7;1;3;1;13;1975;;
3;1;7;1;3;1;13;NULL;;
4;1;7;1;3;1;13;1951;;
10;1;7;1;3;1;14;1983;;
17;1;12;1;3;1;13;1985;;
18;1;12;1;3;1;13;1992;;
19;1;12;1;3;1;14;1992;;
20;1;12;1;3;1;13;1992;;
13;1;5;1;3;1;14;1981;;
14;1;5;1;3;1;14;1982;;
16;1;5;1;1;1;14;1991;;
17;1;5;1;2;1;14;1983;;
18;1;5;1;2;1;14;1984;;
19;1;5;1;2;1;14;1970;;
20;1;5;1;2;1;14;1977;;
31;1;5;1;3;1;14;1980;;
12;2;111;1;3;1;4;1958;;
13;2;111;1;3;1;4;1965;;
14;2;111;1;3;11;4;1968;;
15;2;111;1;3;11;4;1970;;
4;2;105;1;3;1;4;1968;;
16;2;111;1;3;11;4;1949;;
2;2;143;1;1;2;4;NULL;;
3;2;143;1;1;2;4;NULL;;
4;2;143;1;1;1;4;NULL;;
5;2;143;1;1;2;4;                                                                                                    ;;
21;2;147;1;4;1;40;NULL;;
5;2;117;2;3;1;40;1986;;
11;2;143;1;1;1;4;                                                                                                    ;;
12;2;143;1;1;2;4;                                                                                                    ;;
13;2;143;1;1;2;4;                                                                                                    ;;
14;2;143;1;1;2;4;                                                                                                    ;;
36;2;147;1;4;1;42;NULL;;
37;2;147;1;4;1;41;NULL;;
24;2;96;1;3;1;40;1975;;
25;2;96;1;3;1;40;1960;;
26;2;96;1;3;1;40;1970;;
27;2;96;1;3;1;40;1972;;
28;2;96;1;3;1;40;1974;;
16;2;117;1;3;1;40;1983;;
74;2;143;1;5;2;40;                                                                                                    ;;
75;2;143;1;3;1;40;                                                                                                    ;;
76;2;143;1;3;1;40;                                                                                                    ;;
77;2;143;1;3;1;40;                                                                                                    ;;
78;2;143;1;3;1;40;                                                                                                    ;;
79;2;143;1;1;1;40;                                                                                                    ;;
80;2;143;1;3;1;40;                                                                                                    ;;
81;2;143;1;1;1;40;                                                                                                    ;;
82;2;143;1;1;1;40;                                                                                                    ;;
83;2;143;1;3;1;40;                                                                                                    ;;
21;2;39;1;3;1;41;1988;;
46;2;102;1;3;1;41;1975;;
47;2;102;1;3;1;4;1978;;
48;2;102;1;3;1;41;1990;;
49;2;102;1;3;1;4;1991;;
31;2;243;1;3;1;4;1987;;
22;2;39;1;3;1;40;1992;;
23;2;39;1;3;1;42;1996;;
24;2;39;2;3;1;42;1986;;
25;2;39;1;3;1;41;1980;;
26;2;39;1;3;1;42;1950;;
27;2;39;1;3;1;40;1983;;
28;2;39;1;3;1;41;1985;;
29;2;39;2;3;1;41;1996;;
30;2;39;1;3;1;41;1986;;
32;2;243;1;3;1;4;1993;;
33;2;243;1;3;1;4;1981;;
34;2;243;1;3;1;4;1967;;
35;2;243;1;3;1;4;NULL;;
36;2;243;1;3;1;40;1999;;
17;2;112;2;3;1;40;1993;;
18;2;112;1;3;1;4;1986;;
19;2;112;1;3;1;4;1994;;
20;2;112;1;3;1;4;1989;;
84;2;143;1;3;1;40;                                                                                                    ;;
85;2;143;1;3;1;40;                                                                                                    ;;
86;2;143;2;3;1;40;                                                                                                    ;;
87;2;143;1;3;1;40;                                                                                                    ;;
88;2;143;1;3;1;40;                                                                                                    ;;
89;2;143;1;3;1;40;                                                                                                    ;;
90;2;143;1;3;1;40;                                                                                                    ;;
1;2;127;1;3;1;4;                                                                                                    ;;
2;2;127;1;3;1;40;                                                                                                    ;;
3;2;127;2;3;1;40;                                                                                                    ;;
4;2;127;2;3;1;40;                                                                                                    ;;
5;2;127;1;3;1;40;                                                                                                    ;;
13;2;74;1;2;1;4;19/05/1905;;
15;2;74;1;2;5;4;28/05/1981;;
18;2;74;1;2;6;4;01/01/1965;;
20;2;74;1;2;1;4;08/05/1905;;
26;2;74;1;2;1;4;01/01/1982;;
28;2;74;1;2;1;4;1982;;
41;2;39;1;1;1;40;1991;;
6;2;127;1;3;1;40;                                                                                                    ;;
7;2;127;1;3;1;4;                                                                                                    ;;
8;2;127;1;3;1;40;                                                                                                    ;;
9;2;127;1;3;1;4;                                                                                                    ;;
10;2;127;1;3;1;40;                                                                                                    ;;
42;2;39;2;3;2;40;1987;;
43;2;39;1;3;1;41;1989;;
16;2;83;1;2;1;4;1972;;
17;2;83;2;2;1;4;1964;;
18;2;83;1;2;1;4;1984;;
19;2;83;1;1;1;4;1969;;
1;2;83;2;2;1;4;1969;;
16;2;120;2;1;1;40;1983;;
17;2;120;1;1;2;40;1992;;
18;2;120;2;3;1;40;1997;;
19;2;120;2;3;1;40;1985;;
20;2;120;1;1;1;40;1992;;
2;2;83;1;1;1;4;1968;;
16;2;6;2;3;1;4;1977;;
17;2;6;1;3;1;40;1977;;
18;2;6;1;3;1;40;1968;;
19;2;6;1;3;1;4;1992;;
20;2;6;2;3;1;40;1989;;
3;2;83;1;1;1;4;1964;;
11;2;120;1;3;2;40;1972;;
12;2;120;1;1;1;4;1986;;
13;2;120;2;1;1;40;1978;;
14;2;120;1;1;1;40;1954;;
15;2;120;2;3;1;4;1983;;
4;2;83;1;2;1;4;1970;;
4;2;118;1;3;1;4;1992;;
5;2;118;1;3;1;4;NULL;;
6;2;118;1;3;1;4;1985;;
7;2;118;1;3;1;4;1976;;
8;2;118;1;3;1;4;NULL;;
5;2;83;1;1;1;4;1964;;
6;2;83;2;2;1;4;1968;;
7;2;83;1;2;1;4;1977;;
8;2;83;1;2;1;4;1967;;
9;2;83;1;2;1;4;1979;;
10;2;83;1;2;1;4;1962;;
11;2;127;1;3;1;4;                                                                                                    ;;
12;2;127;1;3;1;40;                                                                                                    ;;
13;2;127;1;3;1;40;                                                                                                    ;;
14;2;127;1;3;1;4;                                                                                                    ;;
15;2;127;1;3;1;40;                                                                                                    ;;
16;2;127;1;3;1;40;                                                                                                    ;;
17;2;127;1;3;1;4;                                                                                                    ;;
11;2;83;1;2;1;4;1979;;
12;2;83;1;2;1;4;1979;;
13;2;83;1;2;1;4;1967;;
14;2;83;1;2;1;4;1982;;
15;2;83;1;2;1;4;1979;;
18;2;127;1;3;1;40;                                                                                                    ;;
19;2;127;2;3;1;40;                                                                                                    ;;
20;2;127;1;3;1;40;                                                                                                    ;;
1;2;118;1;3;1;4;NULL;;
2;2;118;1;3;1;4;NULL;;
3;2;118;1;3;1;4;NULL;;
9;2;118;1;3;1;4;NULL;;
10;2;118;1;3;1;40;1986;;
21;2;127;1;3;1;40;                                                                                                    ;;
22;2;127;2;3;1;40;                                                                                                    ;;
23;2;127;2;3;1;40;                                                                                                    ;;
24;2;127;1;3;1;40;                                                                                                    ;;
91;2;143;1;3;1;40;                                                                                                    ;;
92;2;143;1;5;1;40;                                                                                                    ;;
93;2;143;1;3;1;40;                                                                                                    ;;
94;2;143;1;3;1;40;                                                                                                    ;;
95;2;143;1;3;1;40;                                                                                                    ;;
96;2;143;1;1;2;40;                                                                                                    ;;
97;2;143;1;3;2;40;                                                                                                    ;;
98;2;143;1;5;2;40;                                                                                                    ;;
99;2;143;1;3;1;40;                                                                                                    ;;
100;2;143;1;3;1;40;                                                                                                    ;;
21;2;112;1;3;1;40;10/05/1905;;
30;2;74;1;2;1;4;01/01/1983;;
20;2;83;1;2;1;4;1973;;
21;2;83;1;2;1;4;1973;;
22;2;83;1;2;1;4;1985;;
23;2;83;1;2;1;40;1967;;
24;2;83;1;2;1;40;1967;;
25;2;83;2;2;1;4;1962;;
26;2;83;1;2;1;4;1969;;
27;2;83;2;2;1;4;1973;;
28;2;83;1;2;2;4;1979;;
29;2;83;1;2;1;4;1971;;
30;2;83;1;2;1;4;1969;;
101;2;143;1;3;1;40;                                                                                                    ;;
102;2;143;1;3;1;40;                                                                                                    ;;
103;2;143;1;3;1;40;                                                                                                    ;;
104;2;143;1;1;1;40;                                                                                                    ;;
105;2;143;1;1;1;40;                                                                                                    ;;
106;2;143;1;3;1;40;                                                                                                    ;;
107;2;143;1;3;1;40;                                                                                                    ;;
108;2;143;1;3;1;40;                                                                                                    ;;
109;2;143;1;3;1;40;                                                                                                    ;;
110;2;143;1;1;1;40;                                                                                                    ;;
11;2;100;1;1;1;40;1974;;
12;2;100;1;3;1;40;1992;;
13;2;100;1;3;1;40;1987;;
14;2;100;1;3;1;4;1979;;
111;2;143;1;3;1;40;                                                                                                    ;;
112;2;143;1;3;1;40;                                                                                                    ;;
113;2;143;2;3;1;40;                                                                                                    ;;
114;2;143;1;3;1;40;                                                                                                    ;;
115;2;143;1;3;1;40;                                                                                                    ;;
116;2;143;1;3;1;40;                                                                                                    ;;
117;2;143;1;3;1;40;                                                                                                    ;;
118;2;143;1;3;1;40;                                                                                                    ;;
119;2;143;1;3;1;40;                                                                                                    ;;
120;2;143;1;1;1;40;                                                                                                    ;;
11;2;6;1;3;2;40;1994;;
12;2;6;1;3;1;4;1992;;
13;2;6;1;3;1;4;1990;;
14;2;6;1;3;1;40;1984;;
15;2;6;1;3;1;40;1984;;
31;2;83;1;2;1;4;1971;;
32;2;83;1;2;1;4;1960;;
1;2;120;1;3;1;40;1986;;
2;2;120;1;3;1;4;1954;;
3;2;120;1;3;1;40;1975;;
4;2;120;1;3;1;4;1973;;
5;2;120;1;3;1;4;1984;;
21;2;120;1;1;1;40;1983;;
22;2;120;2;3;1;40;1992;;
21;2;174;1;3;1;4;1968;;
22;2;174;1;3;1;4;1968;;
23;2;174;1;3;1;40;1977;;
6;2;120;1;3;1;4;1991;;
1;2;113;1;1;1;4;1986;;
2;2;113;2;1;1;40;1986;;
3;2;113;1;1;1;4;1985;;
4;2;113;1;1;1;40;1987;;
5;2;113;1;3;1;4;1980;;
7;2;120;1;3;1;40;1989;;
6;2;113;1;3;5;4;1985;;
7;2;113;1;3;1;4;1981;;
8;2;113;1;3;1;4;1968;;
9;2;113;1;5;2;4;1975;;
10;2;113;1;3;1;4;1983;;
8;2;120;2;1;1;40;1982;;
9;2;120;2;1;1;40;1987;;
10;2;120;1;3;1;40;1982;;
21;2;6;2;3;1;40;1990;;
24;2;174;1;3;1;40;1982;;
25;2;174;1;1;1;40;1987;;
26;2;174;2;1;1;40;1986;;
27;2;174;2;1;1;40;1989;;
28;2;174;1;1;1;40;1992;;
29;2;174;1;1;1;40;1983;;
30;2;174;1;1;1;40;17/06/1905;;
29;2;74;1;2;1;4;24/08/1981;;
31;2;74;1;2;1;4;1977;;
121;2;143;1;3;1;40;                                                                                                    ;;
122;2;143;1;3;1;40;                                                                                                    ;;
123;2;143;1;3;1;40;                                                                                                    ;;
124;2;143;1;3;1;40;                                                                                                    ;;
125;2;143;1;3;1;40;                                                                                                    ;;
126;2;143;1;5;1;40;                                                                                                    ;;
127;2;143;1;3;1;40;                                                                                                    ;;
128;2;143;1;3;1;40;                                                                                                    ;;
129;2;143;1;3;1;40;                                                                                                    ;;
130;2;143;1;3;1;40;                                                                                                    ;;
131;2;143;1;3;1;40;                                                                                                    ;;
132;2;143;1;3;1;40;                                                                                                    ;;
11;2;118;1;3;10;4;NULL;;
12;2;118;1;3;1;40;NULL;;
13;2;118;1;3;1;4;1988;;
14;2;118;2;3;1;40;1992;;
15;2;118;1;3;1;40;NULL;;
16;2;118;1;3;1;4;1989;;
17;2;118;1;3;1;4;1965;;
18;2;118;1;3;1;40;NULL;;
19;2;118;1;3;1;40;NULL;;
20;2;118;1;3;1;4;NULL;;
32;2;174;2;1;1;40;1986;;
33;2;174;1;1;1;40;1977;;
34;2;174;2;2;1;40;1995;;
35;2;174;1;2;1;4;1988;;
11;2;113;1;3;1;40;1985;;
21;2;113;1;3;1;40;1986;;
22;2;113;1;3;10;40;1992;;
23;2;113;1;3;1;4;1974;;
12;2;113;1;3;1;40;1974;;
36;2;174;1;2;1;4;1998;;
37;2;174;1;1;1;40;1977;;
16;2;73;1;3;1;40;1977;;
17;2;73;1;3;6;4;1976;;
18;2;73;1;3;1;4;1976;;
13;2;113;1;3;1;40;1984;;
19;2;73;1;3;6;4;1969;;
20;2;73;1;3;6;4;1977;;
1;2;16;1;1;1;4;1967;;
2;2;16;1;1;1;4;1966;;
3;2;16;1;1;1;4;1966;;
14;2;113;1;3;6;40;1998;;
50;1;164;1;3;1;13;NULL;;
66;1;164;1;3;1;13;NULL;;
67;1;164;1;3;1;13;NULL;;
68;1;164;2;3;1;13;NULL;;
69;1;164;1;3;1;14;NULL;;
70;1;164;1;3;1;14;NULL;;
76;1;164;2;3;1;14;NULL;;
77;1;164;1;3;1;14;NULL;;
78;1;164;1;3;1;14;NULL;;
79;1;164;1;3;1;14;NULL;;
80;1;164;1;3;1;13;NULL;;
87;1;164;2;3;14;14;NULL;;
1;1;165;1;1;1;14;NULL;;
2;1;165;1;1;1;14;NULL;;
3;1;165;1;3;1;14;NULL;;
4;1;165;1;3;1;14;NULL;;
5;1;165;2;3;1;14;NULL;;
6;1;165;1;3;1;14;NULL;;
7;1;165;1;3;1;13;NULL;;
8;1;165;1;3;1;14;NULL;;
9;1;165;1;3;1;14;NULL;;
10;1;165;1;3;1;14;NULL;;
26;1;165;2;3;1;14;NULL;;
27;1;165;1;3;1;14;NULL;;
11;1;165;1;3;1;15;NULL;;
28;1;165;1;3;1;14;NULL;;
29;1;165;1;3;1;14;NULL;;
30;1;165;1;3;1;14;NULL;;
41;1;165;1;3;1;14;NULL;;
42;1;165;1;3;1;14;NULL;;
12;1;165;2;3;1;14;NULL;;
21;1;165;1;3;1;14;NULL;;
22;1;165;1;3;1;14;NULL;;
23;1;165;1;3;1;14;NULL;;
24;1;165;1;3;1;14;NULL;;
25;1;165;2;3;1;14;NULL;;
13;1;165;2;3;1;13;NULL;;
43;1;165;2;3;1;14;NULL;;
44;1;165;1;3;1;14;NULL;;
45;1;165;1;3;1;14;NULL;;
46;1;165;1;3;1;14;NULL;;
47;1;165;1;3;1;14;NULL;;
14;1;165;1;3;1;14;NULL;;
15;1;165;1;3;1;14;NULL;;
16;1;165;1;3;1;14;NULL;;
17;1;165;1;3;1;14;NULL;;
18;1;165;1;3;1;14;NULL;;
19;1;165;1;3;1;14;NULL;;
15;2;113;1;3;1;40;1986;;
16;2;113;1;3;1;4;1976;;
17;2;113;1;3;10;40;1978;;
18;2;113;1;3;1;40;1993;;
19;2;113;1;3;1;40;1993;;
20;2;113;1;3;1;4;1988;;
31;2;174;2;1;1;40;1982;;
24;2;113;1;3;1;40;1978;;
11;2;73;1;3;1;40;1979;;
12;2;73;1;1;1;40;1990;;
13;2;73;1;3;3;40;1982;;
14;2;73;1;3;1;40;1985;;
15;2;73;1;3;1;40;1973;;
25;2;113;1;3;1;40;1986;;
26;2;113;1;1;10;4;1967;;
32;2;112;1;3;1;40;1990;;
33;2;112;1;3;1;40;1993;;
34;2;112;1;3;1;40;1997;;
35;2;112;1;3;1;40;                                                                                                    ;;
27;2;112;1;3;1;40;1990;;
4;2;16;1;1;1;4;1972;;
5;2;16;1;1;1;4;1968;;
6;2;16;1;1;1;4;1968;;
7;2;16;1;1;1;4;1973;;
8;2;16;1;1;1;4;1988;;
9;2;16;1;1;1;4;1988;;
10;2;16;1;3;1;40;1988;;
11;2;16;1;3;1;40;1972;;
12;2;16;1;3;1;40;1965;;
13;2;16;1;3;1;4;1982;;
14;2;16;1;3;1;41;1973;;
15;2;16;1;3;1;4;1965;;
16;2;16;1;3;1;4;1970;;
17;2;16;1;3;1;4;1967;;
18;2;16;1;3;1;4;1983;;
19;2;16;1;3;1;4;1966;;
20;2;16;1;3;1;40;1973;;
21;2;73;1;3;1;40;1965;;
22;2;73;1;3;1;40;04/06/1905;;
23;2;73;1;3;1;40;26/01/1989;;
24;2;73;1;3;1;40;1978;;
25;2;73;1;3;1;4;17/05/1905;;
26;2;73;1;3;3;4;29/12/1992;;
27;2;73;1;3;1;4;11/02/1987;;
28;2;73;1;3;1;4;03/05/1987;;
29;2;73;1;3;3;40;24/06/1985;;
30;2;73;1;3;1;40;1986;;
21;2;16;1;3;1;4;1977;;
22;2;16;1;3;1;4;1975;;
23;2;16;1;3;1;4;1974;;
24;2;16;1;3;1;4;1959;;
25;2;16;1;3;1;4;1980;;
26;2;16;1;3;1;4;1989;;
27;2;16;2;3;1;4;1988;;
28;2;16;1;4;1;40;1989;;
29;2;16;1;3;1;4;1983;;
30;2;16;1;3;1;4;1980;;
1;2;124;1;1;1;41;1996;;
2;2;124;2;3;1;40;1994;;
3;2;124;1;3;1;4;1991;;
4;2;124;2;3;1;40;1991;;
5;2;124;1;3;1;4;1992;;
6;2;124;1;3;1;4;1993;;
7;2;124;1;3;1;4;1980;;
8;2;124;1;3;1;4;1986;;
9;2;124;1;3;1;4;1990;;
10;2;124;1;3;1;40;1997;;
14;2;124;1;3;1;4;1993;;
15;2;124;2;3;1;40;1975;;
16;2;124;1;3;1;40;1990;;
17;2;124;2;3;1;40;1987;;
18;2;124;1;3;1;40;1980;;
19;2;124;2;3;1;4;1990;;
20;2;124;1;3;1;4;12/06/1905;;
27;2;74;1;2;1;4;25/12/1978;;
28;2;112;1;3;1;40;1996;;
29;2;112;1;3;10;40;1991;;
30;2;112;1;3;1;40;1988;;
31;2;112;1;3;1;40;1980;;
1;2;91;1;1;1;40;                                                                                                    ;;
2;2;91;2;1;1;40;                                                                                                    ;;
3;2;91;1;1;2;40;                                                                                                    ;;
4;2;91;1;1;2;42;                                                                                                    ;;
5;2;91;1;1;2;42;                                                                                                    ;;
6;2;91;1;1;2;42;                                                                                                    ;;
7;2;91;1;1;1;4;                                                                                                    ;;
8;2;91;2;1;1;40;                                                                                                    ;;
9;2;91;1;1;1;4;                                                                                                    ;;
41;2;73;1;3;1;40;20/11/1982;;
42;2;73;1;3;1;40;12/04/1970;;
11;2;124;1;3;1;40;1975;;
12;2;124;1;3;1;40;1986;;
13;2;124;1;3;1;4;1982;;
10;2;91;1;1;1;40;                                                                                                    ;;
31;2;73;1;3;1;40;1990;;
32;2;73;1;3;3;4;1974;;
33;2;73;1;3;1;40;15/05/1905;;
34;2;73;1;3;5;4;02/06/1985;;
35;2;73;1;3;1;40;1983;;
36;2;73;1;3;1;40;1986;;
5;2;205;2;1;1;40;                                                                                                    ;;
6;2;205;1;3;1;4;                                                                                                    ;;
7;2;205;1;3;1;40;                                                                                                    ;;
8;2;205;1;3;1;40;                                                                                                    ;;
9;2;205;1;3;1;4;                                                                                                    ;;
37;2;73;1;1;3;40;28/10/1983;;
21;2;124;1;3;1;4;1987;;
1;2;205;1;3;1;40;                                                                                                    ;;
2;2;205;2;3;1;40;                                                                                                    ;;
3;2;205;1;1;1;4;                                                                                                    ;;
4;2;205;2;3;1;40;                                                                                                    ;;
38;2;73;1;3;3;4;09/01/1984;;
10;2;205;1;3;1;4;                                                                                                    ;;
12;2;112;1;3;1;40;1994;;
13;2;112;1;3;1;4;1991;;
14;2;112;1;3;1;4;1987;;
15;2;112;1;3;1;40;1998;;
39;2;73;1;3;1;40;1990;;
40;2;73;2;3;1;40;19\05\1993                                                                                          ;;
31;2;16;1;3;1;4;1970;;
32;2;16;1;3;1;40;1985;;
33;2;16;1;4;1;40;1991;;
34;2;16;1;3;1;4;1966;;
35;2;16;1;3;1;4;1983;;
36;2;16;2;3;1;4;1989;;
37;2;16;1;3;1;4;1965;;
38;2;16;1;3;1;4;1981;;
39;2;16;1;3;1;4;1980;;
40;2;16;1;3;1;4;1988;;
11;2;215;1;3;1;40;1974;;
12;2;215;1;3;1;40;1983;;
13;2;215;1;3;1;40;1981;;
14;2;215;1;3;1;40;1988;;
15;2;215;1;3;1;40;1978;;
21;2;91;1;3;2;4;                                                                                                    ;;
41;2;16;1;3;1;4;1964;;
42;2;16;1;3;1;40;1989;;
43;2;16;1;3;1;40;1974;;
44;2;16;1;3;1;40;1973;;
45;2;16;1;3;1;4;1972;;
46;2;16;1;3;1;4;1989;;
11;2;91;2;1;1;42;                                                                                                    ;;
12;2;91;2;1;2;4;                                                                                                    ;;
13;2;91;1;1;2;4;                                                                                                    ;;
14;2;91;1;1;10;4;                                                                                                    ;;
15;2;91;1;3;1;40;                                                                                                    ;;
16;2;91;2;3;1;40;                                                                                                    ;;
17;2;91;2;3;1;40;                                                                                                    ;;
18;2;91;1;3;1;40;                                                                                                    ;;
19;2;91;2;3;1;40;                                                                                                    ;;
20;2;91;1;3;1;4;                                                                                                    ;;
22;2;91;1;3;8;40;                                                                                                    ;;
23;2;91;1;3;2;4;                                                                                                    ;;
24;2;91;1;3;1;4;                                                                                                    ;;
25;2;91;1;3;1;4;                                                                                                    ;;
26;2;91;1;3;2;40;                                                                                                    ;;
27;2;91;2;3;1;40;                                                                                                    ;;
28;2;91;1;3;1;40;                                                                                                    ;;
29;2;91;1;3;1;40;                                                                                                    ;;
30;2;91;1;3;2;42;                                                                                                    ;;
31;2;91;1;3;2;42;                                                                                                    ;;
32;2;91;1;3;2;42;                                                                                                    ;;
33;2;91;2;3;8;40;                                                                                                    ;;
1;2;106;1;1;1;40;1973;;
2;2;106;1;1;1;40;1982;;
3;2;106;1;1;1;40;1982;;
4;2;106;1;1;1;40;1985;;
5;2;106;1;3;1;40;1973;;
34;2;91;1;3;1;4;                                                                                                    ;;
6;2;106;1;3;3;40;1972;;
7;2;106;1;3;1;40;1978;;
8;2;106;1;3;1;40;1984;;
9;2;106;1;3;1;40;1968;;
10;2;106;1;3;1;40;1985;;
35;2;91;1;3;1;4;                                                                                                    ;;
36;2;91;1;3;1;4;                                                                                                    ;;
37;2;91;2;3;1;40;                                                                                                    ;;
38;2;91;1;3;1;4;                                                                                                    ;;
39;2;91;1;3;1;40;                                                                                                    ;;
40;2;91;2;3;1;40;                                                                                                    ;;
21;2;118;1;3;1;4;NULL;;
21;2;106;1;3;1;40;1973;;
22;2;106;1;3;1;40;1993;;
23;2;106;1;3;1;40;1985;;
24;2;106;1;3;1;40;1984;;
25;2;106;1;3;1;40;1995;;
22;2;118;1;3;1;40;1981;;
41;2;91;1;3;1;4;                                                                                                    ;;
42;2;91;1;3;1;4;                                                                                                    ;;
43;2;91;1;3;1;40;                                                                                                    ;;
44;2;91;1;3;2;40;                                                                                                    ;;
45;2;91;1;3;1;40;                                                                                                    ;;
23;2;118;1;3;1;40;NULL;;
46;2;91;2;3;1;40;                                                                                                    ;;
47;2;91;2;3;1;40;                                                                                                    ;;
48;2;91;1;3;1;4;                                                                                                    ;;
49;2;91;1;3;1;4;                                                                                                    ;;
50;2;91;1;3;1;40;                                                                                                    ;;
24;2;118;1;3;1;40;NULL;;
16;2;106;1;3;1;40;1985;;
17;2;106;1;3;1;40;1988;;
18;2;106;1;3;1;40;1987;;
19;2;106;1;3;1;40;1970;;
20;2;106;1;3;1;40;1997;;
25;2;118;1;3;1;40;1991;;
31;2;118;1;3;1;4;NULL;;
32;2;118;1;3;1;40;1970;;
33;2;118;1;3;1;4;1993;;
34;2;118;1;3;1;4;1973;;
35;2;118;1;3;1;4;NULL;;
26;2;118;1;3;1;40;NULL;;
41;2;118;1;3;1;40;NULL;;
42;2;118;1;3;1;40;NULL;;
43;2;118;1;3;1;40;NULL;;
44;2;118;1;3;1;4;1992;;
45;2;118;1;3;1;4;1992;;
27;2;118;1;3;1;4;NULL;;
28;2;118;1;3;8;41;NULL;;
29;2;118;1;3;1;4;1990;;
30;2;118;1;3;1;40;1968;;
36;2;112;1;3;1;40;1970;;
11;2;106;1;3;1;40;1985;;
12;2;106;1;3;1;40;1988;;
13;2;106;1;3;1;40;1977;;
14;2;106;1;3;1;40;1998;;
15;2;106;1;3;1;40;1989;;
36;2;118;1;3;1;4;1961;;
37;2;118;1;3;1;4;1969;;
38;2;118;1;3;1;4;NULL;;
39;2;118;1;3;1;4;1970;;
40;2;118;1;3;1;40;1979;;
1;2;137;1;1;1;4;1982;;
2;2;137;1;3;1;4;1989;;
3;2;137;1;3;5;4;1991;;
4;2;137;1;3;5;4;1984;;
5;2;137;1;3;1;4;1986;;
6;2;137;1;3;3;4;1990;;
7;2;137;1;3;10;4;1989;;
8;2;137;1;3;1;4;1984;;
9;2;137;1;3;1;4;1989;;
10;2;137;1;3;1;4;1984;;
51;2;91;1;3;1;40;                                                                                                    ;;
52;2;91;2;3;1;40;                                                                                                    ;;
53;2;91;1;3;1;4;                                                                                                    ;;
71;2;91;1;3;1;4;                                                                                                    ;;
11;2;59;1;3;1;4;1989;;
12;2;59;1;3;1;40;1991;;
13;2;59;1;3;1;42;1989;;
14;2;59;1;3;1;4;1993;;
54;2;91;1;3;1;4;                                                                                                    ;;
16;2;74;1;2;1;4;25/08/1983;;
17;2;74;1;2;1;4;24/03/1979;;
11;2;22;1;3;1;41;1995;;
12;2;22;1;3;1;40;1995;;
11;2;178;1;3;1;40;                                                                                                    ;;
55;2;91;2;3;1;40;                                                                                                    ;;
26;2;106;1;3;1;40;1992;;
46;2;112;1;3;1;40;1991;;
47;2;112;1;3;1;4;1990;;
48;2;112;1;3;1;40;1991;;
49;2;112;1;3;1;40;1995;;
56;2;91;1;3;1;40;                                                                                                    ;;
57;2;91;1;3;1;4;                                                                                                    ;;
50;2;118;1;3;1;40;1961;;
58;2;91;1;3;1;40;                                                                                                    ;;
50;2;112;1;3;1;40;1992;;
46;2;118;1;3;1;4;1985;;
47;2;118;1;3;1;40;1985;;
48;2;118;1;3;1;4;NULL;;
49;2;118;1;3;1;4;NULL;;
59;2;91;1;3;1;40;                                                                                                    ;;
60;2;91;1;3;2;4;                                                                                                    ;;
61;2;91;1;3;1;40;                                                                                                    ;;
62;2;91;1;3;1;4;                                                                                                    ;;
63;2;91;1;3;1;4;                                                                                                    ;;
64;2;91;1;3;1;4;                                                                                                    ;;
65;2;91;1;3;2;4;                                                                                                    ;;
66;2;91;2;3;1;40;                                                                                                    ;;
67;2;91;1;3;1;4;                                                                                                    ;;
68;2;91;1;3;1;4;                                                                                                    ;;
69;2;91;1;3;1;4;                                                                                                    ;;
70;2;91;2;3;1;40;                                                                                                    ;;
11;2;205;2;1;1;40;                                                                                                    ;;
12;2;205;1;3;1;4;                                                                                                    ;;
13;2;205;1;3;10;4;                                                                                                    ;;
14;2;205;1;3;1;4;                                                                                                    ;;
15;2;205;1;3;1;40;                                                                                                    ;;
16;2;205;1;3;1;4;                                                                                                    ;;
17;2;205;1;3;1;40;                                                                                                    ;;
18;2;205;1;3;1;4;                                                                                                    ;;
19;2;205;1;3;1;40;                                                                                                    ;;
20;2;205;2;1;1;40;                                                                                                    ;;
51;2;118;1;3;8;4;NULL;;
52;2;118;1;3;1;4;1983;;
53;2;118;1;3;1;40;NULL;;
54;2;118;1;3;6;40;NULL;;
55;2;118;1;3;1;40;NULL;;
56;2;118;1;3;1;4;1985;;
57;2;118;1;3;1;4;NULL;;
58;2;118;1;3;1;40;1987;;
59;2;118;1;3;1;4;NULL;;
60;2;118;1;3;1;4;NULL;;
1;2;178;1;3;1;40;                                                                                                    ;;
2;2;178;1;3;1;40;                                                                                                    ;;
3;2;178;1;3;1;40;                                                                                                    ;;
4;2;178;1;3;1;41;                                                                                                    ;;
5;2;178;2;3;1;40;                                                                                                    ;;
6;2;178;1;3;1;40;                                                                                                    ;;
7;2;178;1;1;1;40;                                                                                                    ;;
8;2;178;1;3;1;40;                                                                                                    ;;
9;2;178;1;3;1;40;                                                                                                    ;;
10;2;178;1;3;1;40;                                                                                                    ;;
1;2;22;1;3;1;40;1983;;
2;2;22;1;3;8;40;1986;;
3;2;22;1;3;1;40;1980;;
4;2;22;1;3;1;41;1991;;
5;2;22;1;3;2;40;1980;;
6;2;22;1;3;1;40;1993;;
7;2;22;1;3;8;41;1983;;
61;2;118;1;3;1;4;NULL;;
62;2;118;1;3;10;4;1979;;
63;2;118;1;3;1;40;NULL;;
64;2;118;1;3;1;4;NULL;;
65;2;118;1;3;1;4;NULL;;
8;2;22;1;3;1;41;1967;;
9;2;22;1;3;1;40;1978;;
10;2;22;1;3;1;40;1980;;
12;2;178;1;3;1;40;                                                                                                    ;;
13;2;178;1;3;1;40;                                                                                                    ;;
14;2;178;1;3;1;4;                                                                                                    ;;
21;2;205;1;3;1;40;                                                                                                    ;;
15;2;178;1;3;1;4;                                                                                                    ;;
16;2;178;1;3;1;4;                                                                                                    ;;
17;2;178;1;3;1;4;                                                                                                    ;;
18;2;178;1;3;1;4;                                                                                                    ;;
19;2;178;1;3;1;4;                                                                                                    ;;
22;2;205;1;3;1;40;                                                                                                    ;;
23;2;205;1;3;1;40;                                                                                                    ;;
24;2;205;1;3;1;40;                                                                                                    ;;
25;2;205;2;3;1;40;                                                                                                    ;;
26;2;205;1;3;1;40;                                                                                                    ;;
27;2;205;1;1;1;40;                                                                                                    ;;
28;2;205;2;3;1;40;                                                                                                    ;;
29;2;205;1;1;1;42;                                                                                                    ;;
30;2;205;2;3;1;40;                                                                                                    ;;
21;2;178;1;3;1;4;                                                                                                    ;;
22;2;178;1;3;1;4;                                                                                                    ;;
23;2;178;1;3;1;40;                                                                                                    ;;
20;2;178;1;3;1;4;                                                                                                    ;;
21;2;74;1;2;1;4;1980;;
22;2;74;1;2;5;4;19/05/1905;;
23;2;74;1;2;3;4;01/07/1974;;
24;2;74;1;2;3;4;17/12/1974;;
25;2;74;1;2;1;4;1978;;
24;2;178;1;3;1;40;                                                                                                    ;;
25;2;178;1;3;1;40;                                                                                                    ;;
26;2;178;1;3;1;40;                                                                                                    ;;
27;2;178;1;3;1;40;                                                                                                    ;;
28;2;178;1;3;1;40;                                                                                                    ;;
29;2;178;1;3;2;40;                                                                                                    ;;
30;2;178;1;3;1;40;                                                                                                    ;;
52;2;112;1;3;2;40;1983;;
53;2;112;1;3;1;40;1995;;
54;2;112;1;3;1;40;1992;;
55;2;112;1;3;1;40;1995;;
56;2;112;1;3;1;4;1988;;
29;2;94;1;3;1;40;1987;;
30;2;94;2;3;1;41;1984;;
11;2;137;2;3;1;4;1980;;
12;2;137;1;3;1;4;1983;;
13;2;137;1;3;10;4;1986;;
14;2;137;1;3;1;4;1986;;
15;2;137;1;3;3;4;1986;;
16;2;137;1;3;6;4;1975;;
17;2;137;1;3;6;4;1977;;
18;2;137;1;3;6;4;1979;;
19;2;137;1;3;1;40;1971;;
36;2;94;1;1;1;40;1985;;
1;2;226;1;3;1;40;                                                                                                    ;;
31;2;178;1;3;1;40;                                                                                                    ;;
32;2;178;1;3;1;40;                                                                                                    ;;
33;2;178;1;3;1;40;                                                                                                    ;;
34;2;178;2;3;1;40;                                                                                                    ;;
35;2;178;1;3;1;4;                                                                                                    ;;
2;2;226;1;3;1;40;                                                                                                    ;;
3;2;226;1;3;1;40;                                                                                                    ;;
4;2;226;1;3;1;40;                                                                                                    ;;
5;2;226;1;3;1;40;                                                                                                    ;;
6;2;226;1;3;1;40;                                                                                                    ;;
7;2;226;1;3;2;42;                                                                                                    ;;
8;2;226;1;5;1;40;                                                                                                    ;;
1;2;23;1;3;1;40;                                                                                                    ;;
2;2;23;1;3;1;40;                                                                                                    ;;
3;2;23;1;1;1;40;                                                                                                    ;;
4;2;23;1;3;1;40;                                                                                                    ;;
5;2;23;1;3;1;40;                                                                                                    ;;
36;2;178;1;3;1;40;                                                                                                    ;;
37;2;178;1;3;1;40;                                                                                                    ;;
38;2;178;1;3;1;40;                                                                                                    ;;
39;2;178;1;3;1;40;                                                                                                    ;;
40;2;178;1;3;1;40;                                                                                                    ;;
19;2;74;1;2;9;4;18/05/1905;;
14;2;74;1;2;6;4;05/02/1968;;
31;2;94;1;3;1;40;1999;;
32;2;94;1;3;1;40;1964;;
33;2;94;1;3;1;40;1982;;
34;2;94;1;3;1;4;1990;;
35;2;94;1;3;1;4;1992;;
37;2;94;2;1;1;41;1982;;
41;2;178;1;3;8;41;                                                                                                    ;;
6;2;23;1;3;1;40;                                                                                                    ;;
7;2;23;1;3;1;40;                                                                                                    ;;
8;2;23;1;1;1;40;                                                                                                    ;;
9;2;23;1;3;1;40;                                                                                                    ;;
38;2;94;1;1;1;41;1964;;
11;2;23;1;1;1;40;                                                                                                    ;;
12;2;23;1;1;1;40;                                                                                                    ;;
13;2;23;1;1;1;40;                                                                                                    ;;
14;2;23;1;3;1;40;                                                                                                    ;;
15;2;23;2;3;1;40;                                                                                                    ;;
10;2;23;1;3;1;40;                                                                                                    ;;
6;2;157;1;1;1;42;1970;;
7;2;157;1;3;2;4;1977;;
8;2;157;1;3;8;4;1974;;
9;2;157;1;3;1;4;1975;;
10;2;157;1;3;2;4;1965;;
1;2;138;2;3;1;40;                                                                                                    ;;
11;2;151;1;3;1;41;                                                                                                    ;;
12;2;151;2;3;1;40;                                                                                                    ;;
13;2;151;1;3;1;41;                                                                                                    ;;
14;2;151;1;3;1;41;                                                                                                    ;;
15;2;151;1;3;1;41;                                                                                                    ;;
2;2;138;1;3;2;42;                                                                                                    ;;
3;2;138;1;3;1;42;                                                                                                    ;;
4;2;138;2;3;1;42;                                                                                                    ;;
5;2;138;1;3;1;40;                                                                                                    ;;
6;2;138;1;3;1;40;                                                                                                    ;;
7;2;138;1;3;1;40;                                                                                                    ;;
8;2;138;1;3;1;40;                                                                                                    ;;
9;2;138;1;3;1;42;                                                                                                    ;;
10;2;138;1;3;1;40;                                                                                                    ;;
11;2;138;1;3;1;42;                                                                                                    ;;
12;2;138;1;3;1;42;                                                                                                    ;;
13;2;138;1;3;1;40;                                                                                                    ;;
1;2;239;1;3;1;40;                                                                                                    ;;
16;2;151;1;3;1;41;                                                                                                    ;;
17;2;151;1;3;1;41;                                                                                                    ;;
18;2;151;1;3;1;4;                                                                                                    ;;
19;2;151;1;3;1;40;                                                                                                    ;;
20;2;151;2;3;1;40;                                                                                                    ;;
2;2;239;1;3;1;40;                                                                                                    ;;
3;2;239;1;3;1;40;                                                                                                    ;;
4;2;239;1;3;1;4;                                                                                                    ;;
5;2;239;2;3;1;40;                                                                                                    ;;
6;2;239;1;3;1;4;                                                                                                    ;;
7;2;239;1;3;1;4;                                                                                                    ;;
8;2;239;1;3;1;4;                                                                                                    ;;
1;2;151;1;3;1;41;                                                                                                    ;;
2;2;151;1;3;1;40;                                                                                                    ;;
3;2;151;1;3;1;40;                                                                                                    ;;
4;2;151;1;3;1;41;                                                                                                    ;;
5;2;151;1;3;1;40;                                                                                                    ;;
9;2;239;1;3;1;4;                                                                                                    ;;
10;2;239;1;3;1;4;                                                                                                    ;;
9;2;99;1;1;1;42;1984;;
10;2;99;2;1;1;42;1973;;
21;2;151;1;3;1;40;                                                                                                    ;;
22;2;151;1;3;1;41;                                                                                                    ;;
6;2;151;1;3;1;41;                                                                                                    ;;
4;2;99;2;1;1;40;1964;;
5;2;99;2;1;1;40;1981;;
6;2;99;1;1;1;40;1968;;
7;2;99;1;1;1;40;1973;;
8;2;99;1;1;1;40;1975;;
7;2;151;1;3;1;41;                                                                                                    ;;
1;2;157;1;1;8;4;1981;;
2;2;157;1;1;1;40;1955;;
3;2;157;1;1;1;4;1987;;
4;2;157;1;1;8;42;2003;;
5;2;157;1;1;8;42;1964;;
8;2;151;2;3;1;41;                                                                                                    ;;
9;2;151;1;3;1;41;                                                                                                    ;;
10;2;151;1;3;1;41;                                                                                                    ;;
1;2;99;1;1;1;40;1973;;
2;2;99;1;1;1;40;1963;;
3;2;99;1;1;1;40;1969;;
11;2;157;1;3;8;4;1976;;
12;2;157;1;3;1;4;1962;;
13;2;157;1;3;1;4;1969;;
31;2;151;1;3;1;41;                                                                                                    ;;
32;2;151;1;3;1;40;                                                                                                    ;;
33;2;151;2;3;1;40;                                                                                                    ;;
23;2;151;1;3;1;41;                                                                                                    ;;
11;2;99;1;1;1;40;1971;;
12;2;99;2;1;1;40;1973;;
13;2;99;2;1;1;40;1964;;
14;2;99;2;1;1;40;1974;;
15;2;99;1;2;1;40;1984;;
24;2;151;2;3;1;41;                                                                                                    ;;
11;2;239;1;3;1;4;                                                                                                    ;;
12;2;239;1;3;1;4;                                                                                                    ;;
13;2;239;1;3;1;4;12/12/1984;;
14;2;239;1;1;1;4;31/12/1984;;
15;2;239;1;3;1;40;01/01/1981;;
25;2;151;1;3;1;40;                                                                                                    ;;
26;2;151;1;3;1;41;                                                                                                    ;;
27;2;151;1;3;1;41;                                                                                                    ;;
28;2;151;1;3;1;41;                                                                                                    ;;
29;2;151;1;3;1;40;                                                                                                    ;;
30;2;151;1;3;1;40;                                                                                                    ;;
34;2;151;1;3;1;40;                                                                                                    ;;
35;2;151;1;3;1;40;                                                                                                    ;;
36;2;151;1;3;1;40;                                                                                                    ;;
37;2;151;1;3;1;40;                                                                                                    ;;
38;2;151;1;3;1;41;                                                                                                    ;;
39;2;151;1;3;1;40;                                                                                                    ;;
40;2;151;1;3;1;40;                                                                                                    ;;
51;2;151;2;3;1;41;                                                                                                    ;;
52;2;151;2;3;4;41;                                                                                                    ;;
53;2;151;1;3;2;41;                                                                                                    ;;
54;2;151;1;3;1;41;                                                                                                    ;;
55;2;151;1;3;2;41;                                                                                                    ;;
16;2;239;1;3;1;40;01/01/1988;;
56;2;151;2;3;1;40;                                                                                                    ;;
57;2;151;1;3;1;41;                                                                                                    ;;
58;2;151;2;1;1;41;                                                                                                    ;;
59;2;151;1;1;1;41;                                                                                                    ;;
60;2;151;2;1;1;41;                                                                                                    ;;
17;2;239;1;3;1;4;01/01/1973;;
44;2;151;1;3;1;40;                                                                                                    ;;
45;2;151;1;3;1;40;                                                                                                    ;;
46;2;151;2;3;1;41;                                                                                                    ;;
47;2;151;1;3;1;41;                                                                                                    ;;
48;2;151;2;3;2;41;                                                                                                    ;;
18;2;239;1;3;1;4;31/12/1967;;
19;2;239;1;3;1;4;1966;;
20;2;239;1;3;1;4;1996;;
41;2;151;1;3;1;40;                                                                                                    ;;
42;2;151;1;3;1;40;                                                                                                    ;;
43;2;151;1;3;1;40;                                                                                                    ;;
49;2;151;1;3;1;41;                                                                                                    ;;
61;2;151;1;1;1;40;                                                                                                    ;;
62;2;151;2;1;1;41;                                                                                                    ;;
63;2;151;2;1;1;41;                                                                                                    ;;
64;2;151;2;1;1;41;                                                                                                    ;;
65;2;151;1;1;1;41;                                                                                                    ;;
50;2;151;2;3;1;41;                                                                                                    ;;
11;2;57;1;3;1;40;1975;;
12;2;57;1;3;1;40;1971;;
13;2;57;1;1;1;40;1971;;
14;2;57;1;1;1;41;1971;;
15;2;57;1;3;1;40;1979;;
66;2;151;2;1;1;41;                                                                                                    ;;
1;2;78;1;3;1;41;NULL;;
2;2;78;1;3;1;41;NULL;;
3;2;78;1;3;1;41;NULL;;
4;2;78;1;3;1;41;NULL;;
5;2;78;1;3;1;41;NULL;;
67;2;151;1;1;1;41;                                                                                                    ;;
6;2;78;1;3;1;41;NULL;;
7;2;78;1;3;1;41;NULL;;
8;2;78;1;3;1;41;NULL;;
9;2;78;1;3;1;41;NULL;;
10;2;78;1;3;1;41;NULL;;
1;2;57;1;1;1;41;1977;;
2;2;57;1;3;1;41;1975;;
3;2;57;1;3;1;41;1987;;
4;2;57;1;3;1;41;1974;;
5;2;57;1;3;1;41;1983;;
6;2;57;1;3;1;41;1968;;
7;2;57;1;3;1;41;1979;;
8;2;57;1;3;1;41;1975;;
9;2;57;1;3;1;41;1980;;
10;2;57;1;3;1;4;1958;;
5;2;79;1;3;1;40;1979;;
6;2;79;1;3;1;42;1978;;
11;2;78;2;3;1;41;NULL;;
7;2;79;1;3;1;40;1982;;
8;2;79;2;3;1;40;1992;;
9;2;79;1;3;1;40;1959;;
10;2;79;1;3;1;40;1982;;
1;2;66;1;3;1;4;1971;;
12;2;78;1;3;1;41;NULL;;
3;2;95;1;3;1;4;1977;;
4;2;95;1;3;1;4;1981;;
5;2;95;1;3;1;4;1979;;
6;2;95;1;3;1;4;1965;;
7;2;95;1;3;1;4;1976;;
13;2;78;1;3;1;41;NULL;;
14;2;78;1;3;1;41;NULL;;
15;2;78;1;3;1;41;NULL;;
16;2;78;1;3;1;41;NULL;;
17;2;78;1;3;1;41;NULL;;
18;2;78;1;3;1;41;NULL;;
19;2;78;1;3;1;41;NULL;;
2;2;66;1;3;1;4;1980;;
3;2;66;2;3;1;4;1982;;
4;2;66;1;3;1;4;1977;;
5;2;66;1;3;1;4;1978;;
6;2;66;1;3;1;4;1980;;
20;2;78;1;3;1;41;NULL;;
21;2;78;1;3;1;41;1970;;
22;2;78;1;3;1;41;NULL;;
23;2;78;2;3;1;41;1967;;
24;2;78;1;3;1;41;1968;;
25;2;78;1;3;1;41;NULL;;
26;2;78;1;3;1;41;1970;;
27;2;78;1;3;1;41;1967;;
28;2;78;1;3;1;41;NULL;;
29;2;78;1;3;1;41;1962;;
30;2;78;1;3;1;41;1972;;
31;2;78;1;3;1;41;1963;;
32;2;78;1;3;1;4;1973;;
33;2;78;1;3;1;41;1958;;
34;2;78;1;3;1;41;NULL;;
35;2;78;1;3;1;41;1973;;
36;2;78;1;3;1;41;1978;;
37;2;78;1;3;1;41;1961;;
38;2;78;1;3;1;41;1974;;
27;2;33;1;3;1;40;1973;;
28;2;33;1;3;1;40;1953;;
29;2;33;1;3;1;40;1986;;
30;2;33;1;3;1;40;1993;;
1;2;95;1;1;1;4;1955;;
39;2;78;1;3;1;41;1961;;
8;2;95;1;3;1;4;1968;;
9;2;95;1;3;1;4;1989;;
10;2;95;1;3;1;4;1983;;
46;2;33;1;3;1;4;1976;;
47;2;33;1;3;1;4;NULL;;
40;2;78;2;3;1;41;1975;;
21;2;33;1;3;1;40;1972;;
1;2;79;1;3;1;40;1974;;
2;2;79;1;3;1;40;1957;;
3;2;79;1;3;1;40;1982;;
4;2;79;1;3;1;42;1972;;
1;2;33;2;1;1;40;1994;;
2;2;33;1;1;1;4;1995;;
3;2;33;1;1;1;4;1990;;
4;2;33;1;3;1;40;1983;;
5;2;33;1;1;1;40;1995;;
6;2;33;1;3;1;40;1972;;
7;2;33;2;3;1;40;1989;;
51;2;78;2;3;1;41;1989;;
52;2;78;1;3;1;40;1980;;
53;2;78;1;3;1;42;NULL;;
54;2;78;1;3;1;40;1980;;
2;2;95;1;1;1;4;1967;;
8;2;33;2;3;1;40;1980;;
9;2;33;2;3;1;40;1961;;
10;2;33;1;3;1;40;1978;;
41;2;78;1;3;1;41;NULL;;
42;2;78;1;3;1;41;NULL;;
43;2;78;2;3;1;41;1973;;
44;2;78;1;3;1;41;1971;;
45;2;78;1;3;1;41;1984;;
46;2;78;1;3;1;41;NULL;;
47;2;78;1;3;1;41;1960;;
48;2;78;1;3;1;41;NULL;;
49;2;78;1;3;1;41;1962;;
50;2;78;1;3;1;41;1972;;
11;2;33;1;3;1;4;1977;;
12;2;33;1;3;1;40;1969;;
13;2;33;1;3;1;40;1963;;
14;2;33;1;3;1;40;192;;
15;2;33;1;3;1;40;1973;;
16;2;33;1;3;1;40;1972;;
17;2;33;2;3;1;40;1976;;
18;2;33;1;3;1;4;1982;;
19;2;33;1;3;1;4;1989;;
20;2;33;1;3;1;42;16/06/1905;;
21;2;239;1;3;1;4;15/07/1959;;
22;2;239;1;3;1;4;                                                                                                    ;;
22;2;33;1;3;1;4;1990;;
23;2;33;1;3;1;4;1957;;
24;2;33;2;3;1;40;1960;;
25;2;33;1;3;1;4;1991;;
26;2;33;2;3;1;40;1994;;
7;2;66;2;3;1;4;1984;;
11;2;66;1;3;6;4;1984;;
12;2;66;1;3;5;4;1985;;
13;2;66;2;3;6;4;1984;;
14;2;66;1;3;5;4;1985;;
15;2;66;1;3;5;4;1978;;
8;2;66;2;3;6;4;1984;;
9;2;66;1;3;6;4;1986;;
10;2;66;1;3;5;4;1983;;
1;2;110;1;3;1;40;NULL;;
2;2;110;1;3;1;40;NULL;;
3;2;110;1;3;2;40;NULL;;
4;2;110;1;1;1;40;NULL;;
5;2;110;1;3;1;40;NULL;;
6;2;110;1;3;1;40;NULL;;
7;2;110;1;3;1;40;NULL;;
8;2;110;1;3;1;40;NULL;;
9;2;110;1;3;1;40;NULL;;
10;2;110;1;3;1;40;NULL;;
11;2;79;2;3;1;40;1974;;
12;2;79;1;3;1;40;1980;;
13;2;79;1;3;1;40;1969;;
14;2;79;1;3;1;40;1957;;
15;2;79;1;3;1;40;1979;;
16;2;79;1;3;1;40;1974;;
17;2;79;1;3;1;40;1992;;
18;2;79;1;3;1;40;1967;;
19;2;79;1;3;1;40;1973;;
20;2;79;1;3;1;40;1982;;
21;2;79;1;3;1;40;1982;;
16;2;66;1;3;6;4;1975;;
17;2;66;1;3;6;4;1988;;
18;2;66;1;3;6;4;1987;;
19;2;66;1;3;5;4;1978;;
20;2;66;1;3;6;4;1988;;
11;2;110;1;3;1;40;NULL;;
12;2;110;1;3;1;40;NULL;;
13;2;110;1;3;1;40;NULL;;
14;2;110;1;3;1;40;NULL;;
15;2;110;1;1;1;40;NULL;;
16;2;110;1;3;1;40;NULL;;
17;2;110;1;3;1;40;NULL;;
18;2;110;1;3;1;40;NULL;;
19;2;110;1;3;1;40;NULL;;
20;2;110;1;3;1;40;NULL;;
21;2;110;1;3;1;40;NULL;;
22;2;110;1;3;1;40;NULL;;
23;2;110;1;3;1;40;NULL;;
1;2;98;1;3;1;4;                                                                                                    ;;
61;2;95;1;3;1;40;1976;;
62;2;95;1;3;1;40;1967;;
63;2;95;1;3;8;40;1985;;
64;2;95;1;3;8;40;1987;;
65;2;95;1;3;1;40;1988;;
2;2;98;1;3;1;40;                                                                                                    ;;
66;2;95;1;3;1;40;1996;;
67;2;95;2;3;1;40;1971;;
68;2;95;1;3;2;40;1983;;
69;2;95;1;3;1;40;1983;;
70;2;95;1;3;1;40;1966;;
3;2;98;1;3;1;40;                                                                                                    ;;
4;2;98;1;3;1;40;                                                                                                    ;;
5;2;98;1;3;1;40;                                                                                                    ;;
6;2;98;1;3;1;4;                                                                                                    ;;
7;2;98;1;3;1;40;                                                                                                    ;;
8;2;98;1;3;1;40;                                                                                                    ;;
9;2;98;1;3;1;40;                                                                                                    ;;
10;2;98;1;3;1;40;                                                                                                    ;;
11;2;98;2;3;1;40;                                                                                                    ;;
12;2;98;1;3;1;40;                                                                                                    ;;
13;2;98;1;3;1;40;                                                                                                    ;;
14;2;98;1;3;1;40;                                                                                                    ;;
24;2;110;1;3;1;4;NULL;;
25;2;110;1;3;1;40;NULL;;
26;2;110;1;3;1;40;NULL;;
27;2;110;1;3;1;40;NULL;;
28;2;110;1;3;1;4;NULL;;
15;2;98;1;3;1;40;                                                                                                    ;;
16;2;98;1;3;1;40;                                                                                                    ;;
17;2;98;1;3;1;40;                                                                                                    ;;
18;2;98;1;3;1;40;                                                                                                    ;;
19;2;98;1;3;1;40;                                                                                                    ;;
20;2;98;1;3;1;40;                                                                                                    ;;
21;2;98;1;3;1;40;                                                                                                    ;;
22;2;98;1;3;2;4;                                                                                                    ;;
23;2;98;1;3;1;40;                                                                                                    ;;
24;2;98;1;3;1;40;                                                                                                    ;;
25;2;98;1;3;1;40;                                                                                                    ;;
26;2;98;1;3;1;40;                                                                                                    ;;
27;2;98;1;3;1;40;                                                                                                    ;;
28;2;98;1;3;1;40;                                                                                                    ;;
29;2;98;1;3;1;40;                                                                                                    ;;
30;2;98;1;3;1;40;                                                                                                    ;;
21;2;66;1;3;5;4;1956;;
22;2;66;1;3;6;4;1959;;
23;2;66;2;3;5;4;1960;;
24;2;66;1;3;5;4;1985;;
6;2;109;1;3;1;42;                                                                                                    ;;
7;2;109;1;3;1;42;                                                                                                    ;;
8;2;109;1;3;1;42;                                                                                                    ;;
9;2;109;2;3;1;4;                                                                                                    ;;
10;2;109;1;3;1;40;                                                                                                    ;;
25;2;66;1;3;5;4;1994;;
26;2;66;1;3;1;4;1985;;
27;2;66;1;3;5;4;1984;;
28;2;66;1;3;5;4;1985;;
29;2;66;1;3;5;4;1986;;
30;2;66;1;3;6;4;1988;;
11;2;95;1;3;1;4;1981;;
12;2;95;1;3;1;4;1963;;
13;2;95;1;3;1;4;1972;;
14;2;95;1;3;1;4;1965;;
15;2;95;1;3;1;4;1985;;
16;2;95;1;3;1;4;1972;;
17;2;95;1;3;1;4;1970;;
18;2;95;1;3;10;4;1973;;
19;2;95;1;3;1;40;1970;;
20;2;95;1;3;3;40;1972;;
31;2;98;1;3;1;40;                                                                                                    ;;
32;2;98;1;3;1;40;                                                                                                    ;;
33;2;98;1;3;1;40;                                                                                                    ;;
1;2;109;2;1;1;40;                                                                                                    ;;
2;2;109;1;1;1;40;                                                                                                    ;;
3;2;109;1;3;1;40;                                                                                                    ;;
4;2;109;2;1;1;40;                                                                                                    ;;
5;2;109;2;1;1;40;                                                                                                    ;;
34;2;98;2;3;1;42;                                                                                                    ;;
35;2;98;1;3;1;40;                                                                                                    ;;
36;2;98;1;3;1;40;                                                                                                    ;;
37;2;98;1;3;2;42;                                                                                                    ;;
38;2;98;1;3;1;40;                                                                                                    ;;
39;2;98;1;3;1;40;                                                                                                    ;;
40;2;98;1;3;1;42;                                                                                                    ;;
41;2;98;1;3;1;40;                                                                                                    ;;
21;2;95;1;3;1;40;1988;;
22;2;95;1;3;1;40;1989;;
23;2;95;1;3;1;40;1963;;
24;2;95;1;3;1;40;1965;;
25;2;95;1;3;1;40;1967;;
31;2;33;1;3;1;40;1983;;
32;2;33;1;3;1;4;NULL;;
33;2;33;1;3;1;40;NULL;;
34;2;33;2;3;1;40;NULL;;
35;2;33;2;3;1;40;1965;;
26;2;95;1;3;1;40;1970;;
36;2;33;2;3;1;40;NULL;;
37;2;33;1;3;1;40;1992;;
38;2;33;2;3;1;40;1976;;
39;2;33;2;3;1;40;1995;;
40;2;33;2;3;1;40;1991;;
27;2;95;1;3;1;40;1978;;
41;2;33;1;3;1;40;1987;;
42;2;33;2;3;1;4;1973;;
43;2;33;2;3;1;4;1970;;
44;2;33;1;3;1;4;1966;;
45;2;33;1;3;1;4;1981;;
28;2;95;1;1;1;40;1966;;
29;2;95;1;1;1;40;1971;;
30;2;95;2;1;1;40;1972;;
31;2;95;1;1;1;40;1986;;
32;2;95;1;1;6;40;1993;;
33;2;95;1;3;1;40;1978;;
34;2;95;1;3;1;40;1966;;
35;2;95;1;3;1;40;1961;;
36;2;95;1;3;1;40;1967;;
37;2;95;1;3;1;40;1958;;
38;2;95;1;3;1;40;1959;;
39;2;95;1;3;1;40;1974;;
40;2;95;1;3;1;40;1973;;
11;2;109;1;3;1;42;                                                                                                    ;;
12;2;109;1;3;1;42;                                                                                                    ;;
13;2;109;1;5;1;40;                                                                                                    ;;
14;2;109;1;3;1;42;                                                                                                    ;;
15;2;109;1;3;1;42;                                                                                                    ;;
16;2;109;1;3;1;40;                                                                                                    ;;
17;2;109;2;3;1;40;                                                                                                    ;;
31;2;66;1;3;5;4;1968;;
32;2;66;1;3;5;4;1958;;
33;2;66;1;3;5;4;1978;;
34;2;66;1;3;5;4;1956;;
35;2;66;1;3;6;4;1975;;
36;2;66;1;3;5;4;1993;;
37;2;66;1;3;6;4;1985;;
38;2;66;1;3;5;4;1984;;
39;2;66;1;3;5;4;1986;;
40;2;66;1;3;6;4;1984;;
41;2;95;1;3;1;40;1985;;
42;2;95;1;3;1;40;1984;;
43;2;95;1;3;1;40;1967;;
44;2;95;1;3;1;40;1982;;
45;2;95;1;3;1;40;1974;;
46;2;95;1;3;1;40;1982;;
47;2;95;1;3;1;40;1988;;
48;2;95;1;3;1;40;1982;;
49;2;95;1;3;1;40;1979;;
50;2;95;1;3;1;40;1985;;
41;2;66;1;3;5;4;1975;;
42;2;66;1;3;5;4;1975;;
43;2;66;1;3;6;4;1977;;
44;2;66;2;3;5;4;1976;;
45;2;66;1;3;6;4;1974;;
46;2;66;1;3;6;4;1975;;
47;2;66;2;3;6;4;1973;;
48;2;66;1;3;5;4;1977;;
49;2;66;1;3;5;4;1986;;
51;2;95;1;3;1;40;1966;;
52;2;95;1;3;1;40;1969;;
53;2;95;1;3;1;40;1981;;
54;2;95;2;3;1;40;1986;;
55;2;95;1;3;1;40;1998;;
50;2;66;1;3;5;4;1988;;
56;2;95;1;3;10;40;1981;;
57;2;95;1;3;1;40;1988;;
58;2;95;1;3;1;40;1960;;
59;2;95;1;3;1;40;1969;;
60;2;95;1;3;1;40;1984;;
71;2;95;1;3;1;40;1986;;
72;2;95;1;1;1;40;1997;;
51;2;66;1;3;5;4;1989;;
52;2;66;1;3;5;4;1984;;
53;2;66;1;3;5;4;1987;;
54;2;66;1;3;5;4;1988;;
20;1;165;1;3;1;14;NULL;;
85;1;165;1;3;1;14;NULL;;
86;1;165;1;3;1;14;NULL;;
87;1;165;2;3;1;14;NULL;;
88;1;165;1;3;1;14;NULL;;
89;1;165;1;3;1;14;NULL;;
31;1;165;1;3;1;14;NULL;;
32;1;165;1;3;1;14;NULL;;
33;1;165;1;3;1;14;NULL;;
34;1;165;1;3;1;14;NULL;;
35;1;165;1;3;1;14;NULL;;
36;1;165;1;3;1;14;NULL;;
37;1;165;1;3;1;14;NULL;;
6;1;1;1;1;1;13;1979;;
7;1;1;1;1;1;13;1978;;
8;1;1;1;1;1;13;1987;;
10;1;1;1;1;1;13;1991;;
9;1;1;1;1;1;13;1982;;
38;1;165;1;3;1;14;NULL;;
90;1;165;1;3;1;14;NULL;;
91;1;165;1;3;1;13;NULL;;
92;1;165;1;3;1;13;NULL;;
93;1;165;1;3;1;14;NULL;;
94;1;165;1;3;1;14;NULL;;
39;1;165;1;3;1;14;NULL;;
40;1;165;1;3;1;14;NULL;;
51;1;165;1;3;1;14;NULL;;
52;1;165;1;3;1;14;NULL;;
53;1;165;1;3;1;14;NULL;;
54;1;165;1;3;1;14;NULL;;
48;1;165;1;3;1;14;NULL;;
49;1;165;1;3;1;14;NULL;;
50;1;165;1;3;1;14;NULL;;
55;1;165;1;3;1;14;NULL;;
56;1;165;1;3;1;14;NULL;;
57;1;165;1;3;1;14;NULL;;
58;1;165;1;3;1;14;NULL;;
13;1;1;1;1;1;13;1982;;
14;1;1;1;1;1;13;1971;;
15;1;1;1;1;1;13;1985;;
19;1;1;1;1;1;13;1979;;
20;1;1;1;1;1;13;1984;;
59;1;165;1;3;1;14;NULL;;
60;1;165;1;3;1;14;NULL;;
95;1;165;1;3;1;14;NULL;;
96;1;165;1;3;1;14;NULL;;
97;1;165;1;3;1;14;NULL;;
98;1;165;1;3;1;14;NULL;;
61;1;165;1;3;1;14;NULL;;
99;1;165;1;3;1;14;NULL;;
100;1;165;1;3;1;14;NULL;;
581;1;148;1;1;1;4;                                                                                                    ;;
582;1;148;1;1;1;4;                                                                                                    ;;
583;1;148;1;1;1;4;                                                                                                    ;;
62;1;165;1;3;1;14;NULL;;
63;1;165;1;3;1;14;NULL;;
64;1;165;1;3;1;14;NULL;;
65;1;165;1;3;1;14;NULL;;
66;1;165;1;3;1;14;NULL;;
67;1;165;1;3;1;14;NULL;;
68;1;165;1;3;1;14;NULL;;
69;1;165;1;3;1;14;NULL;;
70;1;165;1;3;1;14;NULL;;
71;1;165;1;3;1;14;NULL;;
72;1;165;1;3;1;14;NULL;;
73;1;165;1;3;1;14;NULL;;
74;1;165;1;3;1;14;NULL;;
26;1;1;1;1;1;14;1991;;
27;1;1;1;1;1;13;1986;;
16;1;1;1;1;1;13;1986;;
21;1;1;1;1;1;14;1982;;
23;1;1;2;1;1;14;1984;;
75;1;165;1;3;1;14;NULL;;
76;1;165;1;3;1;14;NULL;;
77;1;165;1;3;1;14;NULL;;
78;1;165;1;3;1;14;NULL;;
79;1;165;1;3;1;14;NULL;;
80;1;165;1;3;1;14;NULL;;
134;1;162;1;1;1;12;01/01/1957;;
135;1;162;1;1;1;12;15/07/1962;;
136;1;162;1;1;1;12;01/01/1961;;
137;1;162;1;1;1;12;01/01/1960;;
138;1;162;1;1;1;12;01/01/1977;;
144;1;162;1;1;1;12;01/01/1964;;
1;1;31;1;1;1;14;NULL;;
101;1;165;1;3;1;12;NULL;;
102;1;165;1;3;1;12;NULL;;
103;1;165;1;3;1;13;NULL;;
584;1;148;1;1;1;4;                                                                                                    ;;
591;1;148;1;1;1;4;                                                                                                    ;;
145;1;162;1;1;1;12;01/01/1959;;
146;1;162;1;1;1;12;01/01/1969;;
147;1;162;1;1;1;12;01/01/1956;;
148;1;162;1;1;1;12;01/01/1962;;
149;1;162;1;1;1;12;01/01/1966;;
150;1;162;1;1;1;12;01/01/1980;;
193;1;162;1;1;1;1;22/04/1962;;
194;1;162;1;1;1;1;26/03/1963;;
195;1;162;2;1;1;1;13/12/1969;;
196;1;162;1;1;1;1;01/01/1960;;
197;1;162;1;1;1;1;13/07/1964;;
198;1;162;2;1;1;1;22/02/1969;;
3;1;31;1;1;1;14;NULL;;
598;1;148;1;1;1;4;                                                                                                    ;;
605;1;148;1;1;1;4;                                                                                                    ;;
612;1;148;1;1;1;4;                                                                                                    ;;
619;1;148;1;1;1;4;                                                                                                    ;;
626;1;148;1;1;1;4;                                                                                                    ;;
6;1;20;1;1;1;14;1973;;
633;1;148;1;1;1;4;                                                                                                    ;;
640;1;148;1;1;1;4;                                                                                                    ;;
647;1;148;1;1;1;4;                                                                                                    ;;
654;1;148;1;1;1;4;                                                                                                    ;;
660;1;148;1;1;1;4;                                                                                                    ;;
7;1;18;1;3;1;14;1980;;
39;1;240;1;3;1;13;NULL;;
40;1;240;1;3;1;14;NULL;;
51;1;240;1;3;1;14;NULL;;
52;1;240;1;3;1;13;NULL;;
53;1;240;2;3;1;14;NULL;;
8;1;18;1;3;1;14;1994;;
21;1;55;2;1;1;3;                                                                                                    ;;
22;1;55;1;1;1;2;                                                                                                    ;;
23;1;55;1;1;1;2;                                                                                                    ;;
24;1;55;1;1;1;3;                                                                                                    ;;
25;1;55;1;1;1;2;                                                                                                    ;;
10;1;31;1;1;1;14;NULL;;
655;1;148;1;1;1;4;                                                                                                    ;;
656;1;148;1;1;1;4;                                                                                                    ;;
657;1;148;1;1;1;4;                                                                                                    ;;
658;1;148;1;1;1;4;                                                                                                    ;;
659;1;148;1;1;1;4;                                                                                                    ;;
9;1;18;1;3;1;14;1987;;
26;1;55;2;1;1;2;                                                                                                    ;;
27;1;55;2;1;1;3;                                                                                                    ;;
28;1;55;1;1;1;3;                                                                                                    ;;
29;1;55;1;1;1;2;                                                                                                    ;;
30;1;55;1;1;1;2;                                                                                                    ;;
10;1;18;1;1;1;14;09/06/1905;;
1;1;186;1;3;1;13;16/08/1993;;
2;1;186;1;3;1;14;14/07/1980;;
3;1;186;1;3;1;13;22/02/1973;;
4;1;186;1;3;1;14;24/06/1976;;
5;1;186;1;3;1;14;01/01/1941;;
199;1;162;1;1;1;1;01/01/1966;;
200;1;162;2;1;1;1;17/08/1968;;
201;1;162;1;1;1;1;12/12/1966;;
202;1;162;2;1;1;1;12/07/1967;;
203;1;162;1;1;1;1;01/01/1966;;
204;1;162;1;1;1;1;14/06/1974;;
205;1;162;1;1;1;1;23/04/1975;;
206;1;162;1;1;1;1;01/01/1963;;
207;1;162;1;1;1;1;19/07/1977;;
208;1;162;1;1;1;1;08/06/1976;;
209;1;162;1;1;1;1;06/04/1984;;
210;1;162;1;1;1;1;01/01/1973;;
211;1;162;1;1;1;1;04/02/1980;;
212;1;162;1;1;1;1;20/05/1980;;
213;1;162;1;1;1;1;23/03/1986;;
214;1;162;1;1;1;1;01/01/1979;;
215;1;162;1;1;1;1;20/11/1980;;
216;1;162;1;1;1;1;25/08/1976;;
217;1;162;1;1;1;1;08/10/1988;;
218;1;162;1;1;1;1;15/02/1984;;
219;1;162;1;1;1;1;01/07/1982;;
220;1;162;1;1;1;1;21/12/1974;;
221;1;162;1;1;1;1;23/09/1988;;
222;1;162;1;1;1;1;19/09/1969;;
223;1;162;1;1;1;1;01/01/1968;;
224;1;162;1;1;1;1;17/08/1968;;
225;1;162;1;1;1;1;16/10/1979;;
226;1;162;1;1;1;1;24/02/1987;;
227;1;162;1;1;1;1;01/01/1986;;
228;1;162;1;1;1;1;05/09/1986;;
229;1;162;1;1;1;1;30/10/1986;;
230;1;162;1;1;1;1;01/01/1989;;
231;1;162;1;1;1;1;09/10/1986;;
232;1;162;1;1;1;1;04/02/1987;;
233;1;162;1;1;1;1;04/11/1989;;
234;1;162;1;1;1;1;09/02/1982;;
235;1;162;1;1;1;1;01/01/1977;;
236;1;162;1;1;1;1;02/04/1990;;
237;1;162;2;1;1;1;29/05/1978;;
238;1;162;1;1;1;1;04/09/1984;;
239;1;162;1;1;1;1;17/01/1997;;
240;1;162;1;1;1;1;01/01/1974;;
241;1;162;1;1;1;1;29/07/1990;;
242;1;162;1;1;1;1;01/01/1986;;
243;1;162;1;1;1;1;25/01/1989;;
244;1;162;2;1;1;1;11/10/1988;;
245;1;162;2;1;1;12;27/02/1962;;
246;1;162;1;1;1;12;01/01/1969;;
247;1;162;1;1;1;12;13/02/1965;;
248;1;162;1;1;1;12;10/06/1961;;
249;1;162;1;1;1;12;01/01/1961;;
250;1;162;1;1;1;12;01/01/1967;;
251;1;162;1;1;1;12;01/01/1969;;
252;1;162;1;1;1;12;10/07/1972;;
253;1;162;2;1;1;12;21/06/1958;;
254;1;162;1;1;1;12;20/03/1962;;
255;1;162;1;1;1;12;23/01/1963;;
256;1;162;1;1;1;12;01/01/1964;;
257;1;162;1;1;1;12;19/12/1968;;
258;1;162;1;1;1;12;01/01/1964;;
259;1;162;1;1;1;12;01/07/1970;;
260;1;162;1;1;1;12;16/11/1975;;
261;1;162;1;1;1;12;15/03/1965;;
262;1;162;1;1;1;1;13/04/1960;;
263;1;162;2;1;1;1;28/09/1975;;
264;1;162;2;1;1;1;27/08/1966;;
265;1;162;1;1;1;1;01/01/1966;;
266;1;162;1;1;1;1;01/01/1966;;
267;1;162;1;1;1;1;26/10/1965;;
268;1;162;1;1;1;1;21/02/1980;;
269;1;162;1;1;1;1;27/12/1982;;
270;1;162;2;1;1;1;18/12/1972;;
271;1;162;1;1;1;1;06/06/1980;;
272;1;162;2;1;1;1;07/11/1986;;
273;1;162;1;1;1;1;01/01/1985;;
274;1;162;2;1;1;1;31/01/1992;;
275;1;162;1;1;1;1;26/12/1985;;
276;1;162;1;1;1;1;08/10/1986;;
277;1;162;1;1;1;1;01/01/1981;;
278;1;162;1;1;1;1;11/10/1992;;
279;1;162;2;1;1;1;07/06/1988;;
280;1;162;2;1;1;1;01/08/1989;;
281;1;162;1;1;1;1;28/07/1988;;
282;1;162;1;1;1;12;28/02/1958;;
283;1;162;1;1;1;12;01/01/1960;;
284;1;162;1;1;1;12;15/07/1959;;
285;1;162;1;1;1;12;27/02/1961;;
286;1;162;1;1;1;12;29/07/1963;;
287;1;162;1;1;1;12;01/01/1971;;
288;1;162;1;1;1;12;01/01/1957;;
289;1;162;1;1;1;12;01/01/1960;;
290;1;162;1;1;1;12;01/01/1965;;
291;1;162;1;1;1;12;01/01/1964;;
292;1;162;1;1;1;12;27/04/1965;;
293;1;162;2;1;1;12;01/11/1962;;
294;1;162;2;1;1;12;14/02/1962;;
295;1;162;1;1;1;12;24/03/1956;;
296;1;162;1;1;1;12;21/05/1968;;
297;1;162;1;1;1;12;01/01/1968;;
298;1;162;1;1;1;12;01/01/1964;;
299;1;162;1;1;1;1;01/01/1964;;
300;1;162;2;1;1;1;01/01/1963;;
301;1;162;1;1;1;1;01/01/1959;;
302;1;162;1;1;1;1;01/01/1967;;
303;1;162;1;1;1;1;01/01/1969;;
304;1;162;1;1;1;1;22/10/1957;;
305;1;162;1;1;1;1;01/01/1956;;
306;1;162;1;1;1;1;01/07/1957;;
307;1;162;1;1;1;1;10/07/1973;;
308;1;162;1;1;1;1;01/01/1974;;
309;1;162;1;1;1;1;13/07/1975;;
310;1;162;1;1;1;1;26/02/1973;;
311;1;162;1;1;1;1;12/12/1984;;
312;1;162;1;1;1;1;17/05/1970;;
313;1;162;1;1;1;1;18/11/1957;;
314;1;162;2;1;1;1;13/08/1968;;
315;1;162;2;1;1;1;24/10/1982;;
316;1;162;1;1;1;1;01/01/1966;;
317;1;162;1;1;1;1;25/10/1958;;
318;1;162;2;1;1;1;10/07/1964;;
319;1;162;1;1;1;1;23/05/1978;;
320;1;162;1;1;1;1;10/09/1960;;
321;1;162;1;1;1;1;29/07/1962;;
322;1;162;2;1;1;1;30/10/1962;;
323;1;162;1;1;1;1;01/01/1962;;
324;1;162;1;1;1;1;07/01/1964;;
325;1;162;1;1;1;1;01/01/1962;;
326;1;162;1;1;1;1;01/01/1967;;
327;1;162;1;1;1;1;01/01/1961;;
328;1;162;1;1;1;1;01/01/1966;;
329;1;162;1;1;1;1;13/09/1965;;
330;1;162;1;1;1;1;16/11/1970;;
331;1;162;2;1;1;1;24/11/1966;;
332;1;162;1;1;1;1;12/10/1973;;
333;1;162;1;1;1;1;01/01/1963;;
334;1;162;1;1;1;1;25/09/1982;;
335;1;162;1;1;1;1;01/01/1969;;
336;1;162;1;1;1;1;01/01/1973;;
337;1;162;1;1;1;1;01/01/1965;;
338;1;162;1;1;1;1;01/01/1978;;
339;1;162;1;1;1;1;16/07/1972;;
340;1;162;1;1;1;1;01/01/1968;;
341;1;162;1;1;1;1;01/01/1973;;
342;1;162;1;1;1;1;30/10/1980;;
343;1;162;1;1;1;1;31/01/1965;;
344;1;162;1;1;1;1;01/01/1966;;
345;1;162;2;1;1;1;24/02/1969;;
346;1;162;1;1;1;1;31/01/1966;;
347;1;162;1;1;1;1;01/01/1970;;
348;1;162;2;1;1;1;06/12/1976;;
349;1;162;1;1;1;1;01/01/1973;;
350;1;162;1;1;1;1;01/01/1967;;
351;1;162;1;1;1;1;01/01/1980;;
352;1;162;1;1;1;1;01/01/1975;;
353;1;162;1;1;1;1;22/05/1982;;
354;1;162;1;1;1;1;07/06/1986;;
355;1;162;1;1;1;1;20/11/1986;;
356;1;162;1;1;1;1;01/01/1984;;
357;1;162;2;1;1;1;17/04/1982;;
358;1;162;2;1;1;1;18/12/1978;;
359;1;162;1;1;1;1;04/12/1973;;
360;1;162;1;1;1;1;06/10/1974;;
361;1;162;2;1;1;1;27/10/1974;;
362;1;162;1;1;1;1;28/05/1970;;
363;1;162;1;1;1;1;01/01/1988;;
364;1;162;1;1;1;1;01/01/1976;;
365;1;162;1;1;1;1;23/06/1987;;
366;1;162;1;1;1;1;13/08/1989;;
367;1;162;1;1;1;12;28/06/1960;;
368;1;162;1;1;1;12;09/08/1961;;
369;1;162;1;1;1;12;09/05/1965;;
370;1;162;1;1;1;12;01/01/1961;;
371;1;162;1;1;1;12;28/04/1960;;
372;1;162;1;1;1;12;18/01/1967;;
373;1;162;1;1;1;12;12/12/1963;;
374;1;162;1;1;1;12;15/04/1964;;
375;1;162;1;1;1;12;28/10/1971;;
376;1;162;1;1;1;12;24/03/1973;;
377;1;162;2;1;1;12;18/03/1959;;
378;1;162;1;1;1;12;19/09/1957;;
379;1;162;2;1;1;1;14/02/1960;;
380;1;162;1;1;1;1;17/05/1905;;
381;1;162;1;1;1;1;01/01/1961;;
382;1;162;1;1;1;1;14/05/1905;;
383;1;162;1;1;1;1;01/01/1962;;
384;1;162;2;1;1;1;19/11/1972;;
385;1;162;1;1;1;1;25/05/1974;;
386;1;162;1;1;1;1;01/01/1974;;
387;1;162;2;1;1;1;15/06/1973;;
388;1;162;1;1;1;1;01/01/1978;;
389;1;162;2;1;1;1;21/05/1967;;
390;1;162;1;1;1;1;30/05/1961;;
391;1;162;1;1;1;1;01/01/1957;;
392;1;162;1;1;1;1;29/10/1965;;
393;1;162;2;1;1;1;21/08/1973;;
394;1;162;1;1;1;1;14/05/1976;;
395;1;162;2;1;1;1;01/12/1973;;
396;1;162;1;1;1;1;25/04/1980;;
397;1;162;1;1;1;1;17/08/1978;;
398;1;162;1;1;1;1;26/10/1966;;
399;1;162;1;1;1;1;20/11/1979;;
400;1;162;2;1;1;1;04/09/1977;;
401;1;162;1;1;1;1;29/01/1978;;
402;1;162;1;1;1;1;28/02/1982;;
403;1;162;2;1;1;1;31/12/1960;;
404;1;162;1;1;1;1;01/01/1960;;
405;1;162;1;1;1;1;18/10/1972;;
406;1;162;1;1;1;1;09/09/1982;;
407;1;162;1;1;1;1;01/04/1982;;
408;1;162;1;1;1;1;01/01/1984;;
409;1;162;2;1;1;1;05/02/1974;;
410;1;162;2;1;1;1;15/03/1978;;
411;1;162;1;1;1;1;22/02/1967;;
412;1;162;1;1;1;1;01/01/1984;;
413;1;162;1;1;1;1;09/10/1983;;
414;1;162;1;1;1;1;23/09/1983;;
415;1;162;1;1;1;1;01/01/1968;;
416;1;162;1;1;1;1;08/06/1973;;
417;1;162;1;1;1;1;23/04/1974;;
418;1;162;1;1;1;1;01/09/1977;;
419;1;162;2;1;1;1;24/02/1976;;
420;1;162;1;1;1;1;20/04/1979;;
421;1;162;1;1;1;1;23/11/1985;;
422;1;162;1;1;1;1;25/07/1984;;
423;1;162;1;1;1;1;01/01/1984;;
424;1;162;2;1;1;1;04/02/1981;;
425;1;162;1;1;1;1;26/04/1981;;
426;1;162;1;1;1;1;01/01/1979;;
427;1;162;2;1;1;1;01/01/1974;;
428;1;162;1;1;1;1;15/08/1970;;
429;1;162;1;1;1;1;01/01/1970;;
430;1;162;1;1;1;1;01/01/1984;;
431;1;162;1;1;1;1;21/03/1987;;
432;1;162;1;1;1;1;02/08/1983;;
433;1;162;1;1;1;1;01/02/1990;;
434;1;162;2;1;1;1;26/11/1975;;
435;1;162;1;1;1;1;06/02/1973;;
436;1;162;1;1;1;1;01/01/1976;;
437;1;162;2;1;1;1;12/05/1981;;
438;1;162;2;1;1;1;05/08/1984;;
439;1;162;2;1;1;1;11/05/1993;;
440;1;162;2;1;1;1;28/02/1979;;
441;1;162;1;1;1;12;01/01/1970;;
442;1;162;1;1;1;12;01/01/1966;;
443;1;162;2;1;1;12;11/02/1956;;
444;1;162;1;1;1;12;30/11/1967;;
445;1;162;1;1;1;12;01/01/1959;;
446;1;162;1;1;1;12;01/01/1956;;
447;1;162;2;1;1;12;01/04/1956;;
448;1;162;1;1;1;12;28/11/1965;;
449;1;162;1;1;1;12;15/07/1969;;
450;1;162;1;1;1;12;01/01/1966;;
451;1;162;2;1;1;1;28/09/1955;;
452;1;162;1;1;1;1;04/08/1965;;
453;1;162;1;1;1;1;01/01/1976;;
454;1;162;1;1;1;1;06/12/1977;;
455;1;162;1;1;1;1;24/04/1960;;
456;1;162;1;1;1;1;01/01/1964;;
457;1;162;1;1;1;1;26/10/1972;;
458;1;162;1;1;1;1;10/02/1977;;
459;1;162;1;1;1;1;20/12/1981;;
460;1;162;1;1;1;1;25/02/1965;;
461;1;162;1;1;1;1;01/01/1967;;
462;1;162;1;1;1;1;24/04/1979;;
463;1;162;2;1;1;1;09/09/1969;;
464;1;162;1;1;1;1;30/06/1976;;
465;1;162;1;1;1;1;05/11/1972;;
466;1;162;1;1;1;1;05/11/1987;;
467;1;162;1;1;1;1;01/01/1987;;
468;1;162;1;1;1;1;31/12/1992;;
469;1;162;1;1;1;1;15/10/1979;;
470;1;162;1;1;1;1;31/08/1972;;
471;1;162;1;1;1;1;01/01/1965;;
472;1;162;1;1;1;1;13/04/1984;;
473;1;162;1;1;1;1;23/07/1987;;
474;1;162;1;1;1;1;21/09/1992;;
475;1;162;1;1;1;1;01/01/1976;;
476;1;162;1;1;1;1;14/03/1985;;
477;1;162;2;1;1;1;01/04/1986;;
478;1;162;1;1;1;1;01/01/1976;;
479;1;162;1;1;1;1;17/01/1971;;
480;1;162;1;1;1;1;18/01/1977;;
481;1;162;1;1;1;1;05/03/1974;;
482;1;162;1;1;1;1;01/01/1973;;
483;1;162;1;1;1;1;01/01/1973;;
484;1;162;1;1;1;12;18/01/1968;;
485;1;162;1;1;1;12;01/01/1965;;
486;1;162;1;1;1;1;01/01/1960;;
487;1;162;1;1;1;1;01/01/1960;;
488;1;162;1;1;1;1;25/02/1962;;
489;1;162;1;1;1;1;01/01/1962;;
490;1;162;1;1;1;1;01/01/1967;;
491;1;162;1;1;1;1;01/01/1969;;
492;1;162;1;1;1;1;25/06/1970;;
493;1;162;2;1;1;1;17/04/1969;;
494;1;162;1;1;1;1;18/12/1970;;
495;1;162;1;1;1;1;14/10/1980;;
496;1;162;2;1;1;1;10/04/1985;;
497;1;162;1;1;1;1;22/09/1985;;
498;1;162;1;1;1;1;01/07/1983;;
499;1;162;1;1;1;1;19/12/1984;;
500;1;162;1;1;1;1;01/01/1968;;
501;1;162;1;1;1;1;30/09/1984;;
502;1;162;1;1;1;1;28/07/1983;;
503;1;162;1;1;1;1;01/01/1985;;
504;1;162;1;1;1;1;12/02/1987;;
505;1;162;1;1;1;1;16/09/1986;;
506;1;162;1;1;1;1;01/09/1985;;
507;1;162;1;1;1;1;04/04/1985;;
508;1;162;1;1;1;1;16/03/1994;;
509;1;162;1;1;1;1;01/01/1990;;
510;1;162;1;1;1;1;26/02/1989;;
511;1;162;1;1;1;1;01/04/1962;;
512;1;162;1;1;1;1;21/08/1964;;
513;1;162;1;1;1;1;01/01/1967;;
514;1;162;1;1;1;1;01/01/1963;;
515;1;162;1;1;1;1;01/01/1966;;
516;1;162;1;1;1;1;01/01/1974;;
517;1;162;1;1;1;1;11/03/1963;;
518;1;162;1;1;1;1;01/01/1964;;
519;1;162;1;1;1;1;01/01/1981;;
520;1;162;1;1;1;1;01/01/1969;;
521;1;162;1;1;1;1;07/02/1977;;
522;1;162;1;1;1;1;20/05/1978;;
523;1;162;1;1;1;1;22/05/1981;;
524;1;162;1;1;1;1;01/01/1968;;
525;1;162;1;1;1;1;01/01/1959;;
526;1;162;1;1;1;1;01/01/1960;;
527;1;162;1;1;1;1;14/05/1976;;
528;1;162;1;1;1;1;01/01/1962;;
529;1;162;2;1;1;1;24/01/1964;;
530;1;162;1;1;1;1;06/10/1975;;
531;1;162;1;1;1;1;01/01/1977;;
532;1;162;1;1;1;1;29/07/1968;;
533;1;162;1;1;1;1;21/04/1987;;
534;1;162;1;1;1;1;28/09/1983;;
11;1;18;1;1;1;14;1992;;
12;1;18;1;1;1;14;1992;;
13;1;18;1;3;1;14;1972;;
14;1;18;1;3;1;4;1972;;
15;1;18;1;3;1;4;1987;;
16;1;18;1;3;1;4;1968;;
65;1;18;1;3;1;4;1965;;
66;1;18;1;3;1;4;1982;;
67;1;18;1;3;1;4;1986;;
68;1;18;1;1;1;4;1881;;
69;1;18;1;3;1;4;1983;;
70;1;18;1;3;1;4;1988;;
119;1;18;1;3;1;14;1977;;
120;1;18;2;3;1;14;1994;;
121;1;18;2;3;1;14;1978;;
122;1;18;1;3;1;14;1978;;
123;1;18;1;3;1;14;1991;;
124;1;18;1;3;1;14;1985;;
32;1;28;1;1;1;4;                                                                                                    ;;
33;1;28;1;1;1;4;                                                                                                    ;;
34;1;28;1;1;1;4;                                                                                                    ;;
35;1;28;1;1;1;4;                                                                                                    ;;
36;1;28;1;1;1;4;                                                                                                    ;;
37;1;28;1;1;1;4;                                                                                                    ;;
86;1;28;1;1;1;14;                                                                                                    ;;
87;1;28;1;1;1;14;                                                                                                    ;;
88;1;28;1;1;1;14;                                                                                                    ;;
89;1;28;1;1;1;14;                                                                                                    ;;
90;1;28;1;1;1;14;                                                                                                    ;;
91;1;28;1;1;1;14;                                                                                                    ;;
19;1;38;1;3;1;4;                                                                                                    ;;
20;1;38;2;3;1;14;                                                                                                    ;;
21;1;38;1;3;1;14;                                                                                                    ;;
22;1;38;1;3;1;14;                                                                                                    ;;
23;1;38;1;3;1;14;                                                                                                    ;;
24;1;38;1;3;1;14;                                                                                                    ;;
36;1;126;1;1;1;14;                                                                                                    ;;
37;1;126;2;1;1;14;                                                                                                    ;;
38;1;126;1;1;1;14;                                                                                                    ;;
39;1;126;1;1;1;14;                                                                                                    ;;
40;1;126;1;1;1;14;                                                                                                    ;;
41;1;126;2;1;1;14;                                                                                                    ;;
8;1;20;2;1;2;14;1972;;
9;1;20;2;1;1;14;1964;;
81;1;165;1;3;1;14;NULL;;
82;1;165;1;3;1;14;NULL;;
83;1;165;1;3;1;14;NULL;;
84;1;165;1;3;1;14;NULL;;
55;2;66;1;3;5;42;1985;;
56;2;66;1;3;6;4;1985;;
57;2;66;2;3;5;4;1991;;
58;2;66;1;3;5;4;1992;;
59;2;66;1;3;6;4;1992;;
60;2;66;1;3;6;4;1992;;
61;2;66;1;3;5;4;1991;;
62;2;66;1;3;6;4;1991;;
63;2;66;1;3;1;4;1974;;
64;2;66;1;3;5;4;1975;;
65;2;66;1;3;1;4;1977;;
66;2;66;1;3;1;4;1976;;
67;2;66;1;3;6;4;1976;;
68;2;66;1;3;5;4;1975;;
69;2;66;1;3;6;4;1977;;
70;2;66;1;3;5;4;1975;;
71;2;66;1;3;5;4;1970;;
72;2;66;1;3;6;4;1964;;
73;2;66;1;3;6;4;1978;;
74;2;66;1;3;6;4;1979;;
75;2;66;1;3;5;4;1975;;
76;2;66;1;3;5;4;1975;;
77;2;66;2;3;5;4;1974;;
78;2;66;1;3;6;4;1972;;
79;2;66;1;3;5;4;1968;;
80;2;66;1;3;5;4;1969;;
48;2;33;1;3;1;4;1990;;
49;2;33;1;3;1;4;1985;;
50;2;33;1;3;1;4;1968;;
21;2;194;1;3;1;40;1982;;
22;2;194;1;3;1;40;1988;;
23;2;194;1;3;1;4;1965;;
24;2;194;1;3;1;4;1984;;
25;2;194;2;3;1;4;1993;;
51;2;33;1;3;1;40;1989;;
31;2;194;1;3;1;40;1982;;
32;2;194;1;3;1;40;1993;;
33;2;194;1;3;1;4;1984;;
34;2;194;1;3;1;40;1987;;
35;2;194;1;3;1;40;1984;;
52;2;33;1;3;1;40;NULL;;
36;2;194;1;3;1;40;1987;;
37;2;194;1;3;1;40;1984;;
38;2;194;1;3;1;40;1979;;
39;2;194;1;3;1;40;1976;;
40;2;194;1;3;1;40;1995;;
53;2;33;1;3;1;40;1983;;
54;2;33;1;3;1;42;1963;;
55;2;33;1;3;1;4;NULL;;
56;2;33;1;3;1;4;1985;;
57;2;33;1;3;1;4;1973;;
58;2;33;1;3;1;4;1977;;
59;2;33;1;3;1;4;NULL;;
60;2;33;1;3;1;4;1983;;
1;2;194;1;3;1;40;1982;;
2;2;194;1;3;1;40;1981;;
3;2;194;1;3;1;40;1994;;
4;2;194;1;3;1;4;1993;;
5;2;194;1;3;1;40;1988;;
6;2;194;1;3;1;40;1996;;
7;2;194;2;3;1;40;1995;;
8;2;194;2;3;1;40;1989;;
9;2;194;1;3;1;40;1992;;
10;2;194;1;3;1;40;1982;;
11;2;194;1;3;1;4;1985;;
26;2;194;1;3;1;40;1989;;
27;2;194;1;3;2;40;1994;;
28;2;194;1;3;1;4;1984;;
29;2;194;1;3;8;4;1990;;
30;2;194;1;3;1;40;1989;;
12;2;194;1;3;1;42;1977;;
1;2;231;1;1;1;41;1987;;
2;2;231;1;1;1;40;1980;;
3;2;231;1;1;1;41;1977;;
4;2;231;1;1;2;41;1995;;
5;2;231;2;1;1;41;1991;;
13;2;194;1;3;1;40;1987;;
14;2;194;1;3;1;40;1987;;
15;2;194;1;3;1;4;1977;;
16;2;194;1;3;2;40;1991;;
17;2;194;1;3;1;40;1988;;
18;2;194;1;3;1;40;1982;;
19;2;194;1;3;1;40;1984;;
20;2;194;1;3;1;4;1978;;
61;2;33;1;3;1;4;NULL;;
62;2;33;1;3;1;4;NULL;;
63;2;33;1;3;1;4;NULL;;
64;2;33;1;3;1;4;1989;;
65;2;33;1;3;1;4;1988;;
66;2;33;1;3;1;4;1975;;
66;2;194;1;3;1;40;1982;;
67;2;194;1;3;1;40;1986;;
68;2;194;1;3;1;40;1966;;
69;2;194;1;3;1;4;1966;;
70;2;194;1;3;1;40;1976;;
67;2;33;1;3;1;4;1985;;
68;2;33;1;3;1;4;1968;;
69;2;33;1;3;1;4;NULL;;
70;2;33;1;3;1;42;1972;;
71;2;33;1;3;1;4;1990;;
72;2;33;1;3;1;42;NULL;;
81;2;66;1;3;5;4;1981;;
82;2;66;1;3;6;4;1981;;
83;2;66;1;3;5;4;1982;;
84;2;66;1;3;5;4;1982;;
85;2;66;1;3;5;4;1982;;
86;2;66;1;3;5;42;1985;;
87;2;66;1;3;5;4;1988;;
88;2;66;1;3;5;4;1985;;
89;2;66;2;3;5;4;1984;;
90;2;66;1;3;6;4;1988;;
91;2;66;1;3;5;4;1982;;
92;2;66;1;3;5;4;1981;;
93;2;66;1;3;6;4;1982;;
94;2;66;1;3;6;4;1985;;
95;2;66;2;3;5;4;1986;;
96;2;66;1;3;5;4;1987;;
97;2;66;1;3;5;4;1988;;
98;2;66;2;3;5;4;1989;;
99;2;66;1;3;5;4;1990;;
100;2;66;2;3;5;4;1991;;
101;2;66;2;3;6;4;1992;;
102;2;66;1;3;6;4;1993;;
103;2;66;1;3;5;4;1994;;
104;2;66;1;3;5;4;1986;;
105;2;66;1;3;5;4;1988;;
106;2;66;2;3;5;4;1984;;
107;2;66;1;3;5;4;1986;;
108;2;66;1;3;5;4;1985;;
109;2;66;1;3;5;4;1985;;
110;2;66;1;3;6;4;1996;;
111;2;66;1;3;5;4;1995;;
112;2;66;1;3;5;4;1983;;
113;2;66;2;3;5;4;1980;;
114;2;66;1;3;6;4;1982;;
115;2;66;1;3;5;4;1980;;
116;2;66;1;3;6;4;1982;;
117;2;66;1;3;6;4;1988;;
118;2;66;1;3;5;4;1990;;
119;2;66;1;3;5;4;1991;;
120;2;66;1;3;6;4;1992;;
121;2;66;1;3;5;4;1995;;
122;2;66;2;3;6;4;1994;;
123;2;66;1;3;9;40;1968;;
124;2;66;1;1;9;40;1983;;
125;2;66;2;1;9;40;1982;;
126;2;66;2;1;9;40;1987;;
127;2;66;1;1;9;40;1993;;
128;2;66;2;1;9;40;1986;;
129;2;66;1;1;9;40;1985;;
130;2;66;2;1;9;40;1993;;
61;2;194;1;1;1;40;1992;;
62;2;194;1;3;1;40;1990;;
63;2;194;1;3;1;4;1966;;
64;2;194;1;3;1;40;1970;;
65;2;194;1;3;1;42;1982;;
131;2;66;1;1;9;40;1995;;
6;2;231;1;3;1;41;1988;;
7;2;231;1;3;1;41;1992;;
5;2;30;1;3;1;40;1996;;
6;2;30;1;3;1;40;1984;;
7;2;30;1;3;1;40;1960;;
8;2;30;1;3;1;40;1956;;
9;2;30;1;3;10;40;1963;;
41;2;194;1;1;1;4;19891994;;
42;2;194;1;3;1;40;1994;;
43;2;194;1;3;1;40;1992;;
44;2;194;1;3;1;4;1965;;
45;2;194;1;3;1;4;1960;;
46;2;194;1;3;1;40;1992;;
47;2;194;1;3;1;40;1977;;
48;2;194;1;3;1;40;1969;;
49;2;194;1;3;8;40;1990;;
50;2;194;1;3;1;40;1991;;
51;2;194;1;3;1;40;1993;;
52;2;194;1;3;1;4;1984;;
53;2;194;1;3;1;40;1994;;
54;2;194;1;3;2;4;1993;;
55;2;194;1;3;8;40;1996;;
56;2;194;1;3;2;40;1988;;
57;2;194;1;3;2;4;1981;;
58;2;194;1;3;2;40;1989;;
59;2;194;1;3;2;40;1982;;
60;2;194;1;1;1;40;1993;;
132;2;66;1;3;5;4;1980;;
133;2;66;1;3;1;4;1970;;
134;2;66;1;3;5;4;1972;;
135;2;66;1;3;6;4;1975;;
136;2;66;1;3;6;4;1977;;
137;2;66;1;3;6;4;1978;;
138;2;66;1;3;5;4;1969;;
139;2;66;1;3;5;4;1970;;
140;2;66;1;3;5;4;1978;;
141;2;66;1;3;5;42;1980;;
21;2;30;1;3;1;40;1978;;
22;2;30;1;3;8;40;1988;;
23;2;30;1;3;1;40;1985;;
24;2;30;2;3;1;4;1992;;
8;2;231;1;3;1;40;1981;;
9;2;231;1;3;1;41;1978;;
10;2;231;1;3;1;41;1970;;
1;2;30;1;3;1;4;1954;;
2;2;30;1;3;1;40;1982;;
3;2;30;1;3;1;40;1993;;
4;2;30;1;3;1;40;1988;;
10;2;30;1;3;1;40;1991;;
11;2;30;1;3;1;40;1991;;
12;2;30;1;3;1;40;1958;;
13;2;30;1;3;1;40;1977;;
14;2;30;1;3;1;40;1975;;
15;2;30;1;3;1;40;1989;;
16;2;30;1;3;1;4;1971;;
17;2;30;1;3;1;40;1978;;
71;2;194;1;3;1;40;1977;;
72;2;194;1;3;1;4;1975;;
73;2;194;1;3;1;40;1971;;
74;2;194;1;3;1;40;1976;;
75;2;194;1;3;1;40;1985;;
18;2;30;1;3;1;40;1986;;
19;2;30;1;3;9;40;1987;;
20;2;30;1;3;8;40;1978;;
76;2;194;1;3;1;40;1979;;
77;2;194;1;3;1;40;1974;;
78;2;194;1;3;1;40;1987;;
79;2;194;1;3;1;4;1989;;
80;2;194;1;3;1;4;1989;;
81;2;194;1;3;1;40;1993;;
82;2;194;1;3;1;40;1989;;
83;2;194;1;3;1;40;1991;;
84;2;194;1;3;1;40;1992;;
85;2;194;1;3;1;40;1990;;
86;2;194;1;3;1;40;1992;;
87;2;194;1;1;1;4;1989;;
88;2;194;1;3;1;4;1987;;
11;2;155;1;3;5;4;NULL;;
12;2;155;1;3;1;4;NULL;;
13;2;155;1;3;3;4;NULL;;
6;2;90;1;1;1;40;1986;;
7;2;90;1;1;1;40;1982;;
89;2;194;1;3;1;4;1987;;
90;2;194;1;3;1;40;1984;;
11;2;244;1;1;1;40;1994;;
12;2;244;1;3;1;4;1988;;
13;2;244;1;3;1;40;1992;;
14;2;244;1;3;1;40;1979;;
91;2;194;1;3;1;40;1987;;
92;2;194;1;3;1;40;1984;;
93;2;194;1;3;2;4;1993;;
94;2;194;1;3;1;40;1987;;
95;2;194;1;3;1;4;1987;;
96;2;194;1;1;1;40;184;;
648;1;148;1;1;1;4;                                                                                                    ;;
649;1;148;1;1;1;4;                                                                                                    ;;
650;1;148;1;1;1;4;                                                                                                    ;;
651;1;148;1;1;1;4;                                                                                                    ;;
652;1;148;1;1;1;4;                                                                                                    ;;
653;1;148;1;1;1;4;                                                                                                    ;;
661;1;148;1;1;1;4;                                                                                                    ;;
699;1;148;1;1;1;4;                                                                                                    ;;
700;1;148;1;1;1;4;                                                                                                    ;;
701;1;148;1;1;1;4;                                                                                                    ;;
702;1;148;1;1;1;4;                                                                                                    ;;
703;1;148;1;1;1;4;                                                                                                    ;;
662;1;148;1;1;1;4;                                                                                                    ;;
830;1;171;1;3;1;3;                                                                                                    ;;
831;1;171;1;3;1;3;                                                                                                    ;;
832;1;171;1;3;1;3;                                                                                                    ;;
833;1;171;1;3;1;4;                                                                                                    ;;
834;1;171;1;3;1;3;                                                                                                    ;;
707;1;132;1;1;1;3;12/04/1989;;
708;1;132;1;1;1;7;20/11/1991;;
709;1;132;1;1;1;7;03/10/1983;;
710;1;132;1;1;1;7;01/01/1974;;
711;1;132;1;1;1;7;10/09/1969;;
712;1;132;1;1;1;7;23/01/1977;;
713;1;132;1;1;1;7;01/01/1981;;
714;1;132;1;1;1;7;08/08/1977;;
715;1;132;1;1;1;3;01/01/1966;;
716;1;132;1;1;1;7;01/01/1976;;
717;1;132;1;1;1;7;06/07/1979;;
718;1;132;1;1;1;7;01/01/1968;;
818;1;171;1;3;1;4;                                                                                                    ;;
819;1;171;1;3;1;4;                                                                                                    ;;
820;1;171;1;1;1;3;                                                                                                    ;;
821;1;171;1;1;1;3;                                                                                                    ;;
822;1;171;2;1;1;3;                                                                                                    ;;
823;1;171;1;1;1;3;                                                                                                    ;;
824;1;171;1;3;1;3;                                                                                                    ;;
825;1;171;1;3;1;3;                                                                                                    ;;
826;1;171;1;3;1;3;                                                                                                    ;;
827;1;171;1;3;1;3;                                                                                                    ;;
828;1;171;1;3;1;3;                                                                                                    ;;
829;1;171;1;3;1;3;                                                                                                    ;;
719;1;132;1;1;1;7;01/01/1965;;
720;1;132;1;1;1;7;01/01/1980;;
721;1;132;1;1;1;7;13/07/1968;;
722;1;132;1;1;1;7;20/05/1994;;
723;1;132;1;1;1;3;11/10/1992;;
724;1;132;1;1;1;7;01/01/1971;;
725;1;132;1;1;1;7;04/02/1975;;
726;1;132;1;1;1;7;01/01/1979;;
727;1;132;1;1;1;7;18/09/1966;;
728;1;132;1;1;1;7;08/12/1990;;
729;1;132;1;1;1;7;01/01/1972;;
730;1;132;1;1;1;4;13/09/1983;;
663;1;148;1;1;1;4;                                                                                                    ;;
664;1;148;1;1;1;4;                                                                                                    ;;
665;1;148;1;1;1;4;                                                                                                    ;;
666;1;148;1;1;1;4;                                                                                                    ;;
667;1;148;1;1;1;4;                                                                                                    ;;
668;1;148;1;1;1;4;                                                                                                    ;;
681;1;148;1;1;1;4;                                                                                                    ;;
682;1;148;1;1;1;4;                                                                                                    ;;
683;1;148;1;1;1;4;                                                                                                    ;;
684;1;148;2;1;1;4;                                                                                                    ;;
685;1;148;1;1;1;4;                                                                                                    ;;
686;1;148;1;1;1;4;                                                                                                    ;;
6;1;170;1;1;1;14;NULL;;
7;1;170;1;3;1;14;NULL;;
8;1;170;1;3;1;14;NULL;;
9;1;170;1;3;1;14;NULL;;
10;1;170;1;3;1;14;NULL;;
817;1;171;1;3;1;4;                                                                                                    ;;
669;1;148;1;1;1;4;                                                                                                    ;;
670;1;148;1;1;1;4;                                                                                                    ;;
671;1;148;1;1;1;4;                                                                                                    ;;
672;1;148;1;1;1;4;                                                                                                    ;;
673;1;148;1;1;1;4;                                                                                                    ;;
674;1;148;1;1;1;4;                                                                                                    ;;
675;1;148;1;1;1;4;                                                                                                    ;;
676;1;148;1;1;1;4;                                                                                                    ;;
677;1;148;1;1;1;4;                                                                                                    ;;
678;1;148;1;1;1;4;                                                                                                    ;;
679;1;148;1;1;1;4;                                                                                                    ;;
680;1;148;1;1;1;4;                                                                                                    ;;
687;1;148;1;1;1;4;                                                                                                    ;;
688;1;148;1;1;1;4;                                                                                                    ;;
689;1;148;1;1;1;4;                                                                                                    ;;
690;1;148;1;1;1;4;                                                                                                    ;;
691;1;148;1;1;1;4;                                                                                                    ;;
692;1;148;1;1;1;4;                                                                                                    ;;
693;1;148;1;1;1;4;                                                                                                    ;;
694;1;148;1;1;1;4;                                                                                                    ;;
695;1;148;2;1;1;4;                                                                                                    ;;
696;1;148;1;1;1;4;                                                                                                    ;;
697;1;148;1;1;1;4;                                                                                                    ;;
698;1;148;1;1;1;4;                                                                                                    ;;
585;1;148;1;1;1;4;                                                                                                    ;;
586;1;148;1;1;1;4;                                                                                                    ;;
587;1;148;1;1;1;4;                                                                                                    ;;
588;1;148;1;1;1;4;                                                                                                    ;;
589;1;148;1;1;1;4;                                                                                                    ;;
590;1;148;1;1;1;4;                                                                                                    ;;
592;1;148;1;1;1;4;                                                                                                    ;;
593;1;148;1;1;1;4;                                                                                                    ;;
594;1;148;1;1;1;4;                                                                                                    ;;
595;1;148;1;1;1;4;                                                                                                    ;;
596;1;148;1;1;1;4;                                                                                                    ;;
597;1;148;1;1;1;4;                                                                                                    ;;
599;1;148;1;1;1;4;                                                                                                    ;;
600;1;148;1;1;1;4;                                                                                                    ;;
601;1;148;1;1;1;4;                                                                                                    ;;
602;1;148;1;1;1;4;                                                                                                    ;;
603;1;148;1;1;1;4;                                                                                                    ;;
604;1;148;1;1;1;4;                                                                                                    ;;
606;1;148;1;1;1;4;                                                                                                    ;;
607;1;148;1;1;1;4;                                                                                                    ;;
608;1;148;1;1;1;4;                                                                                                    ;;
609;1;148;1;1;1;4;                                                                                                    ;;
610;1;148;1;1;1;4;                                                                                                    ;;
611;1;148;1;1;1;4;                                                                                                    ;;
613;1;148;1;1;1;4;                                                                                                    ;;
614;1;148;1;1;1;4;                                                                                                    ;;
615;1;148;1;1;1;4;                                                                                                    ;;
616;1;148;1;1;1;4;                                                                                                    ;;
617;1;148;1;1;1;4;                                                                                                    ;;
618;1;148;1;1;1;4;                                                                                                    ;;
620;1;148;1;1;1;4;                                                                                                    ;;
621;1;148;1;1;1;4;                                                                                                    ;;
622;1;148;1;1;1;4;                                                                                                    ;;
623;1;148;1;1;1;4;                                                                                                    ;;
624;1;148;1;1;1;4;                                                                                                    ;;
625;1;148;1;1;1;4;                                                                                                    ;;
627;1;148;1;1;1;4;                                                                                                    ;;
628;1;148;1;1;1;4;                                                                                                    ;;
629;1;148;1;1;1;4;                                                                                                    ;;
630;1;148;1;1;1;4;                                                                                                    ;;
631;1;148;1;1;1;4;                                                                                                    ;;
632;1;148;1;1;1;4;                                                                                                    ;;
634;1;148;1;1;1;4;                                                                                                    ;;
635;1;148;1;1;1;4;                                                                                                    ;;
636;1;148;2;1;1;4;                                                                                                    ;;
637;1;148;1;1;1;4;                                                                                                    ;;
638;1;148;1;1;1;4;                                                                                                    ;;
639;1;148;1;1;1;4;                                                                                                    ;;
575;1;148;1;1;1;4;                                                                                                    ;;
576;1;148;1;1;1;4;                                                                                                    ;;
577;1;148;1;1;1;4;                                                                                                    ;;
578;1;148;2;1;1;4;                                                                                                    ;;
579;1;148;1;1;1;4;                                                                                                    ;;
580;1;148;1;1;1;3;                                                                                                    ;;
641;1;148;2;1;1;4;                                                                                                    ;;
642;1;148;1;1;1;4;                                                                                                    ;;
643;1;148;1;1;1;4;                                                                                                    ;;
644;1;148;1;1;1;4;                                                                                                    ;;
645;1;148;1;1;1;4;                                                                                                    ;;
646;1;148;1;1;1;4;                                                                                                    ;;
704;1;148;1;1;1;4;                                                                                                    ;;
705;1;148;1;1;1;4;                                                                                                    ;;
706;1;148;1;1;1;4;                                                                                                    ;;
731;1;132;1;1;1;7;16/09/1969;;
732;1;132;1;1;1;4;10/06/1980;;
733;1;132;1;1;1;7;08/10/1979;;
734;1;132;1;1;1;7;01/01/1969;;
735;1;132;1;1;1;7;07/02/1991;;
736;1;132;1;1;1;7;02/09/1969;;
737;1;132;1;1;1;4;25/08/1979;;
738;1;132;1;1;1;4;11/04/1967;;
739;1;132;1;1;1;4;01/01/1988;;
740;1;132;1;1;1;4;16/08/1977;;
741;1;132;1;1;1;4;11/04/1972;;
742;1;132;1;2;1;4;26/09/1984;;
743;1;132;1;1;1;4;30/04/1983;;
744;1;132;1;1;1;4;05/01/1978;;
745;1;132;1;1;1;4;10/11/1977;;
746;1;132;1;1;1;4;02/07/1963;;
747;1;132;1;1;1;4;01/01/1969;;
748;1;132;1;1;1;4;01/01/1972;;
749;1;132;1;1;1;4;18/06/1969;;
750;1;132;1;1;1;4;04/04/1979;;
751;1;132;1;1;1;4;01/01/1966;;
752;1;132;1;1;1;4;17/02/1974;;
1;1;169;1;1;1;13;NULL;;
2;1;169;1;1;1;13;NULL;;
3;1;169;1;1;1;13;NULL;;
4;1;169;1;1;1;13;NULL;;
5;1;169;1;3;1;14;NULL;;
753;1;132;1;1;1;4;17/08/1973;;
6;1;169;1;3;1;13;NULL;;
7;1;169;1;3;1;14;NULL;;
8;1;169;1;3;1;14;NULL;;
9;1;169;1;3;1;13;NULL;;
10;1;169;1;3;1;14;NULL;;
754;1;132;1;1;1;4;01/01/1969;;
11;1;168;1;1;1;12;NULL;;
12;1;168;1;1;1;12;NULL;;
13;1;168;1;1;1;12;NULL;;
14;1;168;1;1;1;12;NULL;;
15;1;168;1;1;1;12;NULL;;
755;1;132;1;1;1;4;20/06/1965;;
1;1;170;1;2;1;12;NULL;;
2;1;170;1;2;1;13;NULL;;
3;1;170;1;1;1;13;NULL;;
4;1;170;1;1;1;14;1990;;
5;1;170;2;1;1;14;NULL;;
756;1;132;1;2;2;4;17/09/1985;;
757;1;132;1;1;1;4;06/04/1979;;
758;1;132;1;1;1;4;26/05/1962;;
759;1;132;1;1;1;4;01/01/1968;;
760;1;132;1;1;1;4;01/01/1974;;
761;1;132;1;1;1;4;30/09/1984;;
762;1;132;1;1;1;4;01/01/1967;;
763;1;132;1;1;1;4;31/08/1977;;
764;1;132;1;1;1;4;31/12/1962;;
765;1;132;1;1;1;4;30/11/1977;;
766;1;132;1;1;1;4;01/01/1964;;
767;1;132;1;1;1;4;17/05/1970;;
768;1;132;1;1;1;4;01/01/1975;;
769;1;132;1;1;1;4;05/01/1978;;
770;1;132;1;1;1;4;01/01/1966;;
771;1;132;1;1;1;4;03/08/1974;;
772;1;132;1;1;1;4;19/02/1988;;
773;1;132;1;1;1;4;01/01/1968;;
774;1;132;1;1;1;4;01/02/1978;;
775;1;132;1;1;1;4;01/01/1979;;
776;1;132;1;1;1;4;01/01/1976;;
777;1;132;1;1;1;4;03/06/1972;;
778;1;132;1;1;1;4;30/06/1981;;
779;1;132;1;1;1;4;01/01/1981;;
780;1;132;1;1;1;4;04/05/1966;;
781;1;132;1;1;1;4;08/12/1971;;
782;1;132;1;1;1;4;21/08/1981;;
783;1;132;1;1;1;4;28/02/1978;;
784;1;132;1;1;1;4;01/01/1966;;
785;1;132;1;1;1;4;19/10/1986;;
786;1;132;1;1;1;4;26/08/1976;;
787;1;132;1;1;1;4;01/01/1967;;
788;1;132;1;1;1;4;01/01/1982;;
789;1;132;1;1;1;4;04/06/1984;;
790;1;132;1;1;1;4;01/01/1971;;
791;1;132;1;1;1;4;01/01/1971;;
792;1;132;1;1;1;4;19/07/1970;;
793;1;132;1;1;1;4;01/01/1981;;
794;1;132;1;1;1;4;13/07/1971;;
795;1;132;1;1;1;4;27/01/1967;;
796;1;132;1;1;1;4;19/09/1984;;
797;1;132;1;1;1;4;29/08/1985;;
798;1;132;1;1;1;4;11/02/1979;;
799;1;132;1;1;1;4;12/09/1974;;
800;1;132;1;1;1;4;07/01/1985;;
801;1;132;2;1;1;4;11/10/1979;;
802;1;132;1;1;1;4;01/01/1970;;
803;1;132;1;1;1;4;01/01/1985;;
804;1;132;1;1;1;4;19/08/1977;;
805;1;132;1;1;1;4;06/11/1971;;
806;1;132;1;1;1;4;14/12/1987;;
807;1;132;1;1;1;4;01/01/1976;;
808;1;132;1;1;1;4;31/08/1976;;
809;1;132;1;1;1;4;01/01/1977;;
810;1;132;1;1;1;4;03/10/1979;;
811;1;132;1;1;1;4;01/01/1971;;
812;1;132;1;1;1;4;04/09/1970;;
813;1;132;1;1;1;4;04/01/1985;;
814;1;132;1;1;1;4;20/02/1969;;
815;1;132;1;1;1;4;01/01/1967;;
816;1;132;1;1;1;4;29/10/1974;;
11;1;170;1;3;1;14;NULL;;
12;1;170;1;3;1;14;NULL;;
13;1;170;1;3;1;14;NULL;;
14;1;170;1;1;1;14;NULL;;
15;1;170;1;3;1;14;NULL;;
835;1;171;1;3;1;3;                                                                                                    ;;
874;1;167;1;3;14;4;                                                                                                    ;;
875;1;167;1;3;7;4;                                                                                                    ;;
876;1;167;1;3;7;4;                                                                                                    ;;
877;1;167;1;3;14;4;                                                                                                    ;;
878;1;167;1;3;8;4;                                                                                                    ;;
836;1;171;1;3;1;4;                                                                                                    ;;
1;1;179;1;3;1;14;NULL;;
2;1;179;1;3;8;14;NULL;;
3;1;179;1;3;2;14;NULL;;
4;1;179;1;3;1;14;NULL;;
5;1;179;1;3;1;14;NULL;;
837;1;171;1;3;1;3;                                                                                                    ;;
1;1;168;1;1;1;12;NULL;;
2;1;168;1;1;1;12;NULL;;
3;1;168;1;1;1;12;NULL;;
4;1;168;1;1;1;12;NULL;;
5;1;168;1;1;1;13;NULL;;
97;2;194;1;1;1;40;1993;;
98;2;194;1;1;1;40;1983;;
1;2;155;1;1;1;4;NULL;;
2;2;155;1;1;1;4;NULL;;
3;2;155;2;3;1;4;NULL;;
4;2;155;1;3;1;4;NULL;;
5;2;155;1;3;1;4;NULL;;
6;2;155;1;5;1;4;NULL;;
7;2;155;1;3;5;4;NULL;;
8;2;155;1;5;1;4;NULL;;
9;2;155;1;1;1;4;NULL;;
10;2;155;1;5;3;4;NULL;;
1;2;244;1;3;1;40;1992;;
1;2;90;1;2;1;4;1973;;
2;2;90;1;2;1;40;1983;;
3;2;90;1;2;1;40;1965;;
4;2;90;1;1;1;40;1976;;
5;2;90;1;3;1;40;1969;;
2;2;244;1;3;1;40;NULL;;
3;2;244;1;3;1;40;NULL;;
4;2;244;1;1;1;40;1988;;
5;2;244;1;3;1;4;1987;;
6;2;244;1;3;1;40;NULL;;
7;2;244;1;3;1;40;1994;;
8;2;244;1;3;1;40;1992;;
15;2;244;2;3;1;4;NULL;;
16;2;244;1;3;1;4;NULL;;
17;2;244;1;3;1;40;1991;;
18;2;244;1;3;1;4;1972;;
19;2;244;2;3;1;40;NULL;;
9;2;244;1;3;1;4;1994;;
8;2;90;2;1;1;40;1980;;
9;2;90;1;1;1;40;1980;;
10;2;90;1;1;1;40;1981;;
81;2;244;1;3;1;40;1983;;
82;2;244;1;3;1;40;1982;;
10;2;244;1;3;1;40;NULL;;
83;2;244;1;3;1;40;NULL;;
84;2;244;1;3;1;4;NULL;;
85;2;244;2;3;1;40;1992;;
86;2;244;1;3;1;4;1994;;
87;2;244;1;3;1;42;NULL;;
20;2;244;1;3;1;40;NULL;;
21;2;244;1;3;1;40;1995;;
22;2;244;1;3;1;40;NULL;;
23;2;244;1;3;1;4;1987;;
24;2;244;1;3;1;4;NULL;;
25;2;244;1;3;1;40;NULL;;
26;2;244;1;3;1;4;1964;;
27;2;244;2;3;1;40;1988;;
28;2;244;1;3;1;4;NULL;;
29;2;244;1;3;1;40;1989;;
30;2;244;1;3;1;4;1995;;
11;2;90;1;1;1;4;1971;;
12;2;90;1;1;1;40;1982;;
61;2;244;2;3;1;4;1995;;
62;2;244;1;1;1;4;1983;;
63;2;244;1;3;1;4;1988;;
64;2;244;1;3;1;40;1984;;
65;2;244;1;3;1;40;1973;;
13;2;90;1;1;1;4;1982;;
66;2;244;1;3;1;40;1982;;
67;2;244;1;3;1;4;1987;;
68;2;244;2;3;1;40;NULL;;
69;2;244;2;3;1;4;1982;;
70;2;244;1;1;1;4;1981;;
14;2;90;1;1;1;41;1978;;
15;2;90;1;3;1;4;1950;;
16;2;90;1;3;1;4;1955;;
17;2;90;1;3;1;40;1978;;
18;2;90;1;3;1;40;1977;;
19;2;90;1;5;1;40;1987;;
20;2;90;1;1;11;40;1988;;
31;2;244;1;1;1;4;1981;;
32;2;244;2;3;1;40;1993;;
33;2;244;1;3;1;40;1991;;
34;2;244;1;3;1;41;1996;;
35;2;244;1;3;1;40;1992;;
36;2;244;1;3;1;4;NULL;;
37;2;244;1;3;2;4;1998;;
38;2;244;1;3;1;40;NULL;;
39;2;244;1;3;2;40;1999;;
40;2;244;1;3;1;40;1990;;
21;2;90;1;1;1;4;1980;;
22;2;90;1;1;1;4;1981;;
23;2;90;1;3;1;40;1960;;
24;2;90;1;1;1;40;1981;;
25;2;90;1;3;1;40;1956;;
26;2;90;1;1;1;4;1976;;
27;2;90;1;1;1;4;1977;;
28;2;90;1;1;1;4;1976;;
29;2;90;1;1;1;4;1978;;
30;2;90;1;1;1;40;1982;;
41;2;244;1;3;1;40;NULL;;
42;2;244;1;3;1;4;1990;;
43;2;244;2;3;1;40;1994;;
44;2;244;1;1;1;4;1991;;
45;2;244;1;3;1;4;1989;;
46;2;244;1;3;1;4;1992;;
47;2;244;1;3;1;40;1994;;
48;2;244;1;3;1;4;1973;;
49;2;244;1;3;1;4;1980;;
50;2;244;1;3;1;4;1987;;
88;2;244;1;3;1;40;1989;;
89;2;244;1;3;2;40;1989;;
90;2;244;2;3;2;4;1987;;
31;2;176;1;3;1;40;1985;;
32;2;176;1;3;1;40;1992;;
51;2;244;1;1;2;4;1971;;
33;2;176;1;3;1;40;1987;;
34;2;176;1;3;1;40;1983;;
35;2;176;1;1;1;40;1990;;
36;2;176;1;3;1;40;1981;;
37;2;176;1;3;1;40;1990;;
52;2;244;1;3;1;40;NULL;;
53;2;244;1;3;1;40;NULL;;
54;2;244;1;3;1;40;1990;;
55;2;244;1;3;1;40;1987;;
56;2;244;1;1;1;4;1993;;
57;2;244;1;3;1;40;1985;;
58;2;244;1;3;1;40;1970;;
59;2;244;1;3;1;40;NULL;;
60;2;244;1;3;1;40;1964;;
71;2;244;1;1;1;40;NULL;;
72;2;244;2;1;1;40;1991;;
73;2;244;2;3;1;40;1980;;
74;2;244;1;3;1;40;1993;;
75;2;244;1;3;1;4;NULL;;
76;2;244;1;3;1;4;1996;;
77;2;244;1;3;1;4;NULL;;
78;2;244;1;3;1;4;1993;;
79;2;244;1;3;1;40;1986;;
80;2;244;1;3;1;4;1970;;
1;2;136;1;3;1;41;NULL;;
2;2;136;1;3;1;41;1993;;
3;2;136;1;3;1;41;1990;;
4;2;136;1;3;1;41;1967;;
5;2;136;2;3;1;41;1973;;
6;2;136;1;3;1;41;1994;;
21;2;136;1;3;1;41;1993;;
22;2;136;1;3;1;41;1968;;
23;2;136;1;3;1;41;1957;;
24;2;136;1;3;1;41;1970;;
25;2;136;1;3;1;40;1970;;
7;2;136;1;3;1;41;1998;;
26;2;136;1;3;1;41;1971;;
27;2;136;1;3;1;41;1993;;
28;2;136;1;3;1;41;NULL;;
29;2;136;1;3;10;41;1960;;
30;2;136;1;3;1;41;NULL;;
8;2;136;1;3;1;41;1990;;
9;2;136;2;3;1;41;1973;;
10;2;136;1;3;1;41;1990;;
11;2;136;1;3;8;41;1983;;
12;2;136;1;3;1;41;1985;;
13;2;136;1;3;1;41;1980;;
14;2;136;1;3;1;41;1974;;
15;2;136;1;3;1;41;1992;;
16;2;136;1;3;1;40;1985;;
17;2;136;1;3;1;40;1959;;
18;2;136;1;3;1;40;1990;;
19;2;136;1;3;1;40;1982;;
20;2;136;1;3;1;40;1990;;
31;2;136;1;3;1;41;NULL;;
32;2;136;1;3;1;4;1967;;
33;2;136;1;3;1;41;NULL;;
34;2;136;1;3;1;40;NULL;;
35;2;136;1;3;1;41;NULL;;
36;2;136;1;3;8;40;NULL;;
37;2;136;1;3;1;40;NULL;;
38;2;136;1;3;1;41;1993;;
39;2;136;1;3;1;41;1988;;
40;2;136;1;3;1;41;1980;;
41;2;136;1;3;1;40;985;;
42;2;136;2;3;1;40;1968;;
43;2;136;1;3;1;40;NULL;;
44;2;136;1;3;1;4;NULL;;
106;2;244;1;3;1;40;1990;;
107;2;244;1;3;1;40;NULL;;
108;2;244;1;1;1;4;1981;;
109;2;244;1;3;1;40;NULL;;
110;2;244;1;3;1;4;1990;;
9;2;59;1;3;1;41;1995;;
10;2;59;1;1;1;4;1981;;
42;2;112;1;3;1;40;1979;;
43;2;112;1;1;1;4;1990;;
44;2;112;1;3;1;4;1999;;
11;2;112;1;3;1;40;1968;;
37;2;112;1;3;1;40;1983;;
38;2;112;1;3;1;40;1986;;
39;2;112;1;3;1;4;1992;;
40;2;112;1;3;1;40;1981;;
101;2;244;2;3;1;40;NULL;;
102;2;244;2;3;1;4;NULL;;
103;2;244;1;3;1;4;1984;;
104;2;244;1;3;1;40;1975;;
105;2;244;1;3;1;40;1996;;
41;2;112;1;3;1;4;1969;;
2;2;112;1;1;2;40;1988;;
3;2;112;1;3;1;40;1996;;
4;2;112;1;3;1;40;1989;;
5;2;112;1;3;2;40;1995;;
6;2;112;1;3;1;40;1995;;
7;2;112;1;3;2;40;1987;;
8;2;112;1;3;1;40;1981;;
91;2;244;1;1;1;40;NULL;;
92;2;244;1;3;1;4;1985;;
93;2;244;1;3;1;4;1990;;
94;2;244;1;3;1;40;NULL;;
95;2;244;1;3;1;40;NULL;;
96;2;244;1;3;1;4;NULL;;
97;2;244;1;3;8;40;1995;;
98;2;244;1;3;1;40;1998;;
99;2;244;1;3;1;40;NULL;;
100;2;244;1;3;1;4;1997;;
1;2;42;1;3;1;40;1973;;
2;2;42;1;1;1;40;1975;;
3;2;42;1;3;2;40;1986;;
4;2;42;1;3;1;40;1978;;
5;2;42;1;3;1;40;1972;;
6;2;42;2;3;1;40;1977;;
7;2;42;1;3;1;40;1989;;
8;2;42;1;3;2;40;1985;;
9;2;42;1;3;2;40;1990;;
10;2;42;1;3;1;40;1991;;
11;2;42;1;3;1;40;1989;;
12;2;42;1;3;1;40;1980;;
13;2;42;1;3;2;40;1987;;
14;2;42;1;3;2;40;1985;;
15;2;42;1;3;1;40;1984;;
16;2;42;1;3;1;40;1989;;
17;2;42;1;3;1;40;1979;;
111;2;244;1;3;1;40;1991;;
112;2;244;1;3;1;4;1986;;
113;2;244;1;3;1;40;1986;;
114;2;244;2;3;1;40;1995;;
115;2;244;1;1;1;4;NULL;;
116;2;244;1;3;1;40;1966;;
117;2;244;1;3;1;4;1977;;
118;2;244;1;3;1;4;1994;;
119;2;244;1;3;1;40;NULL;;
120;2;244;1;3;2;4;1989;;
1;2;176;1;1;1;4;1985;;
2;2;176;1;1;1;4;1986;;
3;2;176;1;1;1;4;1981;;
4;2;176;1;1;1;4;1985;;
5;2;176;1;1;1;4;1988;;
6;2;176;1;1;1;4;1990;;
7;2;176;1;1;1;4;1988;;
8;2;176;1;1;1;4;1983;;
9;2;176;1;1;1;4;1984;;
10;2;176;1;1;1;40;1985;;
121;2;244;1;3;1;40;1997;;
122;2;244;1;3;2;40;NULL;;
123;2;244;1;3;1;4;NULL;;
124;2;244;1;3;1;40;1988;;
125;2;244;1;3;1;40;NULL;;
126;2;244;2;3;1;40;1997;;
127;2;244;1;3;1;4;1985;;
128;2;244;1;3;1;42;1994;;
129;2;244;1;3;4;41;1986;;
130;2;244;1;3;1;4;1989;;
131;2;244;2;3;2;40;1979;;
132;2;244;1;3;1;40;1995;;
133;2;244;1;3;1;4;1986;;
11;2;176;1;1;1;40;1990;;
12;2;176;1;1;1;40;1988;;
13;2;176;1;1;1;40;1987;;
14;2;176;1;1;1;40;1990;;
15;2;176;1;1;1;40;1986;;
16;2;176;1;1;1;40;1990;;
17;2;176;1;1;1;40;1988;;
18;2;176;1;3;1;40;1990;;
19;2;176;1;3;1;40;1985;;
20;2;176;1;3;1;40;1987;;
9;2;112;2;3;1;4;1988;;
10;2;112;2;3;1;4;1988;;
12;2;74;1;2;1;4;1967;;
21;2;176;1;3;1;40;1986;;
22;2;176;1;3;1;40;1985;;
23;2;176;2;3;1;40;1988;;
24;2;176;1;3;1;40;1987;;
25;2;176;1;3;1;40;1986;;
51;2;112;1;3;1;40;1984;;
26;2;176;1;3;1;40;1991;;
27;2;176;1;3;1;40;1992;;
28;2;176;1;3;1;40;1987;;
29;2;176;1;3;1;40;1988;;
30;2;176;1;3;1;40;1986;;
38;2;176;1;3;1;40;1990;;
39;2;176;1;3;1;4;1988;;
40;2;176;1;3;1;4;1988;;
15;2;100;1;3;1;40;1984;;
4;2;168;1;3;1;4;1985;;
5;2;168;1;3;1;4;1987;;
838;1;171;1;3;1;3;                                                                                                    ;;
6;1;168;1;1;1;12;NULL;;
7;1;168;1;1;1;12;NULL;;
8;1;168;2;1;1;13;NULL;;
9;1;168;1;1;1;12;NULL;;
10;1;168;1;1;1;13;NULL;;
839;1;171;1;3;1;3;                                                                                                    ;;
840;1;171;1;3;1;3;                                                                                                    ;;
841;1;171;1;3;1;3;                                                                                                    ;;
842;1;171;1;3;1;3;                                                                                                    ;;
843;1;171;1;3;1;3;                                                                                                    ;;
844;1;171;1;3;1;3;                                                                                                    ;;
845;1;171;1;3;1;15;                                                                                                    ;;
846;1;171;1;3;1;3;                                                                                                    ;;
847;1;171;1;3;1;3;                                                                                                    ;;
848;1;171;1;3;1;3;                                                                                                    ;;
849;1;171;1;3;1;3;                                                                                                    ;;
850;1;171;1;3;1;6;                                                                                                    ;;
851;1;171;1;3;1;3;                                                                                                    ;;
852;1;171;1;3;1;3;                                                                                                    ;;
853;1;171;1;3;1;3;                                                                                                    ;;
854;1;171;1;3;1;3;                                                                                                    ;;
855;1;171;1;3;1;3;                                                                                                    ;;
856;1;171;1;3;1;3;                                                                                                    ;;
857;1;171;1;3;1;6;                                                                                                    ;;
858;1;171;1;3;1;3;                                                                                                    ;;
859;1;171;1;3;1;3;                                                                                                    ;;
860;1;171;1;3;1;4;                                                                                                    ;;
861;1;171;1;3;1;4;                                                                                                    ;;
862;1;171;1;3;1;3;                                                                                                    ;;
863;1;171;1;3;1;3;                                                                                                    ;;
869;1;167;1;3;1;4;                                                                                                    ;;
870;1;167;1;3;1;4;                                                                                                    ;;
871;1;167;1;3;1;4;                                                                                                    ;;
872;1;167;1;3;1;4;                                                                                                    ;;
873;1;167;1;3;14;4;                                                                                                    ;;
864;1;171;1;3;1;3;                                                                                                    ;;
865;1;171;1;3;1;3;                                                                                                    ;;
866;1;171;1;3;1;3;                                                                                                    ;;
867;1;171;1;3;1;3;                                                                                                    ;;
868;1;171;1;3;1;3;                                                                                                    ;;
7;1;179;1;3;1;14;NULL;;
879;1;167;1;3;14;4;                                                                                                    ;;
880;1;167;1;3;1;4;                                                                                                    ;;
881;1;167;1;3;1;4;                                                                                                    ;;
882;1;167;1;3;14;4;                                                                                                    ;;
883;1;167;1;3;3;4;                                                                                                    ;;
884;1;167;1;3;7;4;                                                                                                    ;;
885;1;167;1;3;1;4;                                                                                                    ;;
886;1;167;1;3;1;4;                                                                                                    ;;
887;1;167;1;3;1;4;                                                                                                    ;;
888;1;167;1;3;1;4;                                                                                                    ;;
889;1;167;1;3;1;4;                                                                                                    ;;
890;1;167;1;3;1;4;                                                                                                    ;;
891;1;167;1;3;1;4;                                                                                                    ;;
892;1;167;1;3;1;4;                                                                                                    ;;
893;1;167;1;3;1;4;                                                                                                    ;;
894;1;167;1;3;1;4;                                                                                                    ;;
895;1;167;1;3;1;4;                                                                                                    ;;
896;1;167;1;3;1;4;                                                                                                    ;;
897;1;167;1;3;1;4;                                                                                                    ;;
898;1;167;1;3;1;4;                                                                                                    ;;
899;1;167;1;3;7;4;                                                                                                    ;;
900;1;167;1;3;1;4;                                                                                                    ;;
901;1;167;1;3;1;4;                                                                                                    ;;
902;1;167;1;3;1;4;                                                                                                    ;;
903;1;167;1;3;1;3;                                                                                                    ;;
904;1;167;1;3;1;3;                                                                                                    ;;
905;1;167;1;3;1;3;                                                                                                    ;;
906;1;167;1;3;1;3;                                                                                                    ;;
907;1;167;1;3;1;3;                                                                                                    ;;
908;1;167;1;3;1;3;                                                                                                    ;;
909;1;167;1;3;1;3;                                                                                                    ;;
6;1;179;1;3;1;14;NULL;;
8;1;179;1;3;2;14;NULL;;
9;1;179;1;3;1;14;NULL;;
10;1;179;1;3;1;14;NULL;;
11;1;179;1;3;8;14;NULL;;
910;1;167;1;3;1;3;                                                                                                    ;;
911;1;167;1;3;1;3;                                                                                                    ;;
912;1;167;1;3;1;3;                                                                                                    ;;
913;1;167;1;3;1;3;                                                                                                    ;;
914;1;167;1;3;1;3;                                                                                                    ;;
915;1;167;1;3;1;3;                                                                                                    ;;
916;1;167;1;3;1;3;                                                                                                    ;;
917;1;167;1;3;1;3;                                                                                                    ;;
918;1;167;1;3;1;3;                                                                                                    ;;
919;1;167;1;3;1;3;                                                                                                    ;;
920;1;167;1;3;1;3;                                                                                                    ;;
921;1;167;1;3;1;3;                                                                                                    ;;
922;1;167;1;3;1;3;                                                                                                    ;;
923;1;167;1;3;1;3;                                                                                                    ;;
924;1;167;1;3;1;3;                                                                                                    ;;
925;1;167;1;3;1;3;                                                                                                    ;;
926;1;167;2;3;1;3;                                                                                                    ;;
927;1;167;1;3;1;3;                                                                                                    ;;
928;1;167;1;3;1;3;                                                                                                    ;;
929;1;167;1;3;1;3;                                                                                                    ;;
930;1;167;1;3;1;3;                                                                                                    ;;
931;1;167;1;3;1;3;                                                                                                    ;;
932;1;167;1;3;1;3;                                                                                                    ;;
933;1;167;1;3;1;3;                                                                                                    ;;
934;1;167;1;3;1;3;                                                                                                    ;;
935;1;167;1;3;1;3;                                                                                                    ;;
936;1;167;1;3;1;3;                                                                                                    ;;
937;1;167;1;3;1;3;                                                                                                    ;;
938;1;167;1;3;1;3;                                                                                                    ;;
939;1;167;1;3;1;3;                                                                                                    ;;
940;1;167;1;3;1;3;                                                                                                    ;;
941;1;167;1;3;1;3;                                                                                                    ;;
942;1;167;1;3;1;3;                                                                                                    ;;
943;1;167;1;3;1;3;                                                                                                    ;;
944;1;167;1;3;1;3;                                                                                                    ;;
945;1;167;1;3;1;3;                                                                                                    ;;
946;1;167;1;3;1;3;                                                                                                    ;;
947;1;167;1;3;1;3;                                                                                                    ;;
948;1;167;1;3;1;3;                                                                                                    ;;
949;1;167;1;3;1;3;                                                                                                    ;;
950;1;167;1;3;1;3;                                                                                                    ;;
951;1;167;1;3;1;3;                                                                                                    ;;
952;1;167;1;3;1;3;                                                                                                    ;;
953;1;167;1;3;1;3;                                                                                                    ;;
954;1;167;1;3;1;3;                                                                                                    ;;
955;1;167;1;3;1;3;                                                                                                    ;;
956;1;167;1;3;1;3;                                                                                                    ;;
957;1;167;1;3;1;3;                                                                                                    ;;
958;1;167;1;3;1;3;                                                                                                    ;;
959;1;167;1;3;1;3;                                                                                                    ;;
960;1;167;1;3;1;3;                                                                                                    ;;
961;1;167;1;3;1;3;                                                                                                    ;;
962;1;167;1;3;1;3;                                                                                                    ;;
963;1;167;1;3;1;3;                                                                                                    ;;
964;1;167;1;3;1;3;                                                                                                    ;;
965;1;167;1;3;1;3;                                                                                                    ;;
966;1;167;1;3;1;3;                                                                                                    ;;
967;1;167;1;3;1;3;                                                                                                    ;;
968;1;167;1;3;1;3;                                                                                                    ;;
969;1;167;1;3;1;3;                                                                                                    ;;
970;1;167;1;3;1;3;                                                                                                    ;;
971;1;167;1;3;1;3;                                                                                                    ;;
972;1;167;1;3;1;3;                                                                                                    ;;
973;1;167;1;3;1;3;                                                                                                    ;;
974;1;167;1;3;1;3;                                                                                                    ;;
975;1;167;1;3;1;3;                                                                                                    ;;
976;1;167;1;3;1;3;                                                                                                    ;;
977;1;167;1;3;1;3;                                                                                                    ;;
978;1;167;1;3;1;3;                                                                                                    ;;
979;1;167;1;3;1;3;                                                                                                    ;;
980;1;167;1;3;1;3;                                                                                                    ;;
981;1;167;1;3;1;3;                                                                                                    ;;
982;1;167;1;3;1;3;                                                                                                    ;;
983;1;167;1;3;1;3;                                                                                                    ;;
984;1;167;1;3;3;3;                                                                                                    ;;
985;1;167;1;3;1;3;                                                                                                    ;;
986;1;167;2;3;1;3;                                                                                                    ;;
987;1;167;2;3;1;3;                                                                                                    ;;
988;1;167;1;3;1;3;                                                                                                    ;;
989;1;167;1;3;1;3;                                                                                                    ;;
990;1;167;1;3;1;3;                                                                                                    ;;
991;1;167;1;3;1;3;                                                                                                    ;;
992;1;167;1;3;1;3;                                                                                                    ;;
993;1;167;1;3;1;3;                                                                                                    ;;
994;1;167;1;3;1;3;                                                                                                    ;;
995;1;167;1;3;1;3;                                                                                                    ;;
996;1;167;1;3;1;3;                                                                                                    ;;
997;1;167;1;3;1;3;                                                                                                    ;;
998;1;167;1;3;1;3;                                                                                                    ;;
999;1;167;1;3;1;3;                                                                                                    ;;
1000;1;167;1;3;1;3;                                                                                                    ;;
1001;1;167;1;3;1;3;                                                                                                    ;;
1002;1;167;1;3;1;3;                                                                                                    ;;
1003;1;167;1;3;1;3;                                                                                                    ;;
1004;1;167;1;3;1;3;                                                                                                    ;;
1005;1;167;1;3;1;3;                                                                                                    ;;
1006;1;167;1;3;1;3;                                                                                                    ;;
1007;1;167;1;3;1;15;                                                                                                    ;;
1008;1;167;1;3;1;15;                                                                                                    ;;
1009;1;167;1;3;1;15;                                                                                                    ;;
1010;1;167;1;3;1;15;                                                                                                    ;;
1011;1;167;1;3;1;15;                                                                                                    ;;
1012;1;167;1;3;1;15;                                                                                                    ;;
1013;1;167;1;3;1;15;                                                                                                    ;;
1014;1;167;1;3;1;15;                                                                                                    ;;
1015;1;167;1;3;1;15;                                                                                                    ;;
1016;1;167;1;3;1;15;                                                                                                    ;;
1017;1;167;1;3;1;15;                                                                                                    ;;
1018;1;167;1;3;1;15;                                                                                                    ;;
1019;1;167;1;3;1;4;                                                                                                    ;;
1020;1;167;1;3;1;4;                                                                                                    ;;
1021;1;167;1;3;1;4;                                                                                                    ;;
1022;1;167;1;3;1;4;                                                                                                    ;;
1023;1;167;1;3;1;4;                                                                                                    ;;
1024;1;167;2;3;1;4;                                                                                                    ;;
1025;1;167;1;3;1;4;                                                                                                    ;;
1026;1;167;1;3;1;4;                                                                                                    ;;
1027;1;167;1;3;1;4;                                                                                                    ;;
1028;1;167;1;3;1;4;                                                                                                    ;;
1029;1;167;1;3;1;4;                                                                                                    ;;
1030;1;167;1;3;1;4;                                                                                                    ;;
1031;1;167;1;3;1;4;                                                                                                    ;;
1032;1;167;1;3;1;3;                                                                                                    ;;
1033;1;167;1;3;1;4;                                                                                                    ;;
1034;1;167;1;3;1;4;                                                                                                    ;;
1035;1;167;1;3;1;4;                                                                                                    ;;
1036;1;167;1;3;1;3;                                                                                                    ;;
1037;1;167;1;3;1;4;                                                                                                    ;;
1038;1;167;1;3;1;4;                                                                                                    ;;
1039;1;167;1;3;1;3;                                                                                                    ;;
1040;1;167;1;3;1;4;                                                                                                    ;;
1041;1;167;1;3;1;4;                                                                                                    ;;
1042;1;167;1;3;1;3;                                                                                                    ;;
1043;1;167;1;3;1;4;                                                                                                    ;;
1044;1;167;1;3;1;4;                                                                                                    ;;
1045;1;167;1;3;1;4;                                                                                                    ;;
1046;1;167;1;3;1;4;                                                                                                    ;;
1047;1;167;1;3;1;4;                                                                                                    ;;
1048;1;167;1;3;1;4;                                                                                                    ;;
1049;1;167;1;3;1;4;                                                                                                    ;;
1050;1;167;1;3;1;4;                                                                                                    ;;
1051;1;167;1;3;1;4;                                                                                                    ;;
1052;1;167;1;3;1;4;                                                                                                    ;;
1053;1;167;1;3;1;4;                                                                                                    ;;
1054;1;167;1;3;1;4;                                                                                                    ;;
1055;1;167;1;3;1;4;                                                                                                    ;;
1056;1;167;1;3;1;4;                                                                                                    ;;
1057;1;167;1;3;1;4;                                                                                                    ;;
1058;1;167;1;3;1;4;                                                                                                    ;;
1059;1;167;1;3;1;4;                                                                                                    ;;
1060;1;167;1;3;1;4;                                                                                                    ;;
1061;1;167;1;1;1;3;                                                                                                    ;;
1062;1;167;1;1;1;3;                                                                                                    ;;
1063;1;167;1;1;1;3;                                                                                                    ;;
1064;1;167;1;1;1;3;                                                                                                    ;;
1065;1;167;1;1;1;3;                                                                                                    ;;
1066;1;167;1;1;1;3;                                                                                                    ;;
1067;1;167;1;1;1;4;                                                                                                    ;;
1068;1;167;1;1;1;3;                                                                                                    ;;
1069;1;167;1;1;1;3;                                                                                                    ;;
1070;1;167;1;1;1;3;                                                                                                    ;;
1071;1;167;1;1;1;3;                                                                                                    ;;
1072;1;167;1;1;1;3;                                                                                                    ;;
12;1;179;1;3;1;14;NULL;;
13;1;179;1;3;1;14;NULL;;
1073;1;180;1;1;1;7;31/12/1975;;
1074;1;180;1;1;12;14;07/07/1981;;
1075;1;180;1;1;14;7;19/05/1992;;
11;1;169;1;3;1;13;NULL;;
12;1;169;1;3;1;14;NULL;;
13;1;169;1;3;1;13;NULL;;
14;1;169;1;3;1;13;NULL;;
15;1;169;1;3;1;13;NULL;;
16;1;169;1;3;1;14;NULL;;
17;1;169;1;3;1;14;NULL;;
18;1;169;1;3;1;13;NULL;;
1076;1;180;1;1;8;7;26/09/1991;;
1077;1;180;1;1;14;5;09/12/1973;;
1078;1;180;1;1;1;5;15/04/1995;;
1079;1;180;1;1;2;7;02/09/1986;;
16;1;168;1;1;1;12;NULL;;
17;1;168;1;1;1;12;NULL;;
18;1;168;1;1;1;12;NULL;;
19;1;168;1;1;1;12;NULL;;
20;1;168;1;1;1;12;NULL;;
21;1;168;1;1;1;12;NULL;;
22;1;168;1;1;1;12;NULL;;
31;1;173;1;3;1;14;NULL;;
32;1;173;1;3;1;14;NULL;;
1080;1;180;1;1;12;7;31/12/1986;;
1081;1;180;1;1;7;7;19/10/1968;;
1082;1;180;1;1;1;14;11/04/1969;;
1;1;173;1;2;1;14;NULL;;
2;1;173;1;2;1;14;NULL;;
3;1;173;1;2;1;14;NULL;;
4;1;173;1;2;1;14;NULL;;
5;1;173;1;2;1;14;NULL;;
6;1;173;1;2;1;14;NULL;;
7;1;173;1;2;1;14;NULL;;
8;1;173;1;2;1;14;NULL;;
9;1;173;1;2;1;14;NULL;;
10;1;173;1;2;1;14;NULL;;
11;1;173;1;3;1;14;NULL;;
12;1;173;1;3;1;14;NULL;;
13;1;173;1;3;1;14;NULL;;
14;1;173;1;3;1;14;NULL;;
15;1;173;1;3;1;14;NULL;;
16;1;173;1;3;1;14;NULL;;
17;1;173;1;3;1;14;NULL;;
18;1;173;1;3;1;14;NULL;;
19;1;173;1;3;1;14;NULL;;
20;1;173;1;3;1;14;NULL;;
21;1;173;1;3;1;14;NULL;;
22;1;173;1;3;1;14;NULL;;
23;1;173;1;3;1;14;NULL;;
24;1;173;1;3;1;14;NULL;;
25;1;173;1;3;1;14;NULL;;
26;1;173;1;3;1;14;NULL;;
27;1;173;1;3;1;14;NULL;;
28;1;173;1;3;1;14;NULL;;
29;1;173;1;3;1;14;NULL;;
30;1;173;1;3;1;14;NULL;;
1083;1;180;1;1;7;7;13/11/1970;;
1084;1;180;1;1;2;5;14/05/1966;;
1085;1;180;1;1;8;5;04/09/1987;;
1086;1;180;1;1;8;5;13/07/1976;;
1087;1;180;1;1;8;7;15/08/1981;;
1088;1;180;1;1;8;5;20/09/1977;;
1089;1;180;1;1;8;7;10/02/1975;;
1128;1;175;1;1;14;13;1972;;
1129;1;175;1;1;1;13;1955;;
1130;1;175;1;1;12;13;1968;;
1131;1;175;1;1;7;13;1964;;
1132;1;175;1;1;1;13;18/05/1905;;
1090;1;180;1;1;14;5;01/05/1984;;
1133;1;175;1;1;12;13;1968;;
1134;1;175;1;1;12;13;1972;;
1135;1;175;1;1;3;13;1969;;
1136;1;175;1;1;14;13;1965;;
1137;1;175;1;1;12;13;03/06/1905;;
1091;1;180;1;1;14;7;08/06/1984;;
1138;1;175;2;1;1;13;1979;;
1139;1;175;1;1;1;13;1985;;
1140;1;175;1;1;12;15;1978;;
1141;1;175;1;1;1;13;1981;;
1142;1;175;1;1;1;13;01/06/1905;;
1092;1;180;1;1;14;5;10/04/1980;;
1143;1;175;1;1;1;13;1982;;
1144;1;175;1;1;1;14;1978;;
1145;1;175;1;1;1;13;1965;;
1146;1;175;1;1;3;13;1972;;
1147;1;175;1;1;1;13;28/05/1905;;
1093;1;180;1;1;14;5;08/02/1975;;
1148;1;175;1;1;1;13;1980;;
1149;1;175;1;1;14;13;1978;;
1150;1;175;1;1;1;13;1982;;
1151;1;175;1;1;14;13;1978;;
1152;1;175;1;1;1;13;01/06/1905;;
1094;1;180;1;1;14;5;30/12/1981;;
11;1;176;1;1;1;14;NULL;;
12;1;176;1;1;1;14;NULL;;
13;1;176;1;1;1;14;NULL;;
14;1;176;1;1;1;14;NULL;;
15;1;176;1;1;1;14;NULL;;
1095;1;180;1;1;14;5;05/12/1977;;
16;1;176;1;1;1;14;NULL;;
17;1;176;1;1;1;14;NULL;;
18;1;176;1;1;1;14;NULL;;
19;1;176;1;3;1;13;NULL;;
20;1;176;1;3;1;13;NULL;;
1096;1;180;1;1;14;5;20/12/1980;;
1097;1;180;1;1;14;5;31/12/1975;;
1098;1;180;1;1;12;5;17/08/1973;;
1099;1;180;1;1;12;5;20/04/1974;;
1100;1;180;1;1;12;5;16/03/1975;;
1101;1;180;1;1;12;5;25/09/1975;;
1102;1;180;1;1;12;5;29/01/1978;;
1103;1;180;1;1;14;255;22/03/1980;;
1104;1;180;1;1;1;5;31/12/1978;;
1105;1;180;1;1;1;4;31/12/1979;;
1106;1;180;1;1;1;7;31/12/1970;;
1107;1;180;1;1;1;255;31/12/1980;;
1108;1;180;1;1;1;7;31/12/1971;;
1109;1;180;1;1;1;5;16/09/1972;;
1110;1;180;1;1;1;255;23/12/1971;;
1111;1;180;1;1;14;7;19/02/1977;;
1112;1;180;1;1;14;5;30/08/1970;;
1113;1;180;1;1;14;5;21/09/1977;;
1114;1;180;1;1;14;5;21/05/1966;;
1115;1;180;1;1;14;5;08/03/1971;;
1116;1;180;1;1;12;7;27/11/1972;;
1117;1;180;1;1;2;5;31/12/1968;;
1118;1;180;1;1;2;7;19/01/1971;;
1119;1;180;1;1;3;5;14/10/1984;;
1120;1;180;1;1;3;7;06/09/1967;;
1123;1;175;1;1;3;13;1974;;
1124;1;175;1;1;12;13;1970;;
1125;1;175;1;1;14;15;1957;;
1126;1;175;1;1;14;13;1964;;
1127;1;175;1;1;14;13;18/05/1905;;
1121;1;180;1;1;14;5;20/04/1975;;
1122;1;180;1;1;14;5;30/10/1970;;
18;1;1;1;1;1;13;1980;;
25;1;1;1;1;1;13;1986;;
17;1;1;2;1;1;13;1986;;
22;1;1;1;1;1;14;1968;;
1153;1;175;1;1;1;13;1982;;
1;1;177;1;3;14;13;NULL;;
2;1;177;1;3;8;13;NULL;;
3;1;177;1;3;1;13;NULL;;
4;1;177;1;3;1;13;NULL;;
5;1;177;1;3;1;13;NULL;;
1154;1;175;1;1;1;15;1987;;
21;1;176;1;3;1;13;NULL;;
22;1;176;1;3;1;14;NULL;;
23;1;176;2;3;1;14;NULL;;
24;1;176;1;3;1;14;NULL;;
25;1;176;1;3;1;14;NULL;;
1155;1;175;1;1;1;13;1988;;
26;1;176;1;3;1;14;NULL;;
27;1;176;1;3;1;14;NULL;;
28;1;176;1;3;1;14;NULL;;
29;1;176;1;3;1;14;NULL;;
30;1;176;1;3;1;14;NULL;;
1156;1;175;1;1;1;15;1982;;
1;1;176;1;1;1;13;NULL;;
2;1;176;1;1;1;13;NULL;;
3;1;176;1;1;1;13;NULL;;
4;1;176;1;1;1;13;NULL;;
5;1;176;1;1;1;13;NULL;;
1157;1;175;1;1;1;13;1982;;
6;1;176;1;1;1;13;NULL;;
7;1;176;1;1;1;13;NULL;;
8;1;176;1;1;1;13;NULL;;
9;1;176;1;1;1;13;NULL;;
10;1;176;1;1;1;14;NULL;;
1158;1;175;1;1;3;13;1977;;
1159;1;175;1;1;1;13;1972;;
1160;1;175;1;1;12;13;1974;;
1161;1;175;1;1;1;13;-                                                                                                   ;;
1162;1;175;1;5;3;15;-                                                                                                   ;;
1163;1;175;1;5;3;15;-                                                                                                   ;;
1164;1;175;1;5;1;13;1966;;
1165;1;175;1;5;12;15;-                                                                                                   ;;
1166;1;175;1;5;1;13;1969;;
1167;1;175;1;5;3;13;1977;;
1168;1;175;1;5;3;13;1967;;
1169;1;175;1;5;1;15;-                                                                                                   ;;
1170;1;172;1;2;1;6;1986;;
1171;1;172;1;2;1;6;1989;;
1172;1;172;1;2;1;6;1957;;
1173;1;172;1;2;1;6;1975;;
1174;1;172;1;2;1;14;1963;;
1175;1;172;1;2;1;6;1969;;
1176;1;172;1;2;1;6;1984;;
1177;1;172;1;2;1;14;1973;;
1178;1;172;1;2;2;14;1994;;
1179;1;172;1;2;1;14;1989;;
1180;1;172;2;2;1;14;1965;;
1181;1;172;1;1;1;14;1982;;
1182;1;172;2;1;1;14;1994;;
1183;1;172;1;1;2;14;1967;;
1184;1;172;2;1;1;14;1980;;
1185;1;172;1;3;1;15;                                                                                                    ;;
1186;1;172;1;3;1;14;                                                                                                    ;;
1187;1;172;2;3;1;6;                                                                                                    ;;
1188;1;172;1;3;1;14;                                                                                                    ;;
1189;1;172;1;3;1;14;                                                                                                    ;;
1190;1;172;1;3;1;14;                                                                                                    ;;
1191;1;172;1;3;1;6;                                                                                                    ;;
1192;1;172;1;3;1;14;                                                                                                    ;;
1193;1;172;1;3;1;6;                                                                                                    ;;
1194;1;172;1;3;1;14;                                                                                                    ;;
1195;1;172;1;3;1;14;                                                                                                    ;;
1196;1;172;1;3;1;14;                                                                                                    ;;
1197;1;172;1;3;1;14;                                                                                                    ;;
1198;1;172;1;3;1;14;                                                                                                    ;;
1199;1;172;1;3;1;14;                                                                                                    ;;
1200;1;172;1;3;1;14;                                                                                                    ;;
1201;1;172;1;3;1;14;                                                                                                    ;;
1202;1;172;1;3;1;14;                                                                                                    ;;
1203;1;172;1;3;1;14;                                                                                                    ;;
1204;1;172;1;3;1;14;                                                                                                    ;;
1205;1;172;1;3;1;14;                                                                                                    ;;
1206;1;172;1;3;1;14;                                                                                                    ;;
1207;1;172;2;3;1;14;                                                                                                    ;;
1208;1;172;1;3;1;14;                                                                                                    ;;
1209;1;172;1;3;1;14;                                                                                                    ;;
1210;1;172;1;3;1;14;                                                                                                    ;;
1211;1;172;1;3;1;6;                                                                                                    ;;
1212;1;172;1;3;1;6;                                                                                                    ;;
1213;1;172;1;3;1;14;                                                                                                    ;;
1214;1;172;1;3;1;6;                                                                                                    ;;
1215;1;172;1;3;1;6;                                                                                                    ;;
1216;1;172;1;3;1;6;                                                                                                    ;;
1217;1;172;1;3;1;6;                                                                                                    ;;
1218;1;172;1;3;1;6;                                                                                                    ;;
1219;1;172;1;3;1;14;                                                                                                    ;;
1220;1;172;1;3;1;14;                                                                                                    ;;
1221;1;172;1;3;1;14;                                                                                                    ;;
1222;1;172;1;3;1;6;                                                                                                    ;;
31;1;176;1;3;1;14;NULL;;
32;1;176;1;3;1;14;NULL;;
33;1;176;1;3;1;14;NULL;;
34;1;176;1;3;1;14;NULL;;
15;1;177;1;3;1;13;NULL;;
16;1;177;1;3;1;14;NULL;;
17;1;177;1;3;1;13;NULL;;
151;1;162;2;1;1;12;01/01/1960;;
152;1;162;1;1;1;12;01/01/1959;;
153;1;162;1;1;1;12;01/01/1969;;
154;1;162;1;1;1;12;01/01/1980;;
155;1;162;1;1;1;12;01/01/1970;;
156;1;162;1;1;1;12;01/01/1972;;
157;1;162;2;1;1;12;02/07/1974;;
158;1;162;1;1;1;12;30/05/1970;;
159;1;162;1;1;1;12;17/02/1975;;
160;1;162;1;1;1;12;15/05/1966;;
161;1;162;1;1;1;12;01/01/1969;;
162;1;162;1;1;1;12;06/04/1976;;
163;1;162;1;1;1;12;01/01/1967;;
164;1;162;1;1;1;1;12/10/1957;;
165;1;162;1;1;1;1;17/04/1956;;
166;1;162;1;1;1;1;25/09/1960;;
167;1;162;1;1;1;1;26/08/1958;;
168;1;162;1;1;1;1;12/06/1957;;
169;1;162;1;1;1;1;20/04/1963;;
170;1;162;2;1;1;1;03/02/1960;;
171;1;162;1;1;1;1;25/11/1962;;
172;1;162;1;1;1;1;28/06/1968;;
173;1;162;1;1;1;1;30/12/1964;;
174;1;162;1;1;1;1;30/09/1963;;
175;1;162;1;1;1;1;13/08/1968;;
176;1;162;1;1;1;1;01/01/1968;;
177;1;162;2;1;1;1;17/06/1978;;
178;1;162;1;1;1;1;30/05/1976;;
179;1;162;1;1;1;1;07/10/1971;;
180;1;162;1;1;1;1;01/01/1983;;
181;1;162;1;1;1;1;01/01/1961;;
182;1;162;1;1;1;1;01/01/1978;;
183;1;162;1;1;1;1;15/01/1981;;
184;1;162;1;1;1;1;01/01/1966;;
185;1;162;1;1;1;1;01/01/1968;;
186;1;162;1;1;1;1;26/04/1977;;
187;1;162;1;1;1;1;26/05/1980;;
188;1;162;1;1;1;1;01/01/1975;;
189;1;162;1;1;1;1;01/01/1972;;
190;1;162;1;1;1;1;27/01/1986;;
191;1;162;1;1;1;1;01/01/1960;;
192;1;162;1;1;1;1;22/12/1962;;
535;1;162;1;1;1;1;17/01/1985;;
536;1;162;1;1;1;1;01/01/1973;;
537;1;162;1;1;1;1;03/01/1968;;
538;1;162;1;1;1;1;01/01/1964;;
539;1;162;1;1;1;1;04/05/1974;;
540;1;162;1;1;1;12;26/07/1960;;
541;1;162;1;1;1;12;01/01/1967;;
542;1;162;1;1;1;1;18/10/1955;;
543;1;162;1;1;1;1;12/09/1971;;
544;1;162;2;1;1;1;08/05/1978;;
545;1;162;1;1;1;1;04/12/1962;;
546;1;162;1;1;1;1;01/11/1960;;
547;1;162;2;1;1;1;02/04/1960;;
548;1;162;1;1;1;1;01/01/1971;;
549;1;162;1;1;1;1;10/11/1974;;
550;1;162;2;1;1;1;27/02/1971;;
551;1;162;1;1;1;1;01/01/1969;;
552;1;162;1;1;1;1;01/01/1968;;
553;1;162;1;1;1;1;02/11/1965;;
554;1;162;1;1;1;1;01/01/1967;;
555;1;162;1;1;1;1;25/07/1973;;
556;1;162;2;1;1;1;24/08/1977;;
557;1;162;1;1;1;1;26/07/1969;;
558;1;162;1;1;1;1;18/01/1980;;
559;1;162;1;1;1;1;30/12/1972;;
560;1;162;2;1;1;1;09/08/1981;;
561;1;162;1;1;1;1;01/01/1980;;
562;1;162;1;1;1;1;30/07/1986;;
563;1;162;2;1;1;1;15/07/1975;;
564;1;162;2;1;1;1;05/09/1986;;
565;1;162;1;1;1;1;13/07/1976;;
566;1;162;1;1;1;1;25/09/1987;;
567;1;162;1;1;1;1;26/12/1972;;
568;1;162;1;1;1;1;05/11/1985;;
569;1;162;1;1;1;1;21/05/1985;;
570;1;162;2;1;1;1;07/01/1986;;
571;1;162;1;1;1;1;26/12/1988;;
572;1;162;1;1;1;1;12/10/1985;;
573;1;162;1;1;1;1;27/09/1989;;
574;1;162;1;1;1;1;25/09/1980;;
6;1;178;1;3;1;15;NULL;;
7;1;178;1;3;1;13;NULL;;
28;1;178;1;3;1;15;NULL;;
29;1;178;1;3;1;15;NULL;;
30;1;178;1;3;1;14;NULL;;
31;1;178;1;3;1;15;NULL;;
32;1;178;1;3;1;14;NULL;;
33;1;178;1;3;1;15;NULL;;
34;1;178;1;3;1;15;NULL;;
35;1;178;1;3;1;14;NULL;;
36;1;178;1;3;1;13;NULL;;
37;1;178;1;1;1;13;NULL;;
38;1;178;1;1;1;13;NULL;;
39;1;178;1;1;1;13;NULL;;
40;1;178;1;1;1;15;NULL;;
41;1;178;1;1;1;13;NULL;;
42;1;178;1;1;1;13;NULL;;
43;1;178;1;1;1;13;NULL;;
44;1;178;1;1;1;13;NULL;;
1223;1;182;1;3;1;14;                                                                                                    ;;
1234;1;182;1;3;1;14;                                                                                                    ;;
1235;1;182;1;3;1;14;                                                                                                    ;;
1236;1;182;1;3;1;14;                                                                                                    ;;
1237;1;182;1;3;1;14;                                                                                                    ;;
1238;1;182;1;3;8;14;                                                                                                    ;;
1239;1;182;1;3;8;14;                                                                                                    ;;
1240;1;182;1;3;1;14;                                                                                                    ;;
1241;1;182;1;3;1;14;                                                                                                    ;;
1242;1;182;1;3;1;14;                                                                                                    ;;
1243;1;182;1;3;1;14;                                                                                                    ;;
1244;1;182;1;3;1;14;                                                                                                    ;;
1245;1;182;1;3;1;14;                                                                                                    ;;
1246;1;182;1;3;1;14;                                                                                                    ;;
1247;1;182;1;3;1;14;                                                                                                    ;;
1248;1;182;1;3;1;14;                                                                                                    ;;
1249;1;182;1;3;1;14;                                                                                                    ;;
1250;1;182;1;3;1;14;                                                                                                    ;;
1251;1;182;1;3;1;14;                                                                                                    ;;
1252;1;182;1;3;1;14;                                                                                                    ;;
1253;1;182;1;3;1;14;                                                                                                    ;;
1254;1;182;1;3;1;14;                                                                                                    ;;
1255;1;182;1;3;1;14;                                                                                                    ;;
1256;1;182;1;3;1;14;                                                                                                    ;;
1257;1;182;1;3;1;14;                                                                                                    ;;
1258;1;182;1;3;1;14;                                                                                                    ;;
1259;1;182;1;3;1;14;                                                                                                    ;;
1260;1;182;1;3;1;14;                                                                                                    ;;
1261;1;182;2;3;1;14;                                                                                                    ;;
1262;1;182;1;3;1;14;                                                                                                    ;;
1263;1;182;1;3;1;14;                                                                                                    ;;
1264;1;182;1;3;1;14;                                                                                                    ;;
1265;1;182;1;3;1;14;                                                                                                    ;;
1266;1;182;2;3;8;14;                                                                                                    ;;
1267;1;182;1;3;1;14;                                                                                                    ;;
1268;1;182;1;3;1;14;                                                                                                    ;;
1269;1;182;1;3;1;14;                                                                                                    ;;
1270;1;182;1;3;1;14;                                                                                                    ;;
1271;1;182;1;3;1;14;                                                                                                    ;;
1272;1;182;1;3;1;14;                                                                                                    ;;
1273;1;182;1;3;1;14;                                                                                                    ;;
14;1;55;1;1;1;14;NULL;;
7;1;240;1;5;1;13;NULL;;
90;1;126;2;3;1;13;NULL;;
18;1;240;1;3;1;14;NULL;;
92;1;126;1;3;1;13;NULL;;
93;1;126;1;3;1;13;NULL;;
94;1;126;1;3;1;13;NULL;;
95;1;126;1;3;1;4;                                                                                                    ;;
18;1;238;1;3;1;14;1978;;
19;1;238;1;3;1;14;1979;;
20;1;238;1;3;1;14;1986;;
6;2;94;2;3;1;41;1986;;
8;2;94;1;3;1;4;1996;;
9;2;94;1;3;1;40;1962;;
46;1;240;2;3;1;14;NULL;;
47;1;240;1;3;1;14;NULL;;
48;1;240;1;3;1;14;NULL;;
49;1;240;1;3;1;14;NULL;;
50;1;240;1;3;1;14;NULL;;
10;2;94;2;3;1;40;1986;;
11;2;94;1;3;1;41;1983;;
12;2;94;1;3;1;40;1984;;
13;2;94;1;3;1;4;1962;;
14;2;94;2;1;1;4;1994;;
15;2;94;1;3;1;4;1980;;
16;2;94;1;3;1;4;1994;;
17;2;94;1;3;1;4;1998;;
18;2;94;1;3;1;40;1993;;
19;2;94;2;3;1;4;1996;;
20;2;94;1;3;1;4;1997;;
21;2;94;1;3;1;40;1974;;
22;2;94;1;3;1;40;1905;;
23;2;94;1;3;1;4;1988;;
24;2;94;1;1;1;4;1992;;
25;2;94;1;3;1;40;1994;;
26;2;94;1;3;1;40;1988;;
27;2;94;1;3;1;4;1987;;
28;2;94;1;3;1;40;09/06/1905;;
2;2;140;1;1;1;40;17/01/1972;;
6;2;168;1;3;1;4;1984;;
7;2;168;1;3;1;4;NULL;;
8;2;168;1;3;1;4;NULL;;
9;2;168;1;3;1;4;NULL;;
10;2;168;1;3;1;4;NULL;;
2;2;215;1;3;1;40;1990;;
3;2;215;1;3;1;40;1991;;
4;2;215;1;3;1;41;1965;;
5;2;215;2;3;1;40;1991;;
6;2;215;1;3;8;40;1982;;
7;2;215;1;3;1;40;1978;;
8;2;215;1;3;1;40;1985;;
9;2;215;1;3;1;40;1983;;
10;2;215;1;3;1;40;1962;;
1;2;6;1;3;1;4;1990;;
2;2;6;1;3;1;4;1991;;
3;2;6;1;3;1;40;1989;;
4;2;6;1;1;1;40;1972;;
5;2;6;1;3;1;4;1980;;
6;2;6;1;1;1;4;1994;;
7;2;6;1;3;1;40;1992;;
8;2;6;2;1;1;40;1986;;
9;2;6;2;1;1;4;1986;;
10;2;6;1;3;1;40;1996;;
7;2;100;1;3;1;40;1979;;
8;2;100;1;3;8;4;1981;;
9;2;100;1;3;1;40;1970;;
1;2;100;1;3;1;40;1973;;
2;2;100;1;3;1;40;1972;;
3;2;100;1;3;2;40;1987;;
4;2;100;1;3;1;40;1973;;
5;2;100;1;3;8;40;1989;;
6;2;100;1;3;2;40;1963;;
10;2;100;1;1;1;40;1984;;
1;2;147;1;4;2;4;NULL;;
2;2;147;2;4;1;4;NULL;;
3;2;147;1;4;1;4;NULL;;
4;2;147;2;1;1;4;NULL;;
5;2;147;1;1;1;4;NULL;;
1;2;105;1;3;1;4;1978;;
6;2;147;2;1;1;4;NULL;;
7;2;147;1;1;1;4;NULL;;
8;2;147;1;1;1;40;NULL;;
9;2;147;1;4;11;4;NULL;;
10;2;147;1;4;1;4;NULL;;
2;2;105;1;3;1;4;1968;;
1;2;111;1;3;1;40;1969;;
2;2;111;1;3;1;40;1988;;
3;2;111;1;3;1;40;1986;;
4;2;111;1;3;1;40;1970;;
5;2;111;1;3;1;40;1966;;
3;2;105;1;3;1;40;1998;;
11;2;111;1;1;1;4;1982;;
17;2;111;1;5;11;4;1946;;
18;2;111;1;5;11;4;1965;;
19;2;111;1;5;11;4;1992;;
20;2;111;1;5;1;42;1978;;
5;2;105;1;3;1;4;1978;;
6;2;105;1;3;1;40;1986;;
7;2;105;1;3;1;4;1993;;
8;2;105;2;3;1;40;1992;;
9;2;105;1;3;1;4;1983;;
10;2;105;2;3;1;40;1978;;
6;2;111;1;3;1;40;1990;;
7;2;111;1;3;3;40;1981;;
8;2;111;1;3;1;40;1972;;
9;2;111;1;3;1;4;1958;;
10;2;111;1;3;1;4;1962;;
21;2;111;1;1;1;41;1980;;
1;2;54;1;1;1;40;                                                                                                    ;;
2;2;54;1;1;1;40;                                                                                                    ;;
3;2;54;1;1;1;40;                                                                                                    ;;
4;2;54;1;1;1;40;                                                                                                    ;;
5;2;54;1;3;8;4;1981;;
6;2;54;1;3;1;40;NULL;;
7;2;54;1;3;3;4;NULL;;
8;2;54;1;3;1;40;NULL;;
9;2;54;1;3;1;40;1979;;
10;2;54;1;3;1;40;NULL;;
16;2;147;1;3;1;40;1976;;
17;2;147;1;3;1;40;1985;;
11;2;54;1;3;1;40;1986;;
11;2;147;1;3;1;4;1965;;
12;2;147;1;3;1;4;1970;;
13;2;147;1;3;7;42;1960;;
14;2;147;1;3;1;4;1971;;
15;2;147;1;3;1;41;1980;;
18;2;147;1;3;1;41;1968;;
19;2;147;1;3;1;40;1988;;
20;2;147;1;3;1;40;1975;;
1;2;96;1;3;8;4;1976;;
2;2;96;1;3;1;40;1972;;
3;2;96;1;3;1;40;1968;;
4;2;96;1;3;1;40;1975;;
5;2;96;1;3;1;40;1965;;
6;2;96;1;3;1;40;1982;;
7;2;96;1;3;1;40;19821983;;
8;2;96;1;3;1;40;1969;;
9;2;96;1;3;1;40;1965;;
10;2;96;1;3;1;40;1973;;
1;2;143;1;1;1;4;NULL;;
6;2;117;2;1;1;42;1986;;
7;2;117;1;3;8;42;1987;;
8;2;117;1;1;1;40;1986;;
9;2;117;2;3;1;42;1986;;
22;2;147;1;4;1;40;NULL;;
23;2;147;1;4;1;4;NULL;;
24;2;147;1;4;1;41;NULL;;
25;2;147;1;4;1;40;NULL;;
26;2;147;1;4;1;40;NULL;;
27;2;147;1;4;1;4;NULL;;
28;2;147;1;4;1;4;NULL;;
10;2;117;2;3;1;40;1981;;
11;2;96;1;3;1;40;1973;;
12;2;96;1;3;8;40;1965;;
13;2;96;1;3;1;40;1966;;
14;2;96;1;3;1;40;1963;;
29;2;147;1;4;1;41;NULL;;
30;2;147;1;4;1;41;NULL;;
1;2;117;2;3;1;40;1986;;
2;2;117;1;3;1;40;1990;;
3;2;117;1;3;1;40;1988;;
4;2;117;1;3;1;42;1995;;
6;2;143;1;1;1;4;                                                                                                    ;;
7;2;143;1;1;1;4;                                                                                                    ;;
8;2;143;1;1;1;4;                                                                                                    ;;
9;2;143;1;1;1;4;                                                                                                    ;;
10;2;143;1;1;1;4;                                                                                                    ;;
31;2;147;1;4;1;41;NULL;;
32;2;147;1;4;1;41;NULL;;
15;2;96;1;3;1;40;1983;;
16;2;96;1;3;1;40;1965;;
17;2;96;1;3;1;40;1978;;
18;2;96;1;3;1;40;1963;;
19;2;96;1;3;1;40;1962;;
33;2;147;1;4;1;42;NULL;;
20;2;96;1;3;1;40;1985;;
41;2;147;1;4;1;41;NULL;;
42;2;147;1;4;1;41;NULL;;
43;2;147;1;4;1;41;NULL;;
44;2;147;1;4;11;4;NULL;;
34;2;147;1;4;1;40;NULL;;
45;2;147;1;1;1;40;NULL;;
46;2;147;1;4;2;40;NULL;;
47;2;147;1;4;11;4;NULL;;
48;2;147;1;4;6;4;NULL;;
49;2;147;1;4;11;4;NULL;;
35;2;147;1;4;1;41;NULL;;
50;2;147;1;4;1;4;NULL;;
38;2;147;1;4;1;4;NULL;;
39;2;147;1;4;7;42;NULL;;
40;2;147;1;4;1;42;NULL;;
76;2;147;1;4;1;4;NULL;;
15;2;143;1;5;1;4;                                                                                                    ;;
66;2;147;1;4;9;4;NULL;;
67;2;147;1;4;1;40;NULL;;
68;2;147;1;4;1;4;NULL;;
69;2;147;1;4;1;40;NULL;;
70;2;147;1;4;1;40;NULL;;
16;2;143;1;3;1;4;                                                                                                    ;;
71;2;147;1;4;1;40;NULL;;
72;2;147;1;4;1;40;NULL;;
73;2;147;1;4;1;40;NULL;;
74;2;147;1;4;1;41;NULL;;
75;2;147;1;4;1;4;NULL;;
17;2;143;2;3;2;4;                                                                                                    ;;
77;2;147;1;4;1;4;NULL;;
78;2;147;1;4;1;4;NULL;;
41;2;143;1;3;1;4;                                                                                                    ;;
42;2;143;1;3;1;4;                                                                                                    ;;
43;2;143;1;3;1;4;                                                                                                    ;;
18;2;143;1;3;1;4;NULL;;
31;2;96;1;3;1;40;1975;;
32;2;96;1;3;1;40;1986;;
24;2;143;1;1;1;4;                                                                                                    ;;
25;2;143;1;5;1;4;                                                                                                    ;;
26;2;143;1;1;1;4;                                                                                                    ;;
19;2;143;1;5;1;4;                                                                                                    ;;
27;2;143;1;1;2;4;                                                                                                    ;;
28;2;143;1;3;1;4;                                                                                                    ;;
29;2;143;1;3;1;4;                                                                                                    ;;
30;2;143;1;1;1;4;                                                                                                    ;;
1;2;52;1;1;1;4;1965;;
20;2;143;1;5;1;4;                                                                                                    ;;
51;2;147;1;3;1;40;NULL;;
52;2;147;1;3;1;42;NULL;;
53;2;147;1;1;1;40;NULL;;
54;2;147;2;3;1;40;NULL;;
55;2;147;1;3;1;4;NULL;;
56;2;147;1;3;1;40;NULL;;
57;2;147;1;3;11;4;NULL;;
58;2;147;1;3;1;40;NULL;;
59;2;147;1;3;1;4;NULL;;
60;2;147;1;3;9;4;NULL;;
21;2;96;1;3;1;40;1976;;
22;2;96;1;3;1;40;1987;;
23;2;96;1;3;1;40;1968;;
17;2;117;1;3;1;42;1996;;
18;2;117;1;3;1;40;1996;;
19;2;117;1;3;1;40;1990;;
20;2;117;1;3;1;42;1983;;
29;2;96;1;3;1;40;1976;;
61;2;147;1;4;11;4;NULL;;
62;2;147;1;4;1;40;NULL;;
63;2;147;2;4;6;4;NULL;;
64;2;147;1;4;1;4;NULL;;
65;2;147;1;4;1;4;NULL;;
30;2;96;1;3;1;40;1981;;
11;2;117;1;3;1;42;1998;;
12;2;117;1;3;1;42;1993;;
13;2;117;1;3;1;40;1990;;
14;2;117;1;3;1;40;1981;;
15;2;117;1;3;1;40;05/06/1905;;
1;2;75;1;1;1;40;01/01/1989;;
2;2;75;1;3;1;40;1979;;
3;2;75;1;3;1;4;                                                                                                    ;;
4;2;75;1;1;1;4;                                                                                                    ;;
5;2;75;1;3;1;40;                                                                                                    ;;
6;2;75;1;3;1;40;                                                                                                    ;;
7;2;75;1;3;2;40;                                                                                                    ;;
8;2;75;1;3;1;40;                                                                                                    ;;
9;2;75;1;3;1;40;                                                                                                    ;;
21;2;143;1;1;2;4;                                                                                                    ;;
22;2;143;1;1;2;4;                                                                                                    ;;
23;2;143;1;1;2;4;                                                                                                    ;;
2;2;52;1;1;1;4;1982;;
3;2;52;1;1;1;4;1986;;
4;2;52;1;3;1;40;1992;;
5;2;52;1;3;1;40;1971;;
6;2;52;1;1;1;40;1988;;
7;2;52;1;3;1;4;1978;;
8;2;52;1;1;1;40;1987;;
9;2;52;1;3;1;40;1978;;
10;2;52;1;3;1;4;1976;;
31;2;143;1;3;1;4;                                                                                                    ;;
32;2;143;1;5;1;4;                                                                                                    ;;
33;2;143;1;1;1;4;                                                                                                    ;;
34;2;143;1;5;1;4;                                                                                                    ;;
35;2;143;1;1;2;4;                                                                                                    ;;
36;2;143;1;3;1;4;                                                                                                    ;;
37;2;143;1;3;1;4;                                                                                                    ;;
38;2;143;1;3;1;4;                                                                                                    ;;
39;2;143;1;3;1;4;                                                                                                    ;;
40;2;143;1;1;1;4;                                                                                                    ;;
44;2;143;1;3;1;4;                                                                                                    ;;
45;2;143;1;1;1;40;                                                                                                    ;;
46;2;143;1;3;1;40;                                                                                                    ;;
47;2;143;1;3;1;40;                                                                                                    ;;
48;2;143;1;3;2;4;                                                                                                    ;;
1;2;243;1;1;1;4;1985;;
1;2;174;1;3;1;40;1978;;
2;2;174;1;3;1;40;1987;;
3;2;174;1;3;1;40;1988;;
4;2;174;1;3;1;40;1978;;
5;2;174;1;3;1;4;1969;;
2;2;243;1;1;1;4;1975;;
6;2;174;1;3;1;40;1983;;
7;2;174;1;3;1;40;1991;;
8;2;174;1;3;1;4;1982;;
9;2;174;1;3;1;40;1951;;
10;2;174;1;3;1;40;1989;;
3;2;243;1;1;1;4;1986;;
4;2;243;1;1;1;4;1974;;
5;2;243;1;1;1;4;1987;;
6;2;243;1;3;1;40;1987;;
7;2;243;1;3;1;40;1991;;
8;2;243;1;3;1;40;1991;;
9;2;243;1;3;1;40;1995;;
1;2;102;1;3;1;4;                                                                                                    ;;
2;2;102;1;3;1;4;1985;;
3;2;102;1;3;1;4;1987;;
4;2;102;1;3;1;4;1984;;
5;2;102;1;3;1;4;1947;;
10;2;243;1;1;1;4;1950;;
6;2;102;1;3;1;4;1970;;
7;2;102;1;3;1;4;NULL;;
8;2;102;1;3;1;4;1976;;
9;2;102;1;3;1;4;NULL;;
10;2;102;1;3;1;4;NULL;;
49;2;143;1;3;1;40;                                                                                                    ;;
50;2;143;1;5;1;40;                                                                                                    ;;
24;2;102;2;3;1;40;1983;;
25;2;102;1;3;2;41;1986;;
26;2;102;1;3;1;40;1980;;
27;2;102;1;3;1;4;1978;;
11;2;105;1;3;1;40;1988;;
51;2;143;1;5;1;40;                                                                                                    ;;
52;2;143;1;5;1;40;                                                                                                    ;;
53;2;143;2;3;1;40;                                                                                                    ;;
54;2;143;1;3;1;40;                                                                                                    ;;
55;2;143;1;3;1;40;                                                                                                    ;;
12;2;105;1;3;1;4;1982;;
11;2;52;1;3;1;4;1977;;
12;2;52;1;3;1;4;1978;;
21;2;105;1;3;1;40;1993;;
22;2;105;1;3;1;4;1955;;
23;2;105;1;3;1;40;1989;;
13;2;105;1;3;1;40;1991;;
14;2;105;1;3;1;40;1980;;
15;2;105;1;3;1;40;1968;;
16;2;105;1;3;1;4;1966;;
17;2;105;1;3;1;4;1967;;
18;2;105;1;3;1;4;1989;;
19;2;105;1;3;1;4;1999;;
20;2;105;1;3;1;40;1993;;
1;2;59;2;3;1;40;1989;;
2;2;59;2;1;1;40;1979;;
3;2;59;1;1;1;4;1988;;
4;2;59;1;3;1;40;1992;;
15;2;59;2;3;1;42;1991;;
24;2;105;1;3;1;40;1983;;
25;2;105;1;3;1;40;1979;;
26;2;105;1;3;1;40;1972;;
11;2;102;2;3;1;4;1986;;
12;2;102;1;3;1;40;NULL;;
16;2;59;1;3;1;42;1994;;
17;2;59;1;3;2;42;1999;;
18;2;59;1;1;1;4;1985;;
45;2;112;1;3;1;40;1992;;
11;2;74;1;2;5;4;1961;;
11;2;243;1;3;1;40;1995;;
12;2;243;1;3;1;4;1988;;
13;2;243;2;3;2;40;1988;;
14;2;243;1;3;1;40;1972;;
15;2;243;1;3;1;4;1987;;
16;2;243;1;3;1;4;1987;;
17;2;243;1;3;1;4;1989;;
18;2;243;1;3;1;40;1951;;
56;2;143;1;3;1;40;                                                                                                    ;;
57;2;143;2;3;1;40;                                                                                                    ;;
58;2;143;1;1;3;40;                                                                                                    ;;
59;2;143;1;1;1;40;                                                                                                    ;;
60;2;143;1;1;1;40;                                                                                                    ;;
13;2;102;1;3;1;40;1981;;
19;2;243;1;3;1;40;1984;;
20;2;243;1;3;1;40;1954;;
21;2;102;1;3;1;41;1987;;
22;2;102;1;3;1;41;1961;;
23;2;102;1;3;1;40;NULL;;
14;2;102;1;3;1;41;1991;;
36;2;39;1;3;1;41;14/06/1905;;
1;2;140;1;1;1;40;01/01/1964;;
3;2;140;1;1;1;40;01/01/1978;;
4;2;140;1;1;1;40;29/07/1985;;
5;2;140;1;1;1;40;01/02/1978;;
6;2;140;1;1;1;40;1967;;
7;2;140;1;1;1;40;1971;;
3;2;168;1;3;1;4;1989;;
8;2;140;1;1;1;40;1968;;
9;2;140;1;1;1;4;1969;;
10;2;140;1;1;1;4;1968;;
11;2;140;1;1;1;4;1969;;
12;2;140;1;1;1;4;1969;;
13;2;140;1;1;1;4;1967;;
14;2;140;1;1;1;4;1968;;
15;2;140;1;1;1;4;1967;;
16;2;140;1;1;1;4;1971;;
17;2;140;1;1;1;4;1971;;
18;2;140;1;1;1;4;1967;;
19;2;140;1;1;1;4;1971;;
20;2;140;2;1;1;4;1968;;
21;2;140;1;1;1;4;1972;;
22;2;140;1;1;1;4;1971;;
23;2;140;1;1;1;4;1961;;
24;2;140;2;1;1;4;1980;;
25;2;140;1;1;1;4;1985;;
26;2;140;1;1;1;4;1980;;
27;2;140;1;1;1;4;1979;;
28;2;140;1;1;1;4;1981;;
29;2;140;1;1;1;4;1984;;
30;2;140;1;1;1;4;1983;;
31;2;140;1;1;1;4;1988;;
32;2;140;1;1;1;4;1988;;
1;2;25;1;1;1;4;1988;;
2;2;25;1;1;1;4;1966;;
3;2;25;1;3;1;4;1960;;
4;2;25;1;3;1;42;NULL;;
5;2;25;1;1;1;4;1963;;
6;2;25;1;3;1;4;1961;;
7;2;25;1;3;1;42;1959;;
8;2;25;1;3;1;4;1965;;
9;2;25;1;3;1;4;1987;;
10;2;25;1;3;1;4;1970;;
11;2;25;1;3;1;42;1978;;
12;2;25;1;3;1;4;NULL;;
13;2;25;1;3;1;42;1963;;
14;2;25;1;3;1;42;1990;;
15;2;25;1;1;1;42;1970;;
16;2;25;1;1;1;42;NULL;;
17;2;25;1;1;1;42;1992;;
18;2;25;1;1;1;42;NULL;;
19;2;25;1;1;1;42;1983;;
20;2;25;1;3;1;42;NULL;;
21;2;25;1;1;1;4;NULL;;
22;2;25;1;3;1;4;1976;;
23;2;25;1;3;1;4;1966;;
24;2;25;1;3;1;42;1980;;
25;2;25;1;3;1;42;1952;;
26;2;25;1;3;1;4;1980;;
27;2;25;1;3;1;4;1983;;
28;2;25;1;3;1;4;1994;;
29;2;25;1;1;1;4;NULL;;
30;2;25;1;3;1;4;NULL;;
31;2;25;1;3;1;4;1965;;
32;2;25;2;2;1;4;1984;;
33;2;25;1;1;1;4;1970;;
34;2;25;1;3;1;4;1994;;
35;2;25;1;3;1;4;NULL;;
36;2;25;1;1;1;4;NULL;;
37;2;25;1;3;1;42;NULL;;
38;2;25;1;3;1;4;NULL;;
39;2;25;1;3;1;42;1981;;
40;2;25;1;3;1;42;1980;;
41;2;25;1;3;1;4;1990;;
42;2;25;1;3;1;42;NULL;;
43;2;25;1;3;1;4;1995;;
44;2;25;1;2;1;4;NULL;;
45;2;25;1;3;1;4;1982;;
46;2;25;1;1;1;42;1969;;
47;2;25;1;3;1;42;1977;;
48;2;25;1;3;1;4;1965;;
49;2;25;1;3;1;42;1985;;
50;2;25;1;1;1;4;NULL;;
51;2;25;1;3;1;4;1964;;
52;2;25;1;3;1;4;NULL;;
53;2;25;1;3;1;4;NULL;;
54;2;25;1;1;1;4;1981;;
55;2;25;2;1;1;4;NULL;;
56;2;25;1;1;1;4;NULL;;
57;2;25;1;1;1;4;NULL;;
58;2;25;2;1;1;4;NULL;;
1;2;12;2;3;1;42;1995;;
2;2;12;2;3;1;42;1981;;
3;2;12;2;3;1;4;1984;;
4;2;12;2;3;1;42;1983;;
5;2;12;2;3;1;42;1966;;
6;2;12;1;3;1;42;1970;;
7;2;12;1;3;1;42;1978;;
8;2;12;1;3;1;4;1967;;
9;2;12;1;3;1;4;1967;;
10;2;12;1;3;1;4;1968;;
11;2;12;1;3;1;4;1977;;
12;2;12;1;3;1;42;1968;;
13;2;12;1;3;1;42;1968;;
14;2;12;1;3;1;42;1967;;
15;2;12;1;3;1;42;1974;;
16;2;12;1;3;1;4;1985;;
17;2;12;1;3;1;4;1992;;
18;2;12;1;3;1;42;1975;;
19;2;12;1;3;1;4;1978;;
20;2;12;1;3;1;42;1968;;
21;2;12;1;3;1;4;NULL;;
22;2;12;1;3;1;42;1973;;
23;2;12;1;3;1;4;1980;;
24;2;12;1;3;1;42;1966;;
25;2;12;1;3;1;42;1991;;
26;2;12;1;3;1;42;1986;;
1;2;21;1;1;1;4;1957;;
2;2;21;1;1;1;4;1988;;
3;2;21;2;1;1;4;1995;;
4;2;21;2;1;1;4;1992;;
5;2;21;1;1;1;4;1989;;
6;2;21;2;3;1;4;1962;;
7;2;21;2;3;1;4;1990;;
8;2;21;1;3;1;42;19961;;
9;2;21;2;3;1;4;1991;;
1;2;56;1;3;1;4;1978;;
2;2;56;1;1;1;4;1967;;
3;2;56;1;3;1;4;1985;;
4;2;56;1;3;1;4;1988;;
5;2;56;1;1;1;4;1996;;
6;2;56;1;3;1;4;1976;;
7;2;56;2;3;1;4;1978;;
8;2;56;2;3;1;4;1980;;
9;2;56;2;1;1;4;1990;;
10;2;56;1;1;1;4;1975;;
11;2;56;1;3;1;4;1980;;
12;2;56;1;1;1;4;1989;;
13;2;56;1;4;1;4;1999;;
1;2;26;1;1;1;4;1978;;
2;2;26;1;3;1;4;1976;;
3;2;26;1;3;1;40;NULL;;
4;2;26;1;3;1;4;NULL;;
5;2;26;1;3;1;40;NULL;;
6;2;26;1;3;1;40;NULL;;
7;2;26;1;3;11;4;NULL;;
8;2;26;1;3;1;4;NULL;;
9;2;26;1;3;1;4;NULL;;
10;2;26;1;3;1;4;NULL;;
11;2;26;2;3;1;40;1992;;
12;2;26;1;3;7;4;1986;;
13;2;26;1;3;1;40;1999;;
14;2;26;2;1;1;40;1992;;
15;2;26;2;1;1;40;2002;;
1;2;49;1;1;1;4;NULL;;
2;2;49;1;1;1;4;NULL;;
3;2;49;1;1;1;40;NULL;;
4;2;49;1;2;1;4;NULL;;
5;2;49;1;4;1;4;NULL;;
6;2;49;1;3;1;4;NULL;;
7;2;49;1;3;1;4;NULL;;
8;2;49;1;3;2;4;NULL;;
9;2;49;1;3;1;4;NULL;;
10;2;49;1;3;2;4;NULL;;
11;2;49;1;3;2;4;NULL;;
12;2;49;1;3;1;4;NULL;;
13;2;49;1;3;1;4;NULL;;
14;2;49;1;3;1;4;NULL;;
15;2;49;1;3;1;4;NULL;;
16;2;49;1;3;2;4;NULL;;
17;2;49;1;3;2;4;NULL;;
18;2;49;1;3;2;4;NULL;;
19;2;49;1;3;2;4;NULL;;
20;2;49;1;2;1;4;NULL;;
21;2;49;1;3;1;4;                                                                                                    ;;
22;2;49;1;3;1;4;                                                                                                    ;;
23;2;49;1;3;1;4;                                                                                                    ;;
24;2;49;1;3;1;12;                                                                                                    ;;
25;2;49;1;3;1;12;                                                                                                    ;;
26;2;49;1;3;1;12;                                                                                                    ;;
27;2;49;2;3;1;12;                                                                                                    ;;
28;2;49;1;3;1;12;                                                                                                    ;;
29;2;49;1;3;1;12;                                                                                                    ;;
30;2;49;1;3;1;12;                                                                                                    ;;
31;2;49;1;3;1;12;                                                                                                    ;;
32;2;49;1;3;1;12;                                                                                                    ;;
33;2;49;1;3;1;12;                                                                                                    ;;
34;2;49;1;3;1;12;                                                                                                    ;;
35;2;49;1;3;1;12;                                                                                                    ;;
36;2;49;1;3;1;12;                                                                                                    ;;
37;2;49;1;3;1;4;                                                                                                    ;;
38;2;49;1;3;1;12;                                                                                                    ;;
39;2;49;1;3;1;4;                                                                                                    ;;
40;2;49;1;3;1;12;                                                                                                    ;;
41;2;49;1;3;1;4;NULL;;
1;2;41;2;2;1;4;1975;;
2;2;41;1;2;1;4;1986;;
3;2;41;1;2;1;4;1966;;
4;2;41;1;2;1;4;1989;;
5;2;41;1;2;1;4;1987;;
6;2;41;1;2;1;4;1992;;
7;2;41;1;2;1;4;1980;;
8;2;41;1;2;1;4;1976;;
9;2;41;1;2;1;4;1964;;
10;2;41;1;2;1;4;1970;;
11;2;41;1;2;1;4;1993;;
12;2;41;1;2;1;4;1974;;
13;2;41;1;2;1;40;1979;;
14;2;41;1;2;1;40;1979;;
15;2;41;1;2;1;4;1985;;
16;2;41;1;1;2;4;1996;;
17;2;41;1;1;2;4;1998;;
18;2;41;1;2;1;4;1995;;
19;2;41;1;2;1;4;1995;;
1;2;27;1;3;2;42;1993;;
2;2;27;1;3;1;42;1966;;
3;2;27;2;3;1;42;1985;;
4;2;27;2;1;1;42;1990;;
5;2;27;1;3;1;42;1997;;
6;2;27;1;3;2;42;1991;;
7;2;27;2;3;1;42;1987;;
8;2;27;1;3;1;42;1991;;
9;2;27;1;3;1;42;1965;;
10;2;27;1;3;1;42;1970;;
11;2;27;1;3;2;42;1998;;
12;2;27;1;3;1;4;1976;;
13;2;27;1;3;1;42;1983;;
14;2;27;1;3;1;4;1994;;
15;2;27;1;3;1;4;1992;;
16;2;27;1;1;1;4;1985;;
17;2;27;1;3;1;4;1967;;
18;2;27;2;3;1;4;1991;;
19;2;27;1;3;1;4;1967;;
20;2;27;1;3;1;4;1968;;
21;2;27;1;3;1;4;1977;;
22;2;27;1;3;1;4;1974;;
23;2;27;1;3;1;4;1989;;
24;2;27;1;1;1;42;1993;;
25;2;27;1;1;1;42;1959;;
26;2;27;1;3;1;42;1970;;
27;2;27;1;3;1;42;1985;;
28;2;27;1;3;2;4;1997;;
29;2;27;1;3;1;4;1971;;
30;2;27;1;3;1;4;1977;;
31;2;27;1;3;1;4;1995;;
32;2;27;1;3;1;4;1975;;
33;2;27;1;3;1;4;1971;;
34;2;27;1;3;1;4;1992;;
35;2;27;1;3;1;4;1981;;
36;2;27;1;3;1;4;1992;;
37;2;27;2;1;1;42;1998;;
1;2;19;1;1;1;4;1996;;
2;2;19;1;1;2;4;1998;;
3;2;19;1;1;1;40;1997;;
4;2;19;1;2;1;4;1995;;
5;2;19;1;1;1;4;1992;;
6;2;19;1;1;1;4;1995;;
7;2;19;1;1;1;4;1989;;
8;2;19;1;1;1;4;1996;;
9;2;19;2;1;1;4;1987;;
10;2;19;2;1;1;4;1994;;
11;2;19;2;1;1;40;1987;;
12;2;19;1;1;2;4;1988;;
13;2;19;1;1;2;42;1976;;
14;2;19;1;3;2;4;1993;;
15;2;19;1;3;2;4;1995;;
16;2;19;1;3;2;4;1992;;
17;2;19;1;3;1;4;1984;;
18;2;19;1;3;2;4;1971;;
19;2;19;1;3;2;4;1967;;
20;2;19;2;3;1;4;1989;;
21;2;19;1;3;2;4;1985;;
22;2;19;1;3;2;4;1969;;
1;2;142;1;1;1;4;1963;;
2;2;142;1;1;1;4;1977;;
3;2;142;1;1;1;4;1977;;
4;2;142;1;1;1;4;1994;;
5;2;142;1;1;1;4;1992;;
6;2;142;1;1;1;4;1984;;
7;2;142;1;1;1;4;1969;;
8;2;142;1;1;1;4;1966;;
9;2;142;1;1;1;4;1983;;
10;2;142;1;1;1;4;1981;;
11;2;142;1;1;1;4;1981;;
12;2;142;1;1;1;4;1976;;
13;2;142;2;1;1;4;1990;;
14;2;142;2;1;1;4;1988;;
15;2;142;1;1;1;4;1985;;
16;2;142;1;1;1;4;1985;;
17;2;142;1;1;1;4;1972;;
18;2;142;1;1;1;4;1974;;
19;2;142;1;1;1;4;1977;;
20;2;142;1;1;1;4;1977;;
21;2;142;1;3;1;40;1991;;
22;2;142;1;3;1;40;1993;;
23;2;142;1;3;1;40;1968;;
24;2;142;1;3;1;40;1979;;
25;2;142;1;3;1;4;1979;;
26;2;142;1;3;1;40;1992;;
27;2;142;1;3;1;40;1985;;
28;2;142;1;3;1;4;1983;;
29;2;142;1;3;1;4;1969;;
30;2;142;1;3;1;4;1974;;
31;2;142;1;3;1;4;1988;;
32;2;142;1;3;1;4;1977;;
33;2;142;1;3;1;4;1980;;
34;2;142;1;3;1;4;1960;;
35;2;142;1;3;1;4;1963;;
36;2;142;1;3;1;4;1986;;
37;2;142;1;3;1;4;1972;;
38;2;142;1;3;1;41;1975;;
39;2;142;1;3;1;41;1988;;
40;2;142;1;3;1;41;1977;;
41;2;142;1;3;1;41;1979;;
42;2;142;1;3;1;41;1980;;
43;2;142;1;3;1;4;1963;;
44;2;142;1;3;1;4;1976;;
45;2;142;1;3;1;4;1977;;
46;2;142;1;3;1;4;1984;;
47;2;142;1;3;1;4;1983;;
48;2;142;1;3;1;4;1980;;
49;2;142;1;3;1;4;1976;;
50;2;142;1;3;1;4;1976;;
51;2;142;1;3;1;40;1989;;
52;2;142;1;3;1;40;1987;;
53;2;142;2;3;1;40;1987;;
54;2;142;1;3;1;4;1973;;
1;2;71;1;3;1;4;1990;;
2;2;71;1;3;1;12;1972;;
3;2;71;1;3;1;4;1987;;
4;2;71;1;3;1;4;1971;;
5;2;71;1;3;1;4;1982;;
6;2;71;1;3;1;12;1970;;
7;2;71;2;3;1;4;1970;;
8;2;71;1;1;1;4;1990;;
9;2;71;1;1;1;4;1990;;
10;2;71;1;1;2;12;1990;;
11;2;71;1;3;1;4;1990;;
12;2;71;1;3;1;4;1978;;
13;2;71;1;1;1;4;1990;;
14;2;71;1;3;1;4;1970;;
15;2;71;1;3;1;4;1979;;
16;2;71;1;3;1;12;1980;;
17;2;71;1;3;1;4;1990;;
18;2;71;1;3;1;12;1962;;
19;2;71;1;3;1;4;1990;;
20;2;71;1;3;1;12;1980;;
21;2;71;2;3;1;12;1988;;
22;2;71;1;3;1;12;1985;;
23;2;71;1;3;1;12;1990;;
24;2;71;1;3;1;12;1970;;
25;2;71;1;3;1;4;1963;;
26;2;71;1;3;1;4;1977;;
27;2;71;1;3;1;4;1968;;
28;2;71;2;3;1;4;1973;;
29;2;71;1;3;1;4;1988;;
30;2;71;1;3;1;4;1990;;
31;2;71;1;3;1;12;1985;;
32;2;71;2;3;1;4;1971;;
33;2;71;2;3;1;4;1990;;
34;2;71;1;3;1;4;1990;;
35;2;71;1;1;2;12;1972;;
36;2;71;1;3;1;4;1983;;
37;2;71;1;3;1;4;1982;;
38;2;71;2;3;1;4;1973;;
39;2;71;1;3;1;12;1990;;
40;2;71;1;1;1;4;1983;;
41;2;71;2;3;1;4;1981;;
42;2;71;1;3;1;4;1971;;
43;2;71;1;3;1;4;1962;;
44;2;71;1;3;1;4;1990;;
45;2;71;2;1;1;4;1977;;
46;2;71;1;3;1;4;1968;;
47;2;71;1;3;1;4;1987;;
48;2;71;1;3;1;4;1974;;
49;2;71;1;3;1;4;1963;;
50;2;71;2;3;1;4;1990;;
51;2;71;1;3;1;4;1968;;
52;2;71;2;3;1;4;1984;;
53;2;71;1;1;1;4;1990;;
54;2;71;1;3;1;4;1970;;
55;2;71;1;3;1;4;1982;;
56;2;71;1;3;1;4;1985;;
57;2;71;2;3;1;4;1988;;
58;2;71;2;3;1;4;1971;;
59;2;71;1;3;1;4;1990;;
60;2;71;2;3;1;4;1962;;
61;2;71;1;3;1;4;1980;;
62;2;71;2;1;1;4;1990;;
63;2;71;1;3;1;4;1990;;
64;2;71;1;3;1;4;                                                                                                    ;;
65;2;71;1;1;1;4;                                                                                                    ;;
66;2;71;1;1;1;15;1990;;
1;2;61;1;1;1;4;                                                                                                    ;;
2;2;61;1;1;1;4;                                                                                                    ;;
3;2;61;1;1;1;4;                                                                                                    ;;
4;2;61;1;1;1;4;                                                                                                    ;;
5;2;61;2;1;1;4;                                                                                                    ;;
6;2;61;1;1;1;15;                                                                                                    ;;
7;2;61;2;1;1;4;                                                                                                    ;;
8;2;61;1;1;1;15;                                                                                                    ;;
9;2;61;1;1;1;12;                                                                                                    ;;
10;2;61;1;3;1;12;                                                                                                    ;;
11;2;61;1;3;1;12;                                                                                                    ;;
12;2;61;1;3;1;12;                                                                                                    ;;
13;2;61;2;3;1;12;                                                                                                    ;;
14;2;61;2;3;1;12;                                                                                                    ;;
15;2;61;1;3;1;12;                                                                                                    ;;
16;2;61;1;3;1;12;                                                                                                    ;;
17;2;61;1;3;1;4;                                                                                                    ;;
18;2;61;1;3;1;4;                                                                                                    ;;
19;2;61;1;3;1;4;                                                                                                    ;;
20;2;61;1;3;1;4;                                                                                                    ;;
21;2;61;2;3;1;4;                                                                                                    ;;
22;2;61;1;3;1;4;                                                                                                    ;;
23;2;61;1;3;1;4;                                                                                                    ;;
24;2;61;2;3;1;15;                                                                                                    ;;
25;2;61;1;3;1;4;                                                                                                    ;;
26;2;61;1;3;1;15;                                                                                                    ;;
27;2;61;1;3;1;12;                                                                                                    ;;
28;2;61;1;3;1;12;                                                                                                    ;;
29;2;61;1;3;1;4;                                                                                                    ;;
30;2;61;1;3;1;15;                                                                                                    ;;
31;2;61;1;4;1;15;                                                                                                    ;;
1;2;7;1;1;1;4;1975;;
2;2;7;1;1;1;4;1975;;
3;2;7;1;1;8;40;1983;;
4;2;7;1;3;1;4;1969;;
5;2;7;1;3;1;40;1981;;
6;2;7;1;3;1;40;1979;;
7;2;7;1;3;1;40;1978;;
8;2;7;1;3;1;40;1989;;
9;2;7;2;3;1;40;1986;;
10;2;7;2;3;1;40;1994;;
11;2;7;1;3;1;40;1988;;
12;2;7;1;3;1;40;1981;;
13;2;7;1;3;1;40;1978;;
14;2;7;1;3;1;4;1978;;
15;2;7;1;3;1;4;1986;;
16;2;7;1;3;1;4;1988;;
17;2;7;1;3;1;4;1962;;
18;2;7;1;3;1;40;1985;;
19;2;7;1;3;1;40;1983;;
20;2;7;1;3;1;4;1982;;
21;2;7;1;3;1;40;1975;;
22;2;7;1;3;1;40;1961;;
23;2;7;1;3;1;40;1961;;
24;2;7;1;3;1;40;1989;;
1;2;51;1;3;1;4;                                                                                                    ;;
2;2;51;1;3;1;4;                                                                                                    ;;
3;2;51;1;3;1;4;                                                                                                    ;;
4;2;51;2;3;1;4;                                                                                                    ;;
5;2;51;1;3;1;4;                                                                                                    ;;
6;2;51;1;3;1;4;                                                                                                    ;;
7;2;51;1;3;1;4;                                                                                                    ;;
8;2;51;1;3;1;4;                                                                                                    ;;
9;2;51;1;3;1;4;                                                                                                    ;;
10;2;51;1;3;1;4;                                                                                                    ;;
11;2;51;1;3;1;4;                                                                                                    ;;
12;2;51;1;3;1;12;                                                                                                    ;;
13;2;51;1;3;10;4;                                                                                                    ;;
14;2;51;1;3;11;4;                                                                                                    ;;
15;2;51;1;3;1;12;                                                                                                    ;;
16;2;51;1;3;1;12;                                                                                                    ;;
17;2;51;1;3;1;4;                                                                                                    ;;
18;2;51;1;3;1;14;                                                                                                    ;;
19;2;51;1;3;1;4;                                                                                                    ;;
20;2;51;1;3;1;4;                                                                                                    ;;
21;2;51;1;3;1;4;                                                                                                    ;;
22;2;51;1;3;1;4;                                                                                                    ;;
23;2;51;2;3;1;4;                                                                                                    ;;
24;2;51;1;3;1;4;                                                                                                    ;;
25;2;51;1;3;1;12;                                                                                                    ;;
26;2;51;2;3;1;4;                                                                                                    ;;
27;2;51;1;3;1;4;                                                                                                    ;;
28;2;51;1;3;1;4;                                                                                                    ;;
29;2;51;1;3;1;4;                                                                                                    ;;
30;2;51;1;3;1;12;                                                                                                    ;;
1;2;141;1;1;1;4;                                                                                                    ;;
2;2;141;1;3;1;4;                                                                                                    ;;
3;2;141;1;3;1;4;                                                                                                    ;;
4;2;141;2;3;1;4;                                                                                                    ;;
5;2;141;1;3;1;4;                                                                                                    ;;
6;2;141;1;3;1;4;                                                                                                    ;;
7;2;141;1;3;1;12;                                                                                                    ;;
8;2;141;1;1;1;12;                                                                                                    ;;
1;2;34;1;3;1;4;1974;;
1;2;34;2;3;1;12;1990;;
1;2;34;2;3;1;4;1981;;
1;2;34;1;3;1;12;1962;;
1;2;34;1;3;10;12;1990;;
1;2;34;1;3;1;12;1978;;
1;2;34;1;3;1;12;1990;;
1;2;34;1;3;1;4;1978;;
1;2;34;1;3;1;4;1988;;
1;2;34;1;3;1;4;1974;;
1;2;34;2;3;1;4;1973;;
1;2;34;2;3;1;12;1990;;
1;2;34;1;3;1;4;1980;;
1;2;34;1;3;1;12;1970;;
1;2;34;1;3;1;4;1990;;
1;2;34;1;1;1;4;1990;;
1;2;34;1;3;1;4;1962;;
1;2;34;1;3;1;4;1990;;
1;2;34;1;3;1;4;1986;;
1;2;34;1;3;1;12;1986;;
1;2;34;2;3;1;4;1968;;
1;2;34;1;3;1;4;1990;;
1;2;34;1;3;1;4;1970;;
1;2;34;2;3;1;4;1990;;
1;2;34;1;3;1;4;1969;;
1;2;34;1;3;1;4;1990;;
1;2;34;1;1;1;4;1990;;
1;2;34;1;1;1;4;1990;;
1;2;34;1;3;1;12;1990;;
1;2;34;1;3;1;4;1990;;
1;2;88;1;1;1;15;1986;;
2;2;88;1;3;1;15;1976;;
3;2;88;1;3;1;15;1990;;
4;2;88;1;3;1;15;1990;;
5;2;88;1;1;1;15;1978;;
6;2;88;2;3;1;14;1986;;
7;2;88;1;3;1;15;1979;;
8;2;88;1;3;1;14;1990;;
9;2;88;2;3;1;15;1975;;
10;2;88;1;3;1;14;1987;;
11;2;88;2;1;1;15;1978;;
12;2;88;1;3;1;14;1990;;
13;2;88;1;3;1;15;1990;;
14;2;88;1;1;1;15;1986;;
1;2;87;1;1;1;4;                                                                                                    ;;
2;2;87;1;1;1;4;1990;;
3;2;87;2;2;1;4;1990;;
4;2;87;1;3;1;4;1990;;
5;2;87;1;3;1;4;1982;;
6;2;87;1;3;1;12;1986;;
1;2;133;1;1;1;4;1988;;
2;2;133;1;1;1;4;1986;;
3;2;133;1;1;1;4;1984;;
4;2;133;1;1;1;4;1979;;
5;2;133;1;1;1;4;1973;;
6;2;133;1;1;1;4;1987;;
7;2;133;1;1;1;40;1985;;
8;2;133;1;1;1;4;1987;;
9;2;133;1;1;1;40;1986;;
10;2;133;1;1;1;4;1984;;
11;2;133;1;1;1;4;1981;;
12;2;133;1;1;1;4;1985;;
13;2;133;1;1;1;4;1989;;
14;2;133;1;1;1;4;1988;;
15;2;133;1;1;1;40;1973;;
16;2;133;1;1;1;4;1989;;
17;2;133;1;1;1;40;1989;;
18;2;133;1;1;1;4;1987;;
19;2;133;1;1;1;40;1967;;
20;2;133;1;1;1;4;1972;;
21;2;133;1;1;1;4;1982;;
22;2;133;1;1;1;4;1987;;
23;2;133;1;1;1;4;1983;;
24;2;133;1;1;1;4;1967;;
25;2;133;1;1;1;4;1991;;
26;2;133;1;1;1;4;1984;;
27;2;133;1;1;1;40;1983;;
28;2;133;1;1;1;4;1969;;
29;2;133;1;1;1;4;1982;;
30;2;133;1;1;1;40;1992;;
31;2;133;1;1;1;40;1991;;
32;2;133;1;1;1;40;1992;;
33;2;133;1;1;1;40;1991;;
34;2;133;1;3;1;40;NULL;;
35;2;133;1;3;1;40;NULL;;
36;2;133;1;3;1;40;NULL;;
37;2;133;1;3;1;40;NULL;;
38;2;133;1;3;1;40;NULL;;
39;2;133;1;3;1;40;NULL;;
40;2;133;1;3;1;40;NULL;;
41;2;133;1;3;1;40;NULL;;
42;2;133;1;3;1;40;NULL;;
43;2;133;1;3;1;40;NULL;;
44;2;133;1;3;1;40;NULL;;
45;2;133;1;3;1;4;NULL;;
46;2;133;1;3;1;40;NULL;;
47;2;133;1;3;1;40;NULL;;
48;2;133;1;3;1;40;NULL;;
49;2;133;1;3;1;40;NULL;;
50;2;133;1;3;1;40;NULL;;
51;2;133;1;3;1;40;NULL;;
52;2;133;1;3;1;40;NULL;;
53;2;133;1;3;1;40;NULL;;
54;2;133;1;3;1;40;NULL;;
55;2;133;1;3;1;40;NULL;;
1;2;20;1;1;1;4;                                                                                                    ;;
2;2;20;1;1;1;4;                                                                                                    ;;
3;2;20;1;1;1;4;                                                                                                    ;;
4;2;20;1;1;1;4;                                                                                                    ;;
5;2;20;1;1;1;4;                                                                                                    ;;
6;2;20;1;1;1;4;                                                                                                    ;;
7;2;20;1;1;1;4;                                                                                                    ;;
8;2;20;2;1;1;4;                                                                                                    ;;
9;2;20;1;1;1;15;                                                                                                    ;;
10;2;20;1;1;1;4;                                                                                                    ;;
11;2;20;2;1;1;40;NULL;;
12;2;20;1;1;1;4;NULL;;
13;2;20;1;1;1;40;NULL;;
14;2;20;1;1;1;40;NULL;;
1;2;65;1;3;1;4;                                                                                                    ;;
2;2;65;1;3;1;4;                                                                                                    ;;
3;2;65;1;3;1;4;                                                                                                    ;;
4;2;65;1;3;1;4;                                                                                                    ;;
5;2;65;1;2;1;12;                                                                                                    ;;
6;2;65;1;1;1;4;                                                                                                    ;;
7;2;65;1;3;1;4;                                                                                                    ;;
8;2;65;1;3;1;4;                                                                                                    ;;
9;2;65;2;3;1;15;                                                                                                    ;;
10;2;65;1;3;1;4;                                                                                                    ;;
11;2;65;2;1;1;15;                                                                                                    ;;
12;2;65;1;3;1;4;                                                                                                    ;;
1;2;31;1;3;1;4;                                                                                                    ;;
2;2;31;1;3;1;4;                                                                                                    ;;
3;2;31;1;3;1;12;                                                                                                    ;;
4;2;31;1;3;1;12;                                                                                                    ;;
5;2;31;2;3;1;4;                                                                                                    ;;
6;2;31;1;3;1;4;                                                                                                    ;;
7;2;31;1;3;1;4;                                                                                                    ;;
8;2;31;1;3;1;12;                                                                                                    ;;
9;2;31;1;3;1;12;                                                                                                    ;;
10;2;31;1;3;1;15;                                                                                                    ;;
11;2;31;1;3;1;15;                                                                                                    ;;
12;2;31;1;3;1;4;                                                                                                    ;;
13;2;31;1;3;1;15;                                                                                                    ;;
14;2;31;1;1;1;4;                                                                                                    ;;
15;2;31;2;1;1;15;                                                                                                    ;;
16;2;31;1;1;1;15;                                                                                                    ;;
1;2;1;1;1;1;4;1979;;
2;2;1;1;1;1;4;1976;;
3;2;1;1;1;1;4;1981;;
4;2;1;2;1;1;4;1984;;
5;2;1;1;1;1;4;1980;;
6;2;1;1;1;1;4;1979;;
7;2;1;1;1;1;4;1978;;
8;2;1;1;1;1;4;1987;;
9;2;1;1;1;1;4;1982;;
10;2;1;1;1;1;4;1991;;
11;2;1;1;1;1;4;1987;;
12;2;1;2;1;1;4;1981;;
13;2;1;1;1;1;4;1982;;
14;2;1;1;1;1;4;1971;;
15;2;1;1;1;1;4;1985;;
16;2;1;1;1;1;4;1986;;
17;2;1;2;1;1;4;1986;;
18;2;1;1;1;1;4;1980;;
19;2;1;1;1;1;4;1979;;
20;2;1;1;1;1;4;1984;;
21;2;1;1;1;1;4;1982;;
22;2;1;1;1;1;4;1968;;
23;2;1;1;1;1;4;1984;;
24;2;1;2;1;1;4;1981;;
25;2;1;1;1;1;4;1986;;
26;2;1;1;1;1;4;1991;;
27;2;1;1;1;1;4;1986;;
28;2;1;1;1;1;4;1979;;
29;2;1;1;1;1;4;1976;;
1;2;5;1;3;1;4;1984;;
2;2;5;1;2;1;4;1972;;
3;2;5;1;2;1;4;1984;;
4;2;5;1;2;1;4;1962;;
5;2;5;1;3;1;4;1990;;
6;2;5;1;3;1;4;1988;;
7;2;5;1;3;1;4;1988;;
8;2;5;1;3;1;4;1970;;
9;2;5;1;2;1;4;1986;;
10;2;5;2;2;1;4;1981;;
11;2;5;1;3;1;12;1971;;
12;2;5;1;3;1;12;1970;;
13;2;5;1;3;1;12;1981;;
14;2;5;1;3;1;12;1982;;
15;2;5;1;1;1;12;1982;;
16;2;5;1;1;1;12;1990;;
17;2;5;1;2;1;12;1983;;
18;2;5;1;2;1;12;1984;;
19;2;5;1;2;1;12;1970;;
20;2;5;1;2;1;12;1977;;
21;2;5;1;3;1;12;1980;;
22;2;5;1;3;1;12;1972;;
23;2;5;1;3;1;12;1964;;
24;2;5;1;2;2;12;1984;;
25;2;5;1;2;1;12;1972;;
26;2;5;1;1;2;12;1984;;
27;2;5;2;2;1;12;1962;;
28;2;5;1;2;1;12;1990;;
29;2;5;1;2;1;12;1988;;
30;2;5;1;1;1;12;1984;;
31;2;5;1;3;9;12;1970;;
32;2;5;1;3;9;12;1986;;
33;2;5;1;3;9;12;1981;;
34;2;5;1;3;9;12;1971;;
35;2;5;1;2;9;12;1970;;
36;2;5;1;2;9;12;1981;;
37;2;5;1;2;9;12;1982;;
38;2;5;1;2;9;12;1982;;
39;2;5;1;2;9;12;1990;;
40;2;5;1;2;9;12;1983;;
41;2;5;1;2;9;12;1984;;
42;2;5;1;3;9;12;1970;;
43;2;5;1;3;9;12;1977;;
44;2;5;1;3;9;12;1980;;
45;2;5;1;3;9;12;1972;;
46;2;5;1;2;9;12;1964;;
47;2;5;1;2;9;12;1979;;
48;2;5;1;2;9;12;1975;;
49;2;5;1;2;9;12;1983;;
50;2;5;1;2;9;12;1974;;
51;2;5;1;5;9;4;1980;;
52;2;5;1;5;9;4;1983;;
1;2;38;1;1;1;4;1965;;
2;2;38;1;1;1;4;1983;;
3;2;38;1;1;1;4;1989;;
4;2;38;1;1;1;4;1978;;
5;2;38;1;1;1;4;1983;;
6;2;38;1;1;1;4;NULL;;
7;2;38;2;1;1;4;NULL;;
8;2;38;1;1;1;4;NULL;;
9;2;38;2;1;1;4;NULL;;
10;2;38;2;1;1;4;NULL;;
11;2;38;1;3;1;4;1990;;
12;2;38;1;3;1;4;1973;;
13;2;38;1;3;1;4;1981;;
14;2;38;2;3;1;4;1990;;
15;2;38;1;3;1;12;1981;;
16;2;38;1;3;1;4;1990;;
17;2;38;1;3;1;4;1988;;
18;2;38;1;3;1;4;1990;;
19;2;38;1;3;1;4;1985;;
20;2;38;1;3;1;4;                                                                                                    ;;
21;2;38;1;3;1;4;                                                                                                    ;;
22;2;38;1;3;1;12;                                                                                                    ;;
23;2;38;1;3;1;4;                                                                                                    ;;
24;2;38;1;3;1;12;                                                                                                    ;;
25;2;38;2;3;1;14;                                                                                                    ;;
26;2;38;2;3;1;12;                                                                                                    ;;
27;2;38;1;3;1;4;                                                                                                    ;;
28;2;38;1;3;1;4;                                                                                                    ;;
29;2;38;1;3;9;12;                                                                                                    ;;
30;2;38;1;3;1;12;                                                                                                    ;;
31;2;38;1;3;1;12;                                                                                                    ;;
32;2;38;1;3;1;12;                                                                                                    ;;
33;2;38;1;3;1;12;                                                                                                    ;;
34;2;38;1;3;1;4;                                                                                                    ;;
35;2;38;1;3;1;12;                                                                                                    ;;
36;2;38;1;3;1;4;                                                                                                    ;;
37;2;38;1;3;1;12;                                                                                                    ;;
38;2;38;1;3;1;12;                                                                                                    ;;
39;2;38;1;3;1;4;                                                                                                    ;;
40;2;38;1;3;1;4;                                                                                                    ;;
41;2;38;1;3;1;4;NULL;;
42;2;38;1;3;1;4;NULL;;
43;2;38;1;3;1;4;NULL;;
44;2;38;1;3;1;4;NULL;;
45;2;38;1;3;1;4;NULL;;
1;2;37;1;1;1;4;1978;;
2;2;37;1;1;1;4;1987;;
3;2;37;1;1;1;4;1983;;
4;2;37;1;1;1;4;1984;;
5;2;37;1;1;1;4;1985;;
6;2;37;1;1;1;4;1985;;
7;2;37;1;3;1;4;1990;;
8;2;37;1;3;1;4;1988;;
9;2;37;1;3;1;4;1979;;
10;2;37;1;3;1;4;1987;;
11;2;37;1;3;1;4;1988;;
12;2;37;1;3;1;15;1974;;
13;2;37;1;3;1;4;1990;;
14;2;37;1;3;1;4;1990;;
15;2;37;1;3;1;4;1990;;
16;2;37;1;3;1;4;1990;;
17;2;37;1;3;1;4;1990;;
18;2;37;1;3;1;4;1990;;
19;2;37;1;3;1;4;1973;;
20;2;37;1;3;1;4;1976;;
21;2;37;1;3;1;4;1967;;
22;2;37;2;3;1;4;1981;;
23;2;37;1;1;1;4;1990;;
1;2;28;1;1;1;4;NULL;;
2;2;28;1;1;1;4;NULL;;
3;2;28;1;1;1;4;NULL;;
4;2;28;1;1;1;4;NULL;;
5;2;28;1;1;1;4;NULL;;
6;2;28;1;1;1;4;NULL;;
7;2;28;1;1;1;4;NULL;;
8;2;28;1;3;1;4;NULL;;
9;2;28;1;1;1;4;NULL;;
10;2;28;1;3;1;4;NULL;;
11;2;28;1;3;1;4;NULL;;
12;2;28;1;3;1;4;NULL;;
13;2;28;1;3;1;4;NULL;;
14;2;28;1;3;1;4;NULL;;
15;2;28;1;3;1;4;NULL;;
1;2;32;1;3;1;4;1990;;
2;2;32;2;3;1;4;1982;;
3;2;32;1;3;1;4;1976;;
4;2;32;1;3;1;4;1984;;
5;2;32;1;3;1;4;1988;;
6;2;32;1;3;1;4;1986;;
7;2;32;1;3;1;4;1984;;
8;2;32;1;3;1;4;1976;;
9;2;32;1;3;1;4;1990;;
10;2;32;1;3;1;4;1962;;
11;2;32;1;1;1;15;                                                                                                    ;;
12;2;32;2;1;1;15;                                                                                                    ;;
13;2;32;2;3;1;15;1974;;
14;2;32;2;1;1;15;1978;;
15;2;32;1;3;1;4;1965;;
16;2;32;1;3;1;4;1968;;
17;2;32;1;3;1;12;1987;;
18;2;32;1;3;1;12;1990;;
19;2;32;1;3;1;12;1990;;
20;2;32;1;3;1;12;                                                                                                    ;;
21;2;32;1;3;1;4;1988;;
22;2;32;2;3;1;4;1990;;
23;2;32;2;3;1;4;NULL;;
24;2;32;1;3;1;4;1990;;
25;2;32;1;3;1;4;1964;;
26;2;32;1;3;1;4;1986;;
1;2;44;1;1;1;40;1961;;
2;2;44;1;3;1;40;1962;;
3;2;44;1;2;1;40;1971;;
4;2;44;1;1;1;40;1970;;
5;2;44;1;3;1;41;1963;;
6;2;44;1;3;1;4;1970;;
7;2;44;1;3;1;41;1970;;
8;2;44;1;1;1;40;1973;;                                                                                              
9;2;44;1;3;1;40;1964;;                                                                                              
10;2;44;1;3;1;40;1973;;                                                                                              
11;2;44;1;1;1;40;1973;;
12;2;44;1;3;1;40;1979;;
1;2;36;1;1;1;4;1990;;
2;2;36;1;1;1;4;1989;;
3;2;36;1;3;1;4;1990;;
4;2;36;1;3;1;4;1972;;
5;2;36;1;3;1;4;1990;;
6;2;36;2;3;1;4;1990;;
7;2;36;2;3;1;4;1985;;
8;2;36;1;3;1;4;1986;;
9;2;36;1;3;1;4;1990;;
10;2;36;1;3;1;4;1990;;
11;2;36;1;3;1;4;1983;;
12;2;36;1;3;1;12;1990;;
13;2;36;1;3;1;12;1990;;
14;2;36;1;3;1;12;1990;;
15;2;36;1;3;1;4;1984;;
16;2;36;1;3;1;12;1984;;
17;2;36;1;3;1;12;1990;;
18;2;36;1;3;1;12;1972;;
19;2;36;1;3;1;12;1982;;
20;2;36;1;3;1;12;1985;;
21;2;36;2;3;1;4;1990;;
22;2;36;1;3;1;4;1965;;
23;2;36;1;3;1;4;1990;;
24;2;36;2;3;1;4;1989;;
1;2;2;2;3;1;4;NULL;;
2;2;2;2;3;1;4;NULL;;
3;2;2;2;3;1;4;NULL;;
4;2;2;2;3;1;4;NULL;;
5;2;2;2;3;1;4;NULL;;
6;2;2;2;3;1;4;NULL;;
7;2;2;1;3;1;4;NULL;;
8;2;2;1;3;1;4;NULL;;
9;2;2;1;3;1;4;NULL;;
10;2;2;1;3;1;4;NULL;;
11;2;2;1;3;1;4;NULL;;
12;2;2;1;3;1;4;NULL;;
13;2;2;1;3;1;4;NULL;;
14;2;2;1;3;1;4;NULL;;
15;2;2;1;3;1;4;NULL;;
16;2;2;1;3;1;4;NULL;;
17;2;2;1;3;1;4;NULL;;
18;2;2;1;3;1;4;NULL;;
1;2;48;1;3;1;4;NULL;;
2;2;48;1;3;1;4;1969;;
3;2;48;1;3;1;4;1985;;
4;2;48;1;3;1;4;1972;;
5;2;48;1;3;1;4;1969;;
6;2;48;1;3;1;4;1965;;
7;2;48;1;3;1;4;1990;;
8;2;48;1;3;1;4;1989;;
9;2;48;1;3;1;4;1986;;
10;2;48;1;3;1;4;1964;;
11;2;48;1;3;1;4;1973;;
12;2;48;1;3;1;4;1985;;
13;2;48;1;3;1;12;1975;;
14;2;48;2;3;1;4;1975;;
15;2;48;1;3;1;15;1980;;
16;2;48;1;3;1;15;1977;;
17;2;48;1;3;1;15;1973;;
18;2;48;1;3;1;15;1983;;
19;2;48;1;3;1;12;1990;;
20;2;48;1;3;1;4;1977;;
21;2;48;1;3;1;15;1984;;
22;2;48;2;3;1;4;1982;;
23;2;48;1;3;1;4;1984;;
24;2;48;2;3;1;15;1979;;
25;2;48;2;3;1;15;1990;;
26;2;48;1;3;1;4;                                                                                                    ;;
27;2;48;1;3;1;15;1990;;
28;2;48;1;3;1;15;1987;;
29;2;48;1;3;1;4;1977;;
30;2;48;1;3;1;4;1985;;
31;2;48;1;3;1;15;1990;;
32;2;48;1;3;1;4;1986;;
33;2;48;1;3;1;15;1988;;
34;2;48;2;3;1;15;1980;;
35;2;48;1;3;1;4;1988;;
36;2;48;1;3;1;4;1975;;
37;2;48;1;3;1;4;1990;;
38;2;48;1;3;1;4;1990;;
39;2;48;1;3;1;15;1980;;
40;2;48;1;3;1;4;1985;;
41;2;48;2;3;1;4;1964;;
42;2;48;1;3;1;4;1976;;
43;2;48;1;3;1;4;1984;;
44;2;48;2;3;1;4;1990;;
1;2;63;1;1;1;4;1986;;                                                                                              
2;2;63;1;3;1;42;1964;;
3;2;63;1;3;1;4;1985;;
4;2;63;1;3;1;4;1987;;
5;2;63;1;3;1;4;1986;;
6;2;63;1;3;1;4;1989;;
7;2;63;2;3;1;4;1994;;
8;2;63;2;3;1;4;1989;;
9;2;63;1;3;1;4;1957;;
10;2;63;1;3;1;4;1982;;
11;2;63;1;3;1;4;1969;;
12;2;63;1;3;1;4;1990;;
13;2;63;2;3;1;4;1982;;
14;2;63;1;3;1;4;1981;;
15;2;63;1;3;1;4;1975;;
16;2;63;1;3;1;4;1991;;
17;2;63;1;3;1;4;1990;;
18;2;63;1;3;1;4;1987;;
19;2;63;1;3;1;4;1979;;
20;2;63;1;3;1;4;1979;;
21;2;63;1;3;1;4;1975;;
22;2;63;1;3;1;4;1977;;
23;2;63;1;3;1;4;1971;;
24;2;63;1;3;1;4;1981;;
25;2;63;1;3;1;4;1982;;
26;2;63;1;3;1;4;1991;;
27;2;63;1;3;1;4;1991;;
28;2;63;1;3;1;4;1991;;
29;2;63;1;3;1;4;1986;;
30;2;63;1;3;1;42;1993;;
31;2;63;1;1;1;4;1996;;
32;2;63;2;1;1;4;1989;;
33;2;63;1;4;1;42;1994;;
1;2;76;1;3;1;4;NULL;;
2;2;76;1;3;1;4;NULL;;
3;2;76;1;3;1;4;NULL;;
4;2;76;1;3;1;4;NULL;;
5;2;76;1;3;1;4;NULL;;
6;2;76;1;3;1;4;NULL;;
7;2;76;1;1;1;4;NULL;;
8;2;76;1;3;1;4;NULL;;
9;2;76;1;3;1;4;NULL;;
10;2;76;1;3;1;4;NULL;;
11;2;76;1;3;1;4;                                                                                                    ;;
12;2;76;1;3;1;4;                                                                                                    ;;
13;2;76;1;3;1;4;                                                                                                    ;;
14;2;76;1;3;1;4;                                                                                                    ;;
15;2;76;1;1;1;4;                                                                                                    ;;
16;2;76;1;3;1;4;                                                                                                    ;;
17;2;76;1;3;1;4;                                                                                                    ;;
18;2;76;1;3;1;4;                                                                                                    ;;
19;2;76;1;3;1;4;                                                                                                    ;;
20;2;76;1;3;1;4;                                                                                                    ;;
21;2;76;1;3;1;4;                                                                                                    ;;
22;2;76;1;3;1;4;                                                                                                    ;;
23;2;76;1;3;1;4;                                                                                                    ;;
24;2;76;1;3;1;4;                                                                                                    ;;
25;2;76;1;3;1;4;                                                                                                    ;;
26;2;76;1;3;1;4;                                                                                                    ;;
27;2;76;1;3;1;4;                                                                                                    ;;
28;2;76;1;3;1;4;                                                                                                    ;;
29;2;76;2;3;1;4;                                                                                                    ;;
30;2;76;1;1;1;4;                                                                                                    ;;
31;2;76;1;3;1;4;NULL;;
32;2;76;1;3;1;4;NULL;;
1;2;186;1;1;1;4;NULL;;
2;2;186;1;3;1;4;NULL;;
3;2;186;1;3;1;4;NULL;;
4;2;186;2;3;1;4;NULL;;
5;2;186;1;3;1;4;NULL;;
6;2;186;1;3;1;4;NULL;;
7;2;186;1;3;1;4;NULL;;
8;2;186;1;3;1;4;NULL;;
9;2;186;1;3;1;4;NULL;;
10;2;186;1;3;1;4;NULL;;
11;2;186;1;3;1;12;                                                                                                    ;;
12;2;186;2;3;1;4;                                                                                                    ;;
13;2;186;2;1;1;4;                                                                                                    ;;
14;2;186;2;3;1;4;                                                                                                    ;;
15;2;186;1;3;1;12;                                                                                                    ;;
16;2;186;1;3;1;12;                                                                                                    ;;
17;2;186;2;3;1;12;                                                                                                    ;;
18;2;186;2;1;1;4;                                                                                                    ;;
19;2;186;2;3;1;4;                                                                                                    ;;
20;2;186;1;3;1;12;                                                                                                    ;;
21;2;186;1;3;1;4;                                                                                                    ;;
22;2;186;1;1;1;4;                                                                                                    ;;
23;2;186;2;3;1;4;                                                                                                    ;;
24;2;186;1;3;1;12;                                                                                                    ;;
25;2;186;1;3;1;12;                                                                                                    ;;
26;2;186;1;3;1;12;                                                                                                    ;;
27;2;186;1;3;1;4;                                                                                                    ;;
28;2;186;1;3;1;12;                                                                                                    ;;
29;2;186;2;3;1;4;                                                                                                    ;;
30;2;186;1;3;1;12;                                                                                                    ;;
31;2;186;1;3;1;4;NULL;;
32;2;186;1;3;1;4;NULL;;
33;2;186;1;3;1;4;NULL;;
34;2;186;1;3;1;4;NULL;;
35;2;186;1;3;1;4;NULL;;
36;2;186;1;3;1;4;NULL;;
37;2;186;1;3;1;4;NULL;;
1;2;82;2;3;1;4;NULL;;
2;2;82;2;3;1;4;1971;;
3;2;82;1;3;1;4;1979;;
4;2;82;1;3;1;4;1983;;
5;2;82;1;3;1;4;1979;;
6;2;82;1;1;1;4;1988;;
7;2;82;1;3;1;4;1984;;
8;2;82;1;1;1;4;1978;;
9;2;82;1;3;1;4;1990;;
10;2;82;1;3;1;4;1975;;
11;2;82;1;3;1;4;1968;;
12;2;82;1;3;1;4;1961;;
13;2;82;1;3;1;4;NULL;;
14;2;82;1;3;1;4;1990;;
15;2;82;1;3;1;4;1990;;
16;2;82;1;3;1;4;1976;;
17;2;82;1;3;1;4;1976;;
18;2;82;1;1;5;4;1989;;
19;2;82;1;3;1;4;1972;;
20;2;82;1;3;2;4;1985;;
1;2;40;1;3;1;4;1963;;
2;2;40;1;3;1;4;1976;;
3;2;40;1;3;1;4;1990;;
4;2;40;1;3;1;4;1985;;
5;2;40;1;3;1;4;1974;;
6;2;40;1;3;1;4;1973;;
7;2;40;1;3;1;4;1977;;
8;2;40;1;3;1;4;1973;;
9;2;40;1;3;1;4;1987;;
10;2;40;1;3;1;4;1988;;
11;2;40;2;3;1;4;1971;;
12;2;40;1;3;1;4;1971;;
13;2;40;1;3;1;4;1990;;
14;2;40;1;3;1;4;1983;;
15;2;40;1;3;1;4;1996;;
16;2;40;1;3;1;4;1982;;
17;2;40;1;3;1;4;1978;;
1;2;146;1;3;1;4;NULL;;
2;2;146;1;3;1;4;NULL;;
3;2;146;1;3;1;4;NULL;;
4;2;146;1;3;1;4;NULL;;
5;2;146;1;3;1;4;NULL;;
6;2;146;1;3;1;4;NULL;;
7;2;146;1;3;1;4;NULL;;
8;2;146;1;3;1;4;NULL;;
9;2;146;1;3;1;4;NULL;;
10;2;146;2;3;1;4;NULL;;
11;2;146;1;3;1;4;                                                                                                    ;;
12;2;146;1;3;2;4;                                                                                                    ;;
13;2;146;2;1;1;4;                                                                                                    ;;
14;2;146;1;3;1;15;                                                                                                    ;;
15;2;146;1;3;1;12;                                                                                                    ;;
16;2;146;1;3;1;12;                                                                                                    ;;
17;2;146;1;3;1;12;                                                                                                    ;;
18;2;146;1;3;1;15;                                                                                                    ;;
19;2;146;1;3;1;15;                                                                                                    ;;
20;2;146;1;3;1;12;                                                                                                    ;;
21;2;146;2;3;1;4;                                                                                                    ;;
22;2;146;1;3;1;15;                                                                                                    ;;
23;2;146;2;3;1;15;                                                                                                    ;;
24;2;146;1;3;1;15;                                                                                                    ;;
25;2;146;1;3;1;4;                                                                                                    ;;
26;2;146;1;3;1;15;                                                                                                    ;;
27;2;146;1;3;1;12;                                                                                                    ;;
28;2;146;1;3;1;4;                                                                                                    ;;
29;2;146;1;1;1;12;                                                                                                    ;;
30;2;146;2;3;1;15;                                                                                                    ;;
31;2;146;1;3;1;12;                                                                                                    ;;
32;2;146;1;3;1;4;                                                                                                    ;;
33;2;146;1;1;1;12;                                                                                                    ;;
34;2;146;1;3;1;12;                                                                                                    ;;
35;2;146;1;3;1;4;                                                                                                    ;;
36;2;146;2;3;1;12;                                                                                                    ;;
37;2;146;1;3;1;12;                                                                                                    ;;
38;2;146;2;3;1;15;                                                                                                    ;;
39;2;146;1;3;1;12;                                                                                                    ;;
40;2;146;1;3;1;12;                                                                                                    ;;
41;2;146;1;3;1;4;NULL;;
42;2;146;1;3;2;4;NULL;;
43;2;146;1;3;9;4;NULL;;
44;2;146;1;3;1;4;NULL;;
45;2;146;1;3;1;4;NULL;;
46;2;146;1;3;1;4;NULL;;
47;2;146;2;3;1;4;NULL;;
48;2;146;1;3;1;4;NULL;;
49;2;146;1;3;1;4;NULL;;
1;2;132;1;1;1;4;1979;;
2;2;132;1;1;1;4;1967;;
3;2;132;1;1;1;4;1988;;
4;2;132;1;1;1;4;1977;;
5;2;132;1;1;1;4;1972;;
6;2;132;1;2;1;4;1984;;
7;2;132;1;1;1;4;1983;;
8;2;132;1;1;1;4;1978;;
9;2;132;1;1;1;4;1977;;
10;2;132;1;1;1;4;1963;;
11;2;132;1;1;1;4;1969;;
12;2;132;1;1;1;4;1972;;
13;2;132;1;1;1;4;1969;;
14;2;132;1;1;1;4;1979;;
15;2;132;1;1;1;4;1966;;
16;2;132;1;1;1;4;1974;;
17;2;132;1;1;1;4;1973;;
18;2;132;1;1;1;4;1969;;
19;2;132;1;1;1;4;1965;;
20;2;132;1;2;2;4;1985;;
21;2;132;1;1;1;4;1979;;
22;2;132;1;1;1;4;1962;;
23;2;132;1;1;1;4;1968;;
24;2;132;1;1;1;4;1974;;
25;2;132;1;1;1;4;1984;;
26;2;132;1;1;1;4;1967;;
27;2;132;1;1;1;4;1977;;
28;2;132;1;1;1;4;1962;;
29;2;132;1;1;1;4;1977;;
30;2;132;1;1;1;4;1964;;
31;2;132;1;1;1;4;1970;;
32;2;132;1;1;1;4;1975;;
33;2;132;1;1;1;4;1978;;
34;2;132;1;1;1;4;1966;;
35;2;132;1;1;1;4;1974;;
36;2;132;1;1;1;4;1988;;
37;2;132;1;1;1;4;1968;;
38;2;132;1;1;1;4;1978;;
39;2;132;1;1;1;4;1979;;
40;2;132;1;1;1;4;1976;;
41;2;132;1;1;1;4;1972;;
42;2;132;1;1;1;4;1981;;
43;2;132;1;1;1;4;1981;;
44;2;132;1;1;1;4;1966;;
45;2;132;1;1;1;4;1971;;
46;2;132;1;1;1;4;1981;;
47;2;132;1;1;1;4;1978;;
48;2;132;1;1;1;4;1966;;
49;2;132;1;1;1;4;1986;;
50;2;132;1;1;1;4;1976;;
51;2;132;1;1;1;4;1967;;
52;2;132;1;1;1;4;1982;;
53;2;132;1;1;1;4;1984;;
54;2;132;1;1;1;4;1971;;
55;2;132;1;1;1;4;1971;;
56;2;132;1;1;1;4;1970;;
57;2;132;1;1;1;4;1981;;
58;2;132;1;1;1;4;1971;;
59;2;132;1;1;1;4;1967;;
60;2;132;1;1;1;4;1983;;
61;2;132;1;1;1;4;1984;;
62;2;132;1;1;1;4;1985;;
63;2;132;1;1;1;4;1979;;
64;2;132;1;1;1;4;1974;;
65;2;132;1;1;1;4;1985;;
66;2;132;2;1;1;4;1979;;
67;2;132;1;1;1;4;1970;;
68;2;132;1;1;1;4;1985;;
69;2;132;1;1;1;4;1977;;
70;2;132;1;1;1;4;1971;;
71;2;132;1;1;1;4;1980;;
72;2;132;1;1;1;4;1987;;
73;2;132;1;1;1;4;1976;;
74;2;132;1;1;1;4;1976;;
75;2;132;1;1;1;4;1977;;
76;2;132;1;1;1;4;1979;;
77;2;132;1;1;1;4;1971;;
78;2;132;1;1;1;4;1970;;
79;2;132;1;1;1;4;1985;;
80;2;132;1;1;1;4;1969;;
81;2;132;1;1;1;4;1967;;
82;2;132;1;1;1;4;1974;;
83;2;132;1;1;1;4;1989;;
84;2;132;1;1;1;4;1990;;
85;2;132;1;1;1;4;1983;;
86;2;132;1;1;1;4;1974;;
87;2;132;1;1;1;4;1969;;
88;2;132;1;1;1;4;1977;;
89;2;132;1;1;1;4;1981;;
90;2;132;1;1;1;4;1977;;
91;2;132;1;1;1;4;1966;;
92;2;132;1;1;1;4;1976;;
93;2;132;1;1;1;4;1979;;
94;2;132;1;1;1;4;1968;;
95;2;132;1;1;1;4;1965;;
96;2;132;1;1;1;4;1980;;
97;2;132;1;1;1;4;1968;;
98;2;132;1;1;1;4;1990;;
99;2;132;1;1;1;4;1990;;
100;2;132;1;1;1;4;1971;;
101;2;132;1;1;1;4;1975;;
102;2;132;1;1;1;4;1979;;
103;2;132;1;1;1;4;1966;;
104;2;132;1;1;1;4;1990;;
105;2;132;1;1;1;4;1972;;
106;2;132;1;1;1;4;1969;;
107;2;132;1;1;1;4;1979;;
108;2;132;1;1;1;4;1969;;
109;2;132;1;1;1;4;1990;;
110;2;132;1;1;1;4;1969;;
1;2;185;1;3;1;4;NULL;;
2;2;185;1;3;1;4;NULL;;
3;2;185;1;3;1;4;NULL;;
4;2;185;1;3;1;4;NULL;;
5;2;185;2;3;1;4;NULL;;
6;2;185;1;3;1;4;NULL;;
7;2;185;1;3;1;4;NULL;;
8;2;185;1;3;1;4;NULL;;
9;2;185;2;3;1;4;NULL;;
10;2;185;1;3;1;4;NULL;;
11;2;185;1;3;1;12;                                                                                                    ;;
12;2;185;2;3;1;4;                                                                                                    ;;
13;2;185;1;3;1;4;                                                                                                    ;;
14;2;185;1;3;1;15;                                                                                                    ;;
15;2;185;1;3;1;15;                                                                                                    ;;
16;2;185;1;3;1;15;                                                                                                    ;;
17;2;185;1;3;1;15;                                                                                                    ;;
18;2;185;1;3;1;12;                                                                                                    ;;
19;2;185;1;3;1;15;                                                                                                    ;;
20;2;185;2;3;1;4;                                                                                                    ;;
21;2;185;1;3;2;4;                                                                                                    ;;
22;2;185;2;3;1;12;                                                                                                    ;;
23;2;185;1;3;1;4;                                                                                                    ;;
24;2;185;1;3;1;4;                                                                                                    ;;
25;2;185;1;3;1;12;                                                                                                    ;;
26;2;185;2;3;1;4;                                                                                                    ;;
27;2;185;1;3;1;15;                                                                                                    ;;
28;2;185;1;3;1;15;                                                                                                    ;;
29;2;185;1;3;1;4;                                                                                                    ;;
30;2;185;1;3;1;12;                                                                                                    ;;
31;2;185;1;3;1;12;                                                                                                    ;;
32;2;185;1;3;1;4;                                                                                                    ;;
33;2;185;1;3;1;15;                                                                                                    ;;
34;2;185;1;3;1;12;                                                                                                    ;;
35;2;185;1;3;1;14;                                                                                                    ;;
36;2;185;1;3;1;4;                                                                                                    ;;
37;2;185;1;3;1;12;                                                                                                    ;;
38;2;185;1;3;1;4;                                                                                                    ;;
39;2;185;1;3;1;15;                                                                                                    ;;
40;2;185;1;3;1;4;                                                                                                    ;;
41;2;185;1;3;1;12;                                                                                                    ;;
42;2;185;1;3;1;12;                                                                                                    ;;
43;2;185;1;3;1;12;                                                                                                    ;;
44;2;185;1;3;1;15;                                                                                                    ;;
45;2;185;2;3;2;15;                                                                                                    ;;
46;2;185;1;3;1;15;                                                                                                    ;;
47;2;185;1;3;1;15;                                                                                                    ;;
48;2;185;1;3;1;4;                                                                                                    ;;
49;2;185;1;3;1;15;                                                                                                    ;;
50;2;185;1;3;1;4;                                                                                                    ;;
51;2;185;1;3;1;15;                                                                                                    ;;
52;2;185;1;3;1;12;                                                                                                    ;;
53;2;185;1;3;1;4;                                                                                                    ;;
54;2;185;2;3;1;15;                                                                                                    ;;
55;2;185;1;3;1;12;                                                                                                    ;;
56;2;185;1;3;1;15;                                                                                                    ;;
57;2;185;1;3;1;4;                                                                                                    ;;
58;2;185;1;3;1;4;                                                                                                    ;;
59;2;185;1;3;1;4;                                                                                                    ;;
60;2;185;1;3;1;4;                                                                                                    ;;
61;2;185;1;3;1;4;NULL;;
62;2;185;1;3;2;4;NULL;;
63;2;185;1;3;1;4;NULL;;
1;2;18;1;3;1;4;NULL;;
2;2;18;1;3;1;4;NULL;;
3;2;18;1;3;1;4;NULL;;
4;2;18;1;3;1;4;NULL;;
5;2;18;1;3;1;4;NULL;;
6;2;18;1;3;1;4;NULL;;
7;2;18;1;3;1;4;NULL;;
8;2;18;1;3;1;4;NULL;;
9;2;18;1;3;1;4;NULL;;
10;2;18;1;3;1;4;NULL;;
11;2;18;1;3;1;12;                                                                                                    ;;
12;2;18;1;1;1;12;                                                                                                    ;;
13;2;18;1;1;1;12;                                                                                                    ;;
14;2;18;1;3;1;12;                                                                                                    ;;
15;2;18;1;3;1;12;                                                                                                    ;;
16;2;18;1;3;1;12;                                                                                                    ;;
17;2;18;1;3;1;12;                                                                                                    ;;
18;2;18;1;3;1;12;                                                                                                    ;;
19;2;18;1;3;1;12;                                                                                                    ;;
20;2;18;1;3;1;12;                                                                                                    ;;
21;2;18;1;3;1;12;                                                                                                    ;;
22;2;18;1;3;1;12;                                                                                                    ;;
23;2;18;1;3;1;12;                                                                                                    ;;
24;2;18;1;3;1;12;                                                                                                    ;;
25;2;18;1;3;1;4;                                                                                                    ;;
26;2;18;1;3;1;4;                                                                                                    ;;
27;2;18;1;1;1;4;                                                                                                    ;;
28;2;18;1;3;1;4;                                                                                                    ;;
29;2;18;1;1;1;4;                                                                                                    ;;
30;2;18;1;3;1;4;                                                                                                    ;;
31;2;18;1;3;1;4;                                                                                                    ;;
32;2;18;1;3;1;4;                                                                                                    ;;
33;2;18;1;3;1;4;                                                                                                    ;;
34;2;18;1;3;1;4;                                                                                                    ;;
35;2;18;1;1;1;4;                                                                                                    ;;
36;2;18;1;3;1;4;                                                                                                    ;;
37;2;18;1;3;1;4;                                                                                                    ;;
38;2;18;1;3;1;4;                                                                                                    ;;
39;2;18;2;3;1;4;                                                                                                    ;;
40;2;18;1;3;1;4;                                                                                                    ;;
41;2;18;1;3;1;14;                                                                                                    ;;
42;2;18;2;3;1;14;                                                                                                    ;;
43;2;18;1;3;1;4;                                                                                                    ;;
44;2;18;1;3;1;4;                                                                                                    ;;
45;2;18;1;3;1;4;                                                                                                    ;;
46;2;18;1;3;1;4;                                                                                                    ;;
47;2;18;1;3;9;4;                                                                                                    ;;
48;2;18;1;3;1;14;                                                                                                    ;;
49;2;18;1;3;1;4;                                                                                                    ;;
50;2;18;1;3;1;4;                                                                                                    ;;
51;2;18;1;3;1;4;                                                                                                    ;;
52;2;18;1;3;1;4;                                                                                                    ;;
53;2;18;1;1;1;4;                                                                                                    ;;
54;2;18;2;3;1;4;                                                                                                    ;;
55;2;18;1;3;1;4;                                                                                                    ;;
56;2;18;1;3;1;4;                                                                                                    ;;
57;2;18;1;3;1;14;                                                                                                    ;;
58;2;18;1;3;1;4;                                                                                                    ;;
59;2;18;1;3;1;4;                                                                                                    ;;
60;2;18;1;3;1;15;                                                                                                    ;;
61;2;18;1;3;1;15;                                                                                                    ;;
62;2;18;1;3;9;15;                                                                                                    ;;
63;2;18;1;3;1;4;                                                                                                    ;;
64;2;18;1;3;1;4;                                                                                                    ;;
65;2;18;2;3;1;4;                                                                                                    ;;
66;2;18;1;3;1;4;                                                                                                    ;;
67;2;18;1;3;1;4;                                                                                                    ;;
68;2;18;1;3;1;4;                                                                                                    ;;
69;2;18;1;3;1;4;                                                                                                    ;;
70;2;18;1;3;1;4;                                                                                                    ;;
71;2;18;1;3;1;4;                                                                                                    ;;
72;2;18;1;3;1;12;                                                                                                    ;;
73;2;18;1;3;1;4;                                                                                                    ;;
74;2;18;1;3;1;4;                                                                                                    ;;
75;2;18;2;3;1;4;                                                                                                    ;;
76;2;18;2;3;1;4;                                                                                                    ;;
77;2;18;1;3;1;4;                                                                                                    ;;
78;2;18;1;3;1;4;                                                                                                    ;;
79;2;18;1;3;1;4;                                                                                                    ;;
80;2;18;1;3;1;12;                                                                                                    ;;
81;2;18;1;3;1;4;                                                                                                    ;;
82;2;18;1;3;1;4;                                                                                                    ;;
83;2;18;2;3;1;4;                                                                                                    ;;
84;2;18;1;3;1;12;                                                                                                    ;;
85;2;18;1;3;1;4;                                                                                                    ;;
86;2;18;1;3;1;4;                                                                                                    ;;
87;2;18;1;3;1;12;                                                                                                    ;;
88;2;18;1;3;1;12;                                                                                                    ;;
89;2;18;1;3;1;4;                                                                                                    ;;
90;2;18;1;3;1;4;                                                                                                    ;;
91;2;18;1;3;1;4;NULL;;
92;2;18;1;3;1;4;NULL;;
93;2;18;1;3;1;4;NULL;;
94;2;18;1;3;1;4;NULL;;
95;2;18;1;3;1;4;NULL;;
96;2;18;1;3;1;4;NULL;;
97;2;18;1;3;1;4;NULL;;
98;2;18;1;3;1;4;NULL;;
99;2;18;1;3;1;4;NULL;;
100;2;18;2;3;1;4;NULL;;
101;2;18;2;3;1;4;                                                                                                    ;;
102;2;18;1;3;1;4;                                                                                                    ;;
103;2;18;1;3;1;12;                                                                                                    ;;
104;2;18;1;3;1;12;                                                                                                    ;;
105;2;18;1;3;1;12;                                                                                                    ;;
106;2;18;1;3;1;12;                                                                                                    ;;
107;2;18;1;3;1;4;                                                                                                    ;;
108;2;18;1;3;1;12;                                                                                                    ;;
109;2;18;1;3;1;12;                                                                                                    ;;
110;2;18;1;3;1;4;                                                                                                    ;;
111;2;18;1;3;1;12;                                                                                                    ;;
112;2;18;1;3;1;12;                                                                                                    ;;
113;2;18;1;3;1;4;                                                                                                    ;;
114;2;18;1;3;1;12;                                                                                                    ;;
115;2;18;1;3;1;4;                                                                                                    ;;
116;2;18;1;3;1;4;                                                                                                    ;;
117;2;18;1;3;1;4;                                                                                                    ;;
118;2;18;1;3;1;4;                                                                                                    ;;
119;2;18;1;3;1;4;                                                                                                    ;;
120;2;18;1;3;1;4;                                                                                                    ;;
121;2;18;1;3;1;4;                                                                                                    ;;
122;2;18;1;3;1;4;                                                                                                    ;;
123;2;18;1;3;1;4;                                                                                                    ;;
124;2;18;1;3;1;4;                                                                                                    ;;
125;2;18;1;3;1;4;                                                                                                    ;;
126;2;18;1;3;1;12;                                                                                                    ;;
127;2;18;1;1;1;12;                                                                                                    ;;
128;2;18;1;3;1;12;                                                                                                    ;;
129;2;18;1;1;1;4;                                                                                                    ;;
130;2;18;1;3;1;12;                                                                                                    ;;
131;2;18;1;3;1;4;                                                                                                    ;;
132;2;18;1;3;1;12;                                                                                                    ;;
133;2;18;1;3;1;4;                                                                                                    ;;
134;2;18;1;3;1;4;                                                                                                    ;;
135;2;18;1;1;1;4;                                                                                                    ;;
136;2;18;1;3;1;4;                                                                                                    ;;
137;2;18;1;1;9;4;                                                                                                    ;;
138;2;18;1;3;9;4;                                                                                                    ;;
139;2;18;1;3;9;4;                                                                                                    ;;
140;2;18;1;3;9;12;                                                                                                    ;;
141;2;18;1;3;9;12;                                                                                                    ;;
142;2;18;1;3;9;12;                                                                                                    ;;
143;2;18;1;3;9;4;                                                                                                    ;;
144;2;18;1;3;9;4;                                                                                                    ;;
145;2;18;1;3;9;4;                                                                                                    ;;
146;2;18;1;3;9;4;                                                                                                    ;;
147;2;18;1;3;9;12;                                                                                                    ;;
148;2;18;1;3;9;4;                                                                                                    ;;
149;2;18;1;3;9;4;                                                                                                    ;;
150;2;18;1;3;9;12;                                                                                                    ;;
1;2;46;1;1;1;14;1981;;
2;2;46;1;1;1;14;1979;;
3;2;46;2;1;1;15;1989;;
4;2;46;1;1;1;15;1981;;
5;2;46;1;1;1;4;1979;;
6;2;46;1;1;1;15;1970;;
7;2;46;2;2;1;15;                                                                                                    ;;
8;2;46;2;4;1;15;1990;;
9;2;46;2;3;1;15;1990;;
10;2;46;1;3;1;4;                                                                                                    ;;
11;2;46;1;3;1;15;1990;;
12;2;46;1;3;1;12;1990;;
13;2;46;1;3;1;12;                                                                                                    ;;
14;2;46;2;3;1;14;                                                                                                    ;;
15;2;46;1;3;1;4;1990;;
16;2;46;1;3;1;12;1991;;
17;2;46;1;3;1;12;1987;;
18;2;46;1;3;1;4;1970;;
19;2;46;1;3;1;4;                                                                                                    ;;
20;2;46;1;3;1;12;1990;;
21;2;46;1;3;1;4;1974;;
22;2;46;1;3;1;4;                                                                                                    ;;
23;2;46;1;3;1;4;                                                                                                    ;;
24;2;46;1;3;1;12;1983;;
25;2;46;1;3;1;15;1990;;
26;2;46;1;3;1;12;1977;;
27;2;46;1;3;1;12;                                                                                                    ;;
28;2;46;1;3;1;4;1995;;
29;2;46;2;3;1;15;1992;;
30;2;46;1;3;1;15;1995;;
31;2;46;1;3;1;12;1965;;
32;2;46;2;3;1;15;1977;;
33;2;46;2;3;1;15;1985;;
34;2;46;1;3;1;4;1975;;
1;2;47;1;1;1;12;                                                                                                    ;;
2;2;47;1;1;1;12;                                                                                                    ;;
3;2;47;2;1;1;15;                                                                                                    ;;
4;2;47;1;1;1;15;                                                                                                    ;;
5;2;47;1;3;1;15;                                                                                                    ;;
6;2;47;1;1;1;12;                                                                                                    ;;
7;2;47;1;1;1;12;                                                                                                    ;;
8;2;47;1;3;1;12;                                                                                                    ;;
9;2;47;2;1;1;15;                                                                                                    ;;
10;2;47;2;1;1;12;                                                                                                    ;;
11;2;47;1;3;1;15;                                                                                                    ;;
12;2;47;1;1;1;14;                                                                                                    ;;
13;2;47;2;3;1;15;                                                                                                    ;;
14;2;47;1;3;1;12;                                                                                                    ;;
15;2;47;1;1;1;15;                                                                                                    ;;
16;2;47;1;3;1;15;                                                                                                    ;;
17;2;47;1;1;1;15;                                                                                                    ;;
18;2;47;1;3;1;15;                                                                                                    ;;
19;2;47;1;3;1;15;                                                                                                    ;;
20;2;47;1;3;1;15;                                                                                                    ;;
21;2;47;1;1;1;15;                                                                                                    ;;
22;2;47;1;3;1;15;                                                                                                    ;;
23;2;47;1;3;1;4;                                                                                                    ;;
24;2;47;1;3;1;15;                                                                                                    ;;
25;2;47;1;3;1;15;                                                                                                    ;;
26;2;47;1;3;1;15;                                                                                                    ;;
27;2;47;1;3;1;15;                                                                                                    ;;
28;2;47;1;3;1;15;                                                                                                    ;;
29;2;47;1;3;1;12;                                                                                                    ;;
30;2;47;1;3;1;12;                                                                                                    ;;
31;2;47;2;3;1;12;                                                                                                    ;;
32;2;47;2;3;1;15;                                                                                                    ;;
33;2;47;2;3;1;4;                                                                                                    ;;
34;2;47;2;3;1;4;                                                                                                    ;;
35;2;47;1;3;1;15;                                                                                                    ;;
36;2;47;1;3;1;15;                                                                                                    ;;
1;2;24;2;3;1;12;                                                                                                    ;;
2;2;24;1;1;1;12;                                                                                                    ;;
3;2;24;1;3;1;4;                                                                                                    ;;
4;2;24;1;3;1;4;                                                                                                    ;;
5;2;24;2;3;1;15;                                                                                                    ;;
6;2;24;1;3;1;15;                                                                                                    ;;
7;2;24;1;3;1;12;                                                                                                    ;;
8;2;24;1;3;1;15;                                                                                                    ;;
9;2;24;1;3;1;4;                                                                                                    ;;
10;2;24;2;1;1;15;                                                                                                    ;;
11;2;24;1;3;1;15;                                                                                                    ;;
12;2;24;1;3;1;4;                                                                                                    ;;
13;2;24;1;3;1;15;                                                                                                    ;;
14;2;24;1;3;1;15;                                                                                                    ;;
15;2;24;1;3;1;12;                                                                                                    ;;
16;2;24;1;3;1;12;                                                                                                    ;;
17;2;24;2;1;1;15;                                                                                                    ;;
18;2;24;2;3;1;15;                                                                                                    ;;
19;2;24;1;1;1;4;                                                                                                    ;;
20;2;24;2;3;1;15;                                                                                                    ;;
21;2;24;2;3;1;15;                                                                                                    ;;
22;2;24;1;3;1;4;                                                                                                    ;;
23;2;24;2;3;1;15;                                                                                                    ;;
24;2;24;2;3;1;15;                                                                                                    ;;
25;2;24;1;3;1;12;                                                                                                    ;;
26;2;24;2;3;1;12;                                                                                                    ;;
27;2;24;1;3;1;15;                                                                                                    ;;
28;2;24;1;3;1;15;                                                                                                    ;;
29;2;24;1;3;1;12;                                                                                                    ;;
30;2;24;1;3;1;15;                                                                                                    ;;
1;2;64;1;3;1;12;                                                                                                    ;;
2;2;64;1;3;1;12;                                                                                                    ;;
3;2;64;1;3;1;12;                                                                                                    ;;
4;2;64;1;3;1;4;                                                                                                    ;;
5;2;64;1;3;1;14;                                                                                                    ;;
6;2;64;1;3;1;12;                                                                                                    ;;
7;2;64;1;3;1;4;                                                                                                    ;;
8;2;64;2;3;1;12;                                                                                                    ;;
9;2;64;1;3;1;4;                                                                                                    ;;
10;2;64;1;3;1;12;                                                                                                    ;;
11;2;64;1;3;1;4;                                                                                                    ;;
12;2;64;1;3;1;4;                                                                                                    ;;
13;2;64;1;3;1;12;                                                                                                    ;;
14;2;64;2;3;1;12;                                                                                                    ;;
15;2;64;1;3;1;4;                                                                                                    ;;
16;2;64;1;3;1;4;                                                                                                    ;;
17;2;64;1;3;1;12;                                                                                                    ;;
18;2;64;1;3;1;4;                                                                                                    ;;
19;2;64;1;3;1;4;                                                                                                    ;;
20;2;64;2;3;1;12;                                                                                                    ;;
21;2;64;1;3;1;4;                                                                                                    ;;
22;2;64;1;3;1;12;                                                                                                    ;;
23;2;64;1;3;1;12;                                                                                                    ;;
24;2;64;1;3;1;12;                                                                                                    ;;
25;2;64;1;3;1;4;                                                                                                    ;;
26;2;64;1;3;1;4;                                                                                                    ;;
27;2;64;1;3;1;4;                                                                                                    ;;
28;2;64;1;3;1;12;                                                                                                    ;;
29;2;64;1;3;1;4;                                                                                                    ;;
30;2;64;2;3;1;4;                                                                                                    ;;
31;2;64;1;3;1;4;                                                                                                    ;;
32;2;64;1;1;1;4;                                                                                                    ;;
33;2;64;2;1;1;4;                                                                                                    ;;
34;2;64;2;1;1;4;                                                                                                    ;;
35;2;64;1;1;1;4;                                                                                                    ;;
36;2;64;1;3;1;12;                                                                                                    ;;
1;2;93;1;1;1;12;1981;;
2;2;93;1;1;1;12;1986;;
3;2;93;1;1;1;12;1983;;
4;2;93;1;1;1;12;1976;;
5;2;93;1;1;1;12;1974;;
6;2;93;1;3;1;4;1968;;
7;2;93;1;3;1;12;1983;;
8;2;93;1;3;1;12;1967;;
9;2;93;1;3;1;12;                                                                                                    ;;
10;2;93;1;3;1;12;1988;;
11;2;93;1;3;1;4;1988;;
12;2;93;1;3;1;4;1985;;
13;2;93;1;3;1;4;1982;;
14;2;93;1;3;1;4;1980;;
15;2;93;1;3;1;4;1991;;
16;2;93;1;3;1;4;1964;;
17;2;93;1;3;1;4;1976;;
18;2;93;1;3;1;4;                                                                                                    ;;
19;2;93;1;3;1;4;                                                                                                    ;;
20;2;93;1;3;1;4;1990;;
21;2;93;1;3;1;4;1985;;
22;2;93;1;3;1;4;1989;;
23;2;93;1;3;1;12;1990;;
24;2;93;1;3;1;4;1990;;
25;2;93;1;3;1;12;1983;;
1;2;68;1;3;1;12;                                                                                                    ;;
2;2;68;1;3;1;12;                                                                                                    ;;
3;2;68;1;3;1;4;                                                                                                    ;;
4;2;68;1;3;1;4;                                                                                                    ;;
5;2;68;1;3;1;4;                                                                                                    ;;
6;2;68;1;3;1;4;                                                                                                    ;;
7;2;68;1;3;1;4;                                                                                                    ;;
8;2;68;1;3;1;4;                                                                                                    ;;
9;2;68;1;3;1;4;                                                                                                    ;;
10;2;68;1;3;1;4;                                                                                                    ;;
11;2;68;1;3;1;4;                                                                                                    ;;
12;2;68;1;3;1;4;                                                                                                    ;;
13;2;68;1;3;9;4;                                                                                                    ;;
1;2;84;1;3;1;12;                                                                                                    ;;
2;2;84;1;3;1;12;                                                                                                    ;;
3;2;84;1;3;1;12;                                                                                                    ;;
4;2;84;1;3;1;4;                                                                                                    ;;
5;2;84;1;3;1;4;                                                                                                    ;;
6;2;84;1;3;2;4;                                                                                                    ;;
7;2;84;1;3;1;12;                                                                                                    ;;
8;2;84;1;3;1;12;                                                                                                    ;;
9;2;84;2;3;1;12;                                                                                                    ;;
10;2;84;2;3;1;4;                                                                                                    ;;
11;2;84;1;3;1;12;                                                                                                    ;;
12;2;84;1;3;1;4;                                                                                                    ;;
1;2;85;1;1;1;12;                                                                                                    ;;
2;2;85;2;1;1;4;                                                                                                    ;;
3;2;85;2;1;1;4;                                                                                                    ;;
4;2;85;1;3;1;12;                                                                                                    ;;
5;2;85;1;3;1;12;                                                                                                    ;;
6;2;85;1;3;1;12;                                                                                                    ;;
7;2;85;1;3;1;12;                                                                                                    ;;
8;2;85;1;3;1;12;                                                                                                    ;;
9;2;85;1;3;1;12;                                                                                                    ;;
10;2;85;1;3;1;4;                                                                                                    ;;
11;2;85;1;3;1;12;                                                                                                    ;;
12;2;85;1;3;1;12;                                                                                                    ;;
13;2;85;1;3;1;12;                                                                                                    ;;
14;2;85;1;3;1;12;                                                                                                    ;;
15;2;85;1;3;1;4;                                                                                                    ;;
16;2;85;1;3;1;4;                                                                                                    ;;
17;2;85;1;3;1;12;                                                                                                    ;;
18;2;85;1;3;1;12;                                                                                                    ;;
19;2;85;1;3;1;4;                                                                                                    ;;
20;2;85;1;3;1;12;                                                                                                    ;;
21;2;85;2;3;1;12;                                                                                                    ;;
22;2;85;1;3;1;12;                                                                                                    ;;
23;2;85;1;3;1;12;                                                                                                    ;;
24;2;85;1;3;1;4;                                                                                                    ;;
25;2;85;1;3;1;12;                                                                                                    ;;
26;2;85;1;3;1;4;                                                                                                    ;;
27;2;85;1;3;1;4;                                                                                                    ;;
28;2;85;1;3;1;4;                                                                                                    ;;
29;2;85;1;3;1;4;                                                                                                    ;;
30;2;85;1;3;1;4;                                                                                                    ;;
31;2;85;1;3;1;4;                                                                                                    ;;
32;2;85;2;3;1;4;                                                                                                    ;;
33;2;85;1;3;1;12;                                                                                                    ;;
34;2;85;2;3;1;4;                                                                                                    ;;
35;2;85;1;3;1;4;                                                                                                    ;;
36;2;85;1;3;1;4;                                                                                                    ;;
37;2;85;1;3;8;4;                                                                                                    ;;
38;2;85;1;3;1;4;                                                                                                    ;;
39;2;85;1;3;1;4;                                                                                                    ;;
40;2;85;2;3;1;4;                                                                                                    ;;
41;2;85;1;3;1;4;                                                                                                    ;;
1;2;134;1;1;1;4;1973;;
2;2;134;1;1;1;4;1972;;
3;2;134;1;1;1;4;1966;;
4;2;134;1;1;1;4;1972;;
5;2;134;1;1;1;4;1981;;
6;2;134;1;1;1;4;1970;;
7;2;134;2;1;1;4;1972;;
8;2;134;2;1;1;4;1975;;
9;2;134;1;1;1;4;1968;;
10;2;134;1;1;1;4;1977;;
11;2;134;1;1;1;4;1974;;
12;2;134;1;1;1;4;1974;;
13;2;134;1;1;1;4;1980;;
14;2;134;1;1;1;4;1978;;
15;2;134;1;1;1;4;1979;;
16;2;134;1;1;1;4;1974;;
17;2;134;1;1;1;4;1984;;
18;2;134;1;1;1;4;1982;;
19;2;134;1;1;1;4;1975;;
20;2;134;1;1;1;4;1988;;
21;2;134;1;1;1;4;1979;;
22;2;134;1;1;1;4;1967;;
23;2;134;1;1;1;4;1988;;
24;2;134;1;1;1;4;1988;;
25;2;134;1;1;1;4;1964;;
26;2;134;1;1;1;4;1990;;
27;2;134;1;1;1;4;1979;;
28;2;134;1;1;1;4;1974;;
29;2;134;1;1;1;4;1972;;
30;2;134;1;1;1;4;1975;;
31;2;134;1;1;1;4;1977;;
32;2;134;1;1;1;4;1966;;
33;2;134;1;1;1;4;1969;;
34;2;134;1;1;1;4;1974;;
35;2;134;2;1;1;4;1975;;
36;2;134;1;1;1;4;1971;;
37;2;134;1;1;1;4;1974;;
38;2;134;2;1;1;4;1975;;
39;2;134;1;1;1;4;1972;;
40;2;134;1;1;1;4;1983;;
41;2;134;1;1;1;4;1967;;
42;2;134;1;1;1;4;1983;;
43;2;134;1;1;1;4;1977;;
44;2;134;2;1;1;4;1972;;
45;2;134;1;1;1;4;1982;;
46;2;134;1;1;1;4;1976;;
47;2;134;1;1;1;4;1980;;
48;2;134;1;1;1;4;1983;;
49;2;134;1;1;1;4;1979;;
50;2;134;2;1;1;4;1983;;
51;2;134;1;1;1;4;1982;;
52;2;134;1;1;1;4;1988;;
53;2;134;1;1;1;4;1981;;
54;2;134;1;1;1;4;1985;;
55;2;134;1;1;1;4;1990;;
56;2;134;1;1;1;4;1990;;
57;2;134;1;1;1;4;1974;;
58;2;134;1;1;1;4;1976;;
59;2;134;1;1;1;4;1975;;
60;2;134;1;1;1;4;1971;;
61;2;134;1;1;1;4;1984;;
62;2;134;1;1;1;4;1983;;
63;2;134;1;1;1;4;1981;;
64;2;134;1;1;1;4;1984;;
65;2;134;1;1;1;4;1971;;
66;2;134;1;1;1;4;1981;;
67;2;134;1;1;1;4;1984;;
68;2;134;1;1;1;4;1980;;
69;2;134;1;1;1;4;1978;;
70;2;134;1;1;1;4;1989;;
71;2;134;1;1;1;4;1984;;
72;2;134;1;1;1;4;1986;;
73;2;134;1;1;1;4;1981;;
74;2;134;1;1;1;4;1971;;
75;2;134;1;1;1;4;1974;;
76;2;134;1;1;1;4;1977;;
77;2;134;1;1;1;4;1964;;
78;2;134;1;1;1;4;1986;;
79;2;134;1;1;1;4;1967;;
80;2;134;1;1;8;4;1976;;
81;2;134;1;1;1;4;1986;;
82;2;134;1;1;1;4;1973;;
83;2;134;1;1;1;4;1976;;
84;2;134;1;1;1;4;1983;;
85;2;134;1;1;1;4;1979;;
86;2;134;1;1;1;4;1987;;
87;2;134;1;1;1;4;1985;;
88;2;134;1;1;1;4;1970;;
89;2;134;1;1;1;4;1974;;
90;2;134;1;1;1;4;1971;;
91;2;134;1;1;1;4;1987;;
92;2;134;1;1;1;4;1990;;
1;2;241;1;2;1;12;1984;;
2;2;241;1;2;1;4;1984;;
3;2;241;1;1;1;4;1985;;
4;2;241;1;2;1;12;1984;;
5;2;241;1;2;1;4;1990;;
6;2;241;1;2;1;4;1990;;
7;2;241;1;2;1;4;1977;;
8;2;241;1;1;1;12;1982;;
1;2;3;1;1;1;12;                                                                                                    ;;
2;2;3;1;1;1;12;1983;;
3;2;3;1;1;1;12;1983;;
4;2;3;1;1;1;12;                                                                                                    ;;
5;2;3;1;1;1;12;1995;;
6;2;3;1;1;1;4;                                                                                                    ;;
7;2;3;1;3;1;4;                                                                                                    ;;
8;2;3;1;3;1;12;                                                                                                    ;;
9;2;3;1;3;1;12;                                                                                                    ;;
10;2;3;1;3;1;4;                                                                                                    ;;
1;2;4;1;3;1;4;1977;;
2;2;4;1;3;1;4;1979;;
3;2;4;1;3;1;4;1988;;
4;2;4;1;3;1;4;1990;;
5;2;4;1;3;1;4;1990;;
6;2;4;1;3;1;4;1984;;
7;2;4;2;3;1;4;1969;;
8;2;4;1;3;1;4;1981;;
9;2;4;1;3;1;4;1990;;
10;2;4;1;3;1;4;1983;;
11;2;4;2;3;1;4;1987;;
12;2;4;1;3;1;4;1977;;
13;2;4;1;3;1;4;1990;;
14;2;4;1;3;1;4;                                                                                                    ;;
15;2;4;2;3;1;4;                                                                                                    ;;
16;2;4;1;3;7;4;                                                                                                    ;;
17;2;4;1;3;1;4;                                                                                                    ;;
18;2;4;2;3;1;4;                                                                                                    ;;
19;2;4;1;3;1;4;                                                                                                    ;;
20;2;4;1;3;1;4;                                                                                                    ;;
21;2;4;1;3;1;4;                                                                                                    ;;
22;2;4;1;3;1;4;                                                                                                    ;;
23;2;4;1;3;7;4;                                                                                                    ;;
24;2;4;1;3;1;4;                                                                                                    ;;
25;2;4;1;3;1;4;                                                                                                    ;;
26;2;4;1;3;1;4;                                                                                                    ;;
27;2;4;1;3;1;4;                                                                                                    ;;
28;2;4;1;3;1;4;                                                                                                    ;;
29;2;4;1;3;1;4;                                                                                                    ;;
30;2;4;1;3;1;4;                                                                                                    ;;
31;2;4;1;3;1;4;                                                                                                    ;;
32;2;4;1;3;1;4;                                                                                                    ;;
33;2;4;1;3;1;4;                                                                                                    ;;
1;2;55;1;1;1;4;                                                                                                    ;;
2;2;55;1;1;1;4;                                                                                                    ;;
3;2;55;1;1;1;15;                                                                                                    ;;
4;2;55;1;1;1;4;                                                                                                    ;;
5;2;55;2;1;1;4;                                                                                                    ;;
6;2;55;1;1;1;4;                                                                                                    ;;
7;2;55;1;1;1;4;                                                                                                    ;;
8;2;55;1;1;1;4;                                                                                                    ;;
9;2;55;2;1;1;4;                                                                                                    ;;
10;2;55;1;1;1;15;                                                                                                    ;;
11;2;55;1;1;1;4;                                                                                                    ;;
12;2;55;1;1;1;12;                                                                                                    ;;
13;2;55;1;1;1;15;                                                                                                    ;;
14;2;55;1;1;1;15;                                                                                                    ;;
15;2;55;1;1;1;15;                                                                                                    ;;
16;2;55;1;1;1;15;                                                                                                    ;;
17;2;55;1;1;1;15;                                                                                                    ;;
18;2;55;1;1;1;15;                                                                                                    ;;
19;2;55;1;1;1;15;                                                                                                    ;;
20;2;55;2;1;1;15;                                                                                                    ;;
21;2;55;1;1;1;4;                                                                                                    ;;
22;2;55;1;1;1;4;                                                                                                    ;;
23;2;55;1;1;1;4;                                                                                                    ;;
24;2;55;1;2;1;4;                                                                                                    ;;
25;2;55;1;1;1;4;                                                                                                    ;;
26;2;55;1;1;1;4;                                                                                                    ;;
27;2;55;1;1;1;4;                                                                                                    ;;
28;2;55;2;1;1;15;                                                                                                    ;;
29;2;55;2;1;1;15;                                                                                                    ;;
30;2;55;1;1;1;4;                                                                                                    ;;
31;2;55;1;1;1;15;                                                                                                    ;;
32;2;55;2;1;1;15;                                                                                                    ;;
33;2;55;1;1;1;4;                                                                                                    ;;
34;2;55;2;1;1;15;                                                                                                    ;;
35;2;55;2;1;1;4;                                                                                                    ;;
36;2;55;2;1;1;15;                                                                                                    ;;
37;2;55;2;1;1;15;                                                                                                    ;;
38;2;55;1;1;1;4;                                                                                                    ;;
39;2;55;1;2;1;4;                                                                                                    ;;
40;2;55;2;1;1;12;                                                                                                    ;;
41;2;55;1;1;1;4;                                                                                                    ;;
42;2;55;1;1;1;15;                                                                                                    ;;
43;2;55;2;2;1;12;                                                                                                    ;;
44;2;55;2;1;1;15;                                                                                                    ;;
45;2;55;2;1;1;15;                                                                                                    ;;
46;2;55;1;2;1;15;                                                                                                    ;;
47;2;55;2;1;1;15;                                                                                                    ;;
48;2;55;1;1;1;4;                                                                                                    ;;
49;2;55;2;2;1;15;                                                                                                    ;;
50;2;55;1;2;1;15;                                                                                                    ;;
51;2;55;2;1;1;15;                                                                                                    ;;
52;2;55;2;2;1;15;                                                                                                    ;;
53;2;55;2;2;1;15;                                                                                                    ;;
54;2;55;1;2;1;4;                                                                                                    ;;
55;2;55;1;1;1;4;                                                                                                    ;;
56;2;55;2;1;1;4;                                                                                                    ;;
57;2;55;1;1;1;4;                                                                                                    ;;
1;2;17;2;3;1;4;                                                                                                    ;;
2;2;17;1;3;2;4;                                                                                                    ;;
3;2;17;1;3;1;4;                                                                                                    ;;
4;2;17;1;3;1;4;                                                                                                    ;;
5;2;17;1;3;1;4;                                                                                                    ;;
6;2;17;2;3;1;4;                                                                                                    ;;
7;2;17;1;3;1;4;                                                                                                    ;;
8;2;17;1;3;1;4;1972;;
9;2;17;1;3;1;4;                                                                                                    ;;
10;2;17;1;3;1;4;                                                                                                    ;;
11;2;17;1;3;1;4;                                                                                                    ;;
12;2;17;1;3;1;4;                                                                                                    ;;
13;2;17;2;3;1;4;                                                                                                    ;;
14;2;17;1;3;1;4;                                                                                                    ;;
15;2;17;1;3;1;15;                                                                                                    ;;
16;2;17;1;3;1;15;                                                                                                    ;;
1;2;240;1;1;1;15;                                                                                                    ;;
2;2;240;1;1;1;15;                                                                                                    ;;
3;2;240;1;1;1;15;                                                                                                    ;;
4;2;240;2;1;1;15;                                                                                                    ;;
5;2;240;2;1;1;15;                                                                                                    ;;
6;2;240;1;3;1;15;                                                                                                    ;;
7;2;240;1;3;1;12;                                                                                                    ;;
8;2;240;1;3;1;12;                                                                                                    ;;
9;2;240;1;3;1;15;                                                                                                    ;;
10;2;240;1;3;1;15;                                                                                                    ;;
11;2;240;1;3;1;15;                                                                                                    ;;
12;2;240;1;3;1;15;                                                                                                    ;;
13;2;240;1;3;1;15;                                                                                                    ;;
14;2;240;1;3;1;15;                                                                                                    ;;
15;2;240;1;3;1;15;                                                                                                    ;;
16;2;240;1;3;1;15;                                                                                                    ;;
17;2;240;2;3;1;15;                                                                                                    ;;
18;2;240;1;3;1;15;                                                                                                    ;;
19;2;240;1;3;1;15;                                                                                                    ;;
20;2;240;1;3;1;15;                                                                                                    ;;
21;2;240;1;3;1;15;                                                                                                    ;;
22;2;240;1;3;1;12;                                                                                                    ;;
23;2;240;1;3;1;12;                                                                                                    ;;
24;2;240;1;3;1;12;                                                                                                    ;;
25;2;240;1;3;1;15;                                                                                                    ;;
26;2;240;1;3;1;12;                                                                                                    ;;
27;2;240;1;3;1;15;                                                                                                    ;;
28;2;240;1;3;2;15;                                                                                                    ;;
29;2;240;1;3;1;15;                                                                                                    ;;
30;2;240;1;3;1;15;                                                                                                    ;;
31;2;240;1;3;1;15;                                                                                                    ;;
32;2;240;1;3;1;15;                                                                                                    ;;
33;2;240;1;3;1;15;                                                                                                    ;;
34;2;240;2;3;1;15;                                                                                                    ;;
35;2;240;2;3;1;15;                                                                                                    ;;
36;2;240;2;3;1;15;                                                                                                    ;;
37;2;240;1;3;1;12;                                                                                                    ;;
38;2;240;1;3;1;12;                                                                                                    ;;
39;2;240;1;3;1;12;                                                                                                    ;;
40;2;240;1;3;1;15;                                                                                                    ;;
41;2;240;2;3;1;15;                                                                                                    ;;
42;2;240;2;3;2;12;                                                                                                    ;;
43;2;240;1;3;1;15;                                                                                                    ;;
44;2;240;1;3;1;12;                                                                                                    ;;
45;2;240;1;3;1;15;                                                                                                    ;;
46;2;240;2;3;1;15;                                                                                                    ;;
47;2;240;1;3;1;15;                                                                                                    ;;
48;2;240;1;3;1;15;                                                                                                    ;;
49;2;240;1;3;1;15;                                                                                                    ;;
50;2;240;1;3;1;15;                                                                                                    ;;
51;2;240;1;3;1;15;                                                                                                    ;;
52;2;240;1;3;1;12;                                                                                                    ;;
53;2;240;2;3;1;15;                                                                                                    ;;
54;2;240;1;3;1;15;                                                                                                    ;;
1;2;35;1;1;1;12;                                                                                                    ;;
2;2;35;1;1;1;12;                                                                                                    ;;
3;2;35;1;1;1;12;                                                                                                    ;;
4;2;35;1;1;1;12;                                                                                                    ;;
5;2;35;1;1;1;12;                                                                                                    ;;
6;2;35;1;1;1;12;                                                                                                    ;;
7;2;35;1;1;1;12;                                                                                                    ;;
8;2;35;1;1;1;12;                                                                                                    ;;
9;2;35;1;1;1;12;                                                                                                    ;;
10;2;35;1;1;1;12;                                                                                                    ;;
11;2;35;1;1;1;12;                                                                                                    ;;
12;2;35;1;1;1;12;                                                                                                    ;;
13;2;35;1;1;1;4;                                                                                                    ;;
14;2;35;1;1;1;12;                                                                                                    ;;
15;2;35;1;1;1;12;                                                                                                    ;;
16;2;35;1;1;1;12;                                                                                                    ;;
17;2;35;1;1;1;12;                                                                                                    ;;
18;2;35;1;2;1;4;                                                                                                    ;;
19;2;35;1;2;1;4;                                                                                                    ;;
20;2;35;1;2;1;4;                                                                                                    ;;
21;2;35;1;2;1;4;                                                                                                    ;;
22;2;35;1;2;1;4;                                                                                                    ;;
23;2;35;1;2;1;4;                                                                                                    ;;
24;2;35;1;2;1;4;                                                                                                    ;;
25;2;35;1;2;1;4;                                                                                                    ;;
1;2;62;1;3;1;4;                                                                                                    ;;
2;2;62;1;3;1;4;                                                                                                    ;;
3;2;62;1;1;1;4;                                                                                                    ;;
4;2;62;1;1;1;4;                                                                                                    ;;
5;2;62;1;3;1;4;                                                                                                    ;;
6;2;62;1;3;1;4;                                                                                                    ;;
7;2;62;1;3;1;4;                                                                                                    ;;
8;2;62;1;3;1;12;                                                                                                    ;;
9;2;62;1;3;1;4;                                                                                                    ;;
10;2;62;2;3;1;4;                                                                                                    ;;
11;2;62;2;3;1;4;                                                                                                    ;;
12;2;62;1;3;1;4;                                                                                                    ;;
13;2;62;1;3;1;4;                                                                                                    ;;
14;2;62;1;3;1;4;                                                                                                    ;;
15;2;62;1;3;8;4;                                                                                                    ;;
16;2;62;1;3;1;4;                                                                                                    ;;
17;2;62;1;3;1;4;                                                                                                    ;;
18;2;62;2;3;1;4;                                                                                                    ;;
19;2;62;1;3;1;4;                                                                                                    ;;
20;2;62;1;3;1;12;                                                                                                    ;;
21;2;62;2;3;1;4;                                                                                                    ;;
22;2;62;1;3;1;12;                                                                                                    ;;
23;2;62;1;3;1;4;                                                                                                    ;;
24;2;62;1;3;1;4;                                                                                                    ;;
25;2;62;1;3;1;4;                                                                                                    ;;
26;2;62;1;3;1;4;                                                                                                    ;;
27;2;62;2;3;1;4;                                                                                                    ;;
28;2;62;1;3;1;4;                                                                                                    ;;
29;2;62;1;3;1;12;                                                                                                    ;;
30;2;62;1;3;1;12;                                                                                                    ;;
1;2;29;1;3;1;4;                                                                                                    ;;
2;2;29;1;3;1;4;                                                                                                    ;;
3;2;29;1;3;1;4;                                                                                                    ;;
4;2;29;1;3;1;14;                                                                                                    ;;
5;2;29;1;1;1;14;                                                                                                    ;;
6;2;29;2;3;1;14;                                                                                                    ;;
7;2;29;1;3;1;14;                                                                                                    ;;
8;2;29;1;3;1;14;                                                                                                    ;;
9;2;29;1;3;1;14;                                                                                                    ;;
10;2;29;1;3;1;4;                                                                                                    ;;
11;2;29;2;3;1;14;                                                                                                    ;;
12;2;29;1;1;1;4;                                                                                                    ;;
13;2;29;1;3;1;14;                                                                                                    ;;
14;2;29;1;3;1;14;                                                                                                    ;;
15;2;29;1;3;1;14;                                                                                                    ;;
16;2;29;1;3;1;4;                                                                                                    ;;
1;2;43;1;3;1;15;                                                                                                    ;;
2;2;43;1;3;1;14;                                                                                                    ;;
3;2;43;1;3;1;15;                                                                                                    ;;
4;2;43;1;3;1;4;                                                                                                    ;;
5;2;43;2;3;1;15;                                                                                                    ;;
6;2;43;1;1;1;15;                                                                                                    ;;
7;2;43;2;3;1;14;                                                                                                    ;;
8;2;43;1;3;1;4;                                                                                                    ;;
9;2;43;1;3;1;14;                                                                                                    ;;
10;2;43;1;3;1;4;                                                                                                    ;;
11;2;43;1;3;1;15;                                                                                                    ;;
12;2;43;1;3;1;15;                                                                                                    ;;
13;2;43;1;1;1;15;                                                                                                    ;;
14;2;43;2;1;1;15;                                                                                                    ;;
15;2;43;1;3;1;14;                                                                                                    ;;
16;2;43;1;3;1;15;                                                                                                    ;;
17;2;43;1;3;1;14;                                                                                                    ;;
18;2;43;2;1;1;15;                                                                                                    ;;
19;2;43;1;3;1;15;                                                                                                    ;;
20;2;43;1;3;1;14;                                                                                                    ;;
21;2;43;1;3;1;15;                                                                                                    ;;
22;2;43;1;3;1;14;                                                                                                    ;;
23;2;43;2;3;1;4;                                                                                                    ;;
24;2;43;1;3;1;15;                                                                                                    ;;
25;2;43;1;3;1;15;                                                                                                    ;;
26;2;43;1;3;1;4;                                                                                                    ;;
27;2;43;1;1;1;14;                                                                                                    ;;
28;2;43;1;3;1;14;                                                                                                    ;;
29;2;43;1;3;1;14;                                                                                                    ;;
30;2;43;1;3;1;14;                                                                                                    ;;
31;2;43;2;3;1;15;                                                                                                    ;;
1;2;50;1;3;1;4;                                                                                                    ;;
2;2;50;1;3;1;15;                                                                                                    ;;
3;2;50;1;3;1;4;                                                                                                    ;;
4;2;50;1;3;1;4;                                                                                                    ;;
5;2;50;2;3;1;4;                                                                                                    ;;
6;2;50;2;3;1;4;                                                                                                    ;;
7;2;50;1;3;1;4;                                                                                                    ;;
8;2;50;1;1;2;4;                                                                                                    ;;
9;2;50;1;3;1;12;                                                                                                    ;;
10;2;50;1;3;1;4;                                                                                                    ;;
11;2;50;1;3;1;4;                                                                                                    ;;
12;2;50;1;3;1;4;                                                                                                    ;;
13;2;50;1;3;1;4;                                                                                                    ;;
14;2;50;1;3;1;4;                                                                                                    ;;
15;2;50;1;2;2;12;                                                                                                    ;;
16;2;50;1;3;2;4;                                                                                                    ;;
1;2;67;1;3;1;12;1963;;
2;2;67;1;3;1;12;1992;;
3;2;67;1;3;2;12;1963;;
4;2;67;1;3;1;12;1971;;
5;2;67;1;3;1;12;1990;;
6;2;67;1;3;1;12;1990;;
7;2;67;1;3;1;12;1990;;
8;2;67;1;3;1;12;1990;;
9;2;67;1;1;1;12;1990;;
10;2;67;1;1;1;4;1982;;
11;2;67;1;1;1;12;1990;;
12;2;67;1;1;1;4;1990;;
13;2;67;1;1;2;12;1990;;
14;2;67;1;3;1;12;1990;;
15;2;67;1;3;10;15;1990;;
16;2;67;1;3;10;12;1990;;
1;2;77;1;1;1;12;                                                                                                    ;;
2;2;77;1;1;1;12;                                                                                                    ;;
3;2;77;1;1;1;12;                                                                                                    ;;
4;2;77;1;1;1;12;                                                                                                    ;;
5;2;77;1;1;1;12;                                                                                                    ;;
6;2;77;1;3;1;12;                                                                                                    ;;
7;2;77;1;3;1;12;                                                                                                    ;;
8;2;77;1;3;1;12;                                                                                                    ;;
9;2;77;1;3;1;12;                                                                                                    ;;
10;2;77;2;3;1;4;                                                                                                    ;;
11;2;77;1;3;1;12;                                                                                                    ;;
12;2;77;1;3;1;12;                                                                                                    ;;
13;2;77;1;3;1;12;                                                                                                    ;;
14;2;77;1;3;1;12;                                                                                                    ;;
15;2;77;1;3;1;4;                                                                                                    ;;
16;2;77;1;3;1;4;                                                                                                    ;;
1;2;148;1;1;1;4;1961;;
2;2;148;1;1;1;4;1974;;
3;2;148;1;1;1;4;1976;;
4;2;148;1;1;1;4;1961;;
5;2;148;1;1;1;4;1962;;
6;2;148;1;1;1;4;1963;;
7;2;148;1;1;1;4;1965;;
8;2;148;1;1;1;4;1968;;
9;2;148;1;1;1;4;1968;;
10;2;148;1;1;1;4;1968;;
11;2;148;1;1;1;4;1969;;
12;2;148;1;1;1;4;1969;;
13;2;148;1;1;1;4;1970;;
14;2;148;1;1;1;4;1971;;
15;2;148;1;1;1;4;1971;;
16;2;148;1;1;1;4;1972;;
17;2;148;1;1;1;4;1974;;
18;2;148;1;1;1;4;1974;;
19;2;148;1;1;1;4;1973;;
20;2;148;1;1;1;4;1975;;
21;2;148;1;1;1;4;1975;;
22;2;148;1;1;1;4;1975;;
23;2;148;1;1;1;4;1976;;
24;2;148;2;1;1;4;1975;;
25;2;148;1;1;1;4;1976;;
26;2;148;1;1;1;4;1977;;
27;2;148;1;1;1;4;1976;;
28;2;148;1;1;1;4;1978;;
29;2;148;1;1;1;4;1977;;
30;2;148;1;1;1;4;1982;;
31;2;148;1;1;1;4;1981;;
32;2;148;1;1;1;4;1961;;
33;2;148;1;1;1;4;1963;;
34;2;148;1;1;1;4;1964;;
35;2;148;1;1;1;4;1965;;
36;2;148;1;1;1;4;1968;;
37;2;148;1;1;1;4;1968;;
38;2;148;1;1;1;4;1970;;
39;2;148;1;1;1;4;1971;;
40;2;148;1;1;1;4;1971;;
41;2;148;1;1;1;4;1973;;
42;2;148;2;1;1;4;1973;;
43;2;148;1;1;1;4;1975;;
44;2;148;1;1;1;4;1976;;
45;2;148;1;1;1;4;1975;;
46;2;148;1;1;1;4;1977;;
47;2;148;1;1;8;4;1978;;
48;2;148;1;1;1;4;1979;;
49;2;148;1;1;1;4;1981;;
50;2;148;1;1;1;4;1981;;
51;2;148;1;1;1;4;1980;;
52;2;148;1;1;1;4;1981;;
53;2;148;1;1;1;4;1983;;
54;2;148;1;1;1;4;1983;;
55;2;148;1;1;1;4;1982;;
56;2;148;1;1;2;4;1983;;
57;2;148;1;1;1;4;1985;;
58;2;148;1;1;1;4;1988;;
59;2;148;1;1;1;4;1989;;
60;2;148;1;1;1;4;1967;;
61;2;148;1;1;1;4;1968;;
62;2;148;1;1;1;4;1969;;
63;2;148;2;1;1;4;1969;;
64;2;148;1;1;1;4;1972;;
65;2;148;1;1;1;4;1971;;
66;2;148;1;1;1;4;1972;;
67;2;148;2;1;1;4;1973;;
68;2;148;1;1;1;4;1974;;
69;2;148;1;1;1;4;1974;;
70;2;148;1;1;1;4;1974;;
71;2;148;1;1;1;4;1976;;
72;2;148;1;1;1;4;1976;;
73;2;148;1;1;1;4;1975;;
74;2;148;1;1;1;4;1976;;
75;2;148;1;1;1;4;1976;;
76;2;148;1;1;1;4;1976;;
77;2;148;1;1;1;4;1977;;
78;2;148;1;1;1;4;1979;;
79;2;148;1;1;1;4;1982;;
80;2;148;1;1;1;4;1982;;
81;2;148;1;1;1;4;1981;;
82;2;148;1;1;1;4;1981;;
83;2;148;1;1;1;4;1982;;
84;2;148;1;1;1;4;1982;;
85;2;148;1;1;1;4;1985;;
86;2;148;1;1;1;4;1985;;
87;2;148;1;1;1;4;1984;;
88;2;148;1;1;1;4;1985;;
89;2;148;1;1;1;4;1985;;
90;2;148;1;1;1;4;1986;;
91;2;148;1;1;1;4;1985;;
92;2;148;1;1;1;4;1986;;
93;2;148;1;1;1;4;1986;;
94;2;148;1;1;1;4;1987;;
95;2;148;1;1;1;4;1988;;
96;2;148;1;1;1;4;1989;;
97;2;148;1;1;1;4;1988;;
98;2;148;1;1;1;4;1974;;
99;2;148;1;1;1;4;1968;;
100;2;148;1;1;1;4;1986;;
101;2;148;1;1;1;4;1990;;
102;2;148;1;1;1;4;1967;;
103;2;148;1;1;1;4;1967;;
104;2;148;1;1;1;4;21/05/1905;;
105;2;148;1;1;1;4;23/04/1967;;
106;2;148;1;1;1;4;19/10/1971;;
107;2;148;1;1;1;4;07/06/1971;;
108;2;148;1;1;1;4;30/11/1975;;
109;2;148;1;1;1;4;01/01/1976;;
110;2;148;1;1;1;4;30/10/1976;;
111;2;148;2;1;1;4;20/11/1977;;
112;2;148;1;1;1;4;01/01/1978;;
113;2;148;1;1;1;4;13/11/1979;;
114;2;148;1;1;1;4;01/01/1980;;
115;2;148;1;1;1;4;01/01/1982;;
116;2;148;1;1;1;4;28/05/1982;;
117;2;148;2;1;1;4;14/07/1983;;
118;2;148;1;1;1;4;22/03/1985;;
119;2;148;1;1;1;4;07/08/1986;;
120;2;148;1;1;1;4;24/10/1986;;
121;2;148;1;1;1;4;01/01/1987;;
122;2;148;1;1;1;4;25/11/1987;;
123;2;148;1;1;1;4;11/04/1989;;
124;2;148;1;1;1;4;26/07/1990;;
125;2;148;1;1;1;4;06/01/1993;;
126;2;148;1;1;1;4;20/07/1992;;
127;2;148;1;1;1;4;30/05/1974;;
128;2;148;1;1;2;4;13/05/1979;;
129;2;148;1;1;1;4;01/01/1983;;
130;2;148;2;1;1;4;08/05/1986;;
131;2;148;1;1;2;4;27/05/1990;;
132;2;148;1;1;2;4;12/12/1991;;
1;2;92;1;3;1;14;1970;;
2;2;92;1;3;1;14;1988;;
3;2;92;1;3;1;14;1985;;
4;2;92;1;3;1;14;1989;;
5;2;92;1;3;1;14;1983;;
6;2;92;1;3;8;14;1971;;
7;2;92;1;3;1;14;1969;;
8;2;92;1;3;1;14;1990;;
9;2;92;1;3;1;14;1978;;
10;2;92;1;3;1;14;1965;;
11;2;92;1;3;1;13;1960;;
12;2;92;2;3;1;14;1985;;
13;2;92;1;3;3;14;1970;;
14;2;92;1;3;1;15;1980;;
15;2;92;1;3;1;15;1969;;
16;2;92;1;3;1;14;1980;;
17;2;92;1;3;1;15;1990;;
18;2;92;1;3;2;14;1985;;
19;2;92;1;3;2;14;1987;;
20;2;92;1;3;1;14;1970;;
21;2;92;1;3;1;15;1996;;
22;2;92;1;3;1;14;1982;;
23;2;92;1;3;1;14;1975;;
24;2;92;1;3;1;14;1962;;
25;2;92;1;3;1;15;1993;;
26;2;92;1;3;1;14;1965;;
27;2;92;1;3;1;15;1992;;
28;2;92;1;3;1;14;1973;;
29;2;92;1;3;2;14;1989;;
30;2;92;1;3;1;13;1987;;
31;2;92;1;3;2;13;1984;;
32;2;92;1;3;1;14;1990;;
33;2;92;1;3;1;14;1968;;
34;2;92;1;3;1;15;1967;;
35;2;92;1;3;1;14;1971;;
36;2;92;1;3;1;14;1988;;
37;2;92;1;3;1;14;1989;;
38;2;92;1;3;1;14;1983;;
39;2;92;1;3;1;15;1962;;
40;2;92;1;3;1;15;1964;;
41;2;92;1;3;8;13;1980;;
42;2;92;1;3;1;13;1968;;
43;2;92;2;3;1;14;1990;;
1;2;86;1;1;1;12;1985;;
2;2;86;1;1;1;13;1984;;
3;2;86;1;1;1;13;1992;;
4;2;86;2;1;1;15;1961;;
5;2;86;2;1;1;15;1967;;
6;2;86;2;1;1;15;1962;;
7;2;86;1;1;1;15;1964;;
8;2;86;2;1;1;15;1969;;
9;2;86;2;1;1;15;1980;;
10;2;86;2;1;1;15;1981;;
11;2;86;2;1;1;13;1986;;
12;2;86;1;1;1;13;1968;;
13;2;86;2;1;1;15;1988;;
14;2;86;1;1;1;15;1997;;
15;2;86;2;1;1;13;1996;;
16;2;86;1;1;1;13;1995;;
17;2;86;2;4;1;15;1995;;
18;2;86;1;3;1;12;1991;;
19;2;86;1;3;1;12;1989;;
20;2;86;2;3;1;12;1990;;
21;2;86;2;3;1;12;1988;;
22;2;86;1;3;1;12;1960;;
23;2;86;1;3;1;12;1969;;
24;2;86;1;3;1;12;1968;;
25;2;86;1;3;1;12;1975;;
26;2;86;1;3;1;13;1990;;
27;2;86;2;3;1;13;1995;;
28;2;86;2;3;1;13;1967;;
29;2;86;2;3;1;13;1961;;
30;2;86;2;3;1;15;1983;;
31;2;86;1;3;1;13;1967;;
32;2;86;1;3;1;13;1966;;
33;2;86;1;3;1;13;1982;;
34;2;86;1;3;1;13;1973;;
35;2;86;1;3;1;13;1966;;
36;2;86;1;3;1;13;1974;;
37;2;86;1;3;1;13;1994;;
38;2;86;1;3;1;13;1984;;
39;2;86;1;3;1;13;1986;;
40;2;86;1;3;1;13;1954;;
41;2;86;1;3;1;13;1986;;
42;2;86;1;3;1;13;1992;;
43;2;86;1;3;1;13;1984;;
44;2;86;1;3;1;13;1972;;
45;2;86;1;3;1;12;13/05/1905;;
1;2;89;1;3;1;15;30/09/1992;;
2;2;89;1;3;1;13;06/11/1987;;
3;2;89;1;1;1;15;01/01/2000;;
4;2;89;1;3;2;15;09/08/1989;;
5;2;89;1;3;1;13;23/05/1991;;
6;2;89;1;3;2;13;09/02/1981;;
7;2;89;1;3;1;13;10/01/1990;;
8;2;89;1;3;1;13;03/01/1969;;
9;2;89;1;3;2;13;01/01/1965;;
10;2;89;1;1;1;13;13/05/1984;;
11;2;89;1;1;1;15;01/02/1994;;
12;2;89;1;2;1;12;1986;;
1;2;101;1;1;1;13;1977;;
2;2;101;1;1;1;13;1979;;
3;2;101;1;1;1;12;1976;;
4;2;101;1;1;1;13;1983;;
5;2;101;1;1;1;15;1983;;
6;2;101;1;1;1;13;1984;;
7;2;101;1;1;1;13;1979;;
8;2;101;1;3;1;15;1959;;
9;2;101;1;3;1;13;1974;;
10;2;101;1;3;1;13;1975;;
11;2;101;1;3;1;15;1959;;
12;2;101;1;3;1;15;1952;;
13;2;101;1;3;1;13;1969;;
14;2;101;1;3;1;13;1984;;
15;2;101;1;3;1;13;1978;;
16;2;101;1;3;1;15;1964;;
17;2;101;1;3;1;13;1969;;
18;2;101;1;3;1;12;1969;;
19;2;101;1;3;1;15;1972;;
20;2;101;1;3;1;12;1979;;
21;2;101;1;3;1;13;1974;;
22;2;101;1;3;1;12;1974;;
23;2;101;1;3;1;12;1969;;
24;2;101;1;3;1;12;1978;;
25;2;101;1;3;1;12;1969;;
26;2;101;1;3;1;12;1970;;
27;2;101;1;3;1;13;1983;;
28;2;101;1;3;1;12;1974;;
29;2;101;1;3;1;13;1969;;
30;2;101;1;3;1;13;1977;;
31;2;101;1;3;1;15;1960;;
32;2;101;1;3;1;15;1960;;
33;2;101;1;3;1;15;1969;;
34;2;101;1;3;1;13;1956;;
35;2;101;1;3;1;13;1969;;
36;2;101;1;3;1;12;1956;;
37;2;101;1;3;1;13;1971;;
38;2;101;1;3;1;13;1959;;
39;2;101;1;3;1;15;1969;;
40;2;101;1;3;1;13;1977;;
41;2;101;1;3;1;13;1971;;
42;2;101;2;3;1;15;1962;;
43;2;101;1;3;1;15;1969;;
44;2;101;2;3;1;13;1972;;
45;2;101;1;3;1;13;1977;;
46;2;101;1;3;1;15;1959;;
47;2;101;1;3;1;13;1969;;
48;2;101;1;3;1;13;1970;;
49;2;101;1;3;1;13;1978;;
50;2;101;2;3;1;13;1967;;
51;2;101;1;3;1;13;1969;;
52;2;101;1;3;1;15;1969;;
53;2;101;1;3;1;15;1969;;
54;2;101;1;3;1;13;1972;;
55;2;101;1;3;1;13;1971;;
56;2;101;1;3;1;15;1969;;
57;2;101;1;3;1;13;1975;;
58;2;101;1;3;1;13;1963;;
59;2;101;1;3;1;12;1972;;
60;2;101;1;3;1;12;1962;;
61;2;101;1;3;1;12;1969;;
62;2;101;1;3;1;13;1960;;
63;2;101;1;3;1;15;1961;;
64;2;101;1;3;1;13;1961;;
65;2;101;1;3;1;13;1977;;
66;2;101;2;3;1;13;1973;;
67;2;101;1;3;1;13;1980;;
68;2;101;1;3;2;13;1978;;
69;2;101;1;3;1;13;1967;;
70;2;101;1;3;1;13;1992;;
71;2;101;1;3;1;12;1970;;
72;2;101;1;3;1;13;1977;;
73;2;101;1;3;1;15;14/05/1905;;
1;2;170;1;1;8;13;24/10/1994;;
2;2;170;1;3;2;15;10/04/1994;;
3;2;170;1;2;2;15;18/03/1993;;
4;2;170;1;2;2;15;23/02/1988;;
5;2;170;1;5;1;13;10/05/1992;;
6;2;170;2;2;1;14;13/10/1995;;
7;2;170;1;3;1;15;17/06/1985;;
8;2;170;2;1;1;15;10/04/1983;;
9;2;170;1;3;2;15;03/10/1993;;
10;2;170;1;3;2;15;03/09/1995;;
11;2;170;1;3;2;15;14/12/1994;;
12;2;170;1;3;9;15;18/01/1985;;
13;2;170;1;3;2;15;12/01/1977;;
14;2;170;1;3;1;13;14/12/1984;;
1;2;70;1;1;1;12;1968;;
2;2;70;1;3;1;13;1992;;
3;2;70;1;3;1;12;1976;;
4;2;70;1;3;1;12;1983;;
5;2;70;1;1;1;13;1982;;
6;2;70;1;1;2;13;1987;;
7;2;70;1;3;1;13;1990;;
8;2;70;2;3;1;13;1986;;
9;2;70;1;3;1;13;1982;;
10;2;70;1;3;11;13;1979;;
11;2;70;1;3;1;12;1990;;
12;2;70;1;1;1;13;1976;;
13;2;70;2;3;1;13;1980;;
14;2;70;1;3;1;13;1984;;
15;2;70;1;3;1;13;1988;;
16;2;70;1;3;2;12;1988;;
17;2;70;1;3;1;13;1963;;
18;2;70;1;3;1;14;1964;;
19;2;70;1;3;1;12;30/05/1905;;
1;2;150;1;3;10;13;30/11/1978;;
2;2;150;1;3;1;13;01/01/1976;;
3;2;150;1;3;1;13;01/01/1970;;
4;2;150;2;3;1;15;01/01/1985;;
5;2;150;1;3;1;13;28/07/1981;;
6;2;150;1;3;1;13;31/12/1983;;
7;2;150;1;1;2;13;05/05/1988;;
8;2;150;1;3;1;13;20/09/1961;;
9;2;150;1;3;1;12;01/01/1973;;
10;2;150;1;3;1;13;01/01/1980;;
11;2;150;1;3;1;13;12/12/1993;;
12;2;150;1;3;1;13;01/01/1980;;
13;2;150;1;3;1;13;01/01/1980;;
14;2;150;2;3;1;13;01/01/1980;;
15;2;150;1;3;8;13;15/11/1990;;
16;2;150;2;3;1;13;07/05/1968;;
17;2;150;2;3;2;13;20/03/1987;;
18;2;150;1;3;1;12;01/01/1968;;
19;2;150;1;3;1;13;01/01/1980;;
20;2;150;1;3;1;13;01/01/1980;;
21;2;150;1;3;1;13;01/01/1980;;
22;2;150;1;1;1;13;01/01/1980;;
23;2;150;1;3;1;13;01/01/1980;;
24;2;150;2;1;1;13;01/01/1980;;
25;2;150;1;1;1;13;01/01/1980;;
26;2;150;1;3;1;13;01/01/1980;;
27;2;150;1;3;1;13;01/01/1981;;
28;2;150;1;3;1;13;01/01/1980;;
29;2;150;1;3;1;13;01/01/1980;;
30;2;150;1;1;1;13;01/01/1980;;
31;2;150;1;3;1;13;15/04/1968;;
32;2;150;1;3;1;12;01/01/1980;;
33;2;150;1;3;1;13;01/01/1980;;
34;2;150;1;3;1;13;01/01/1980;;
35;2;150;1;3;1;13;19/09/1961;;
1;2;161;1;1;1;12;1985;;
2;2;161;1;1;1;12;1989;;
3;2;161;1;1;1;12;1988;;
4;2;161;1;1;1;12;1990;;
5;2;161;1;1;1;12;1992;;
6;2;161;2;1;1;12;1993;;
7;2;161;1;1;1;12;1983;;
8;2;161;1;1;1;12;1990;;
9;2;161;1;1;1;12;1984;;
10;2;161;1;3;1;12;1992;;
11;2;161;1;1;1;12;1957;;
12;2;161;2;3;1;13;1984;;
13;2;161;2;1;1;13;1999;;
14;2;161;2;1;1;13;1982;;
15;2;161;2;1;1;13;1995;;
16;2;161;1;3;1;13;1982;;
17;2;161;1;1;1;13;1994;;
18;2;161;1;3;1;13;1995;;
19;2;161;1;3;1;13;1987;;
20;2;161;1;3;1;12;1995;;
21;2;161;1;3;1;12;1993;;
22;2;161;1;3;1;12;1990;;
23;2;161;2;3;1;13;1998;;
24;2;161;1;3;1;13;1992;;
25;2;161;2;3;1;13;1990;;
26;2;161;1;3;1;12;1959;;
27;2;161;1;3;1;13;1960;;
28;2;161;2;3;1;13;1970;;
29;2;161;2;3;1;13;1976;;
30;2;161;2;3;1;13;1970;;
31;2;161;2;3;1;13;1972;;
32;2;161;2;3;1;13;1966;;
33;2;161;1;3;1;13;1991;;
34;2;161;1;3;1;12;1993;;
35;2;161;1;3;2;12;1998;;
36;2;161;1;3;1;12;1980;;
37;2;161;1;3;1;12;1990;;
38;2;161;1;3;1;13;1991;;
39;2;161;1;3;1;13;1995;;
40;2;161;1;3;1;13;1968;;
41;2;161;1;3;1;13;1976;;
42;2;161;1;3;1;12;1996;;
43;2;161;1;3;1;13;1969;;
44;2;161;1;3;1;13;1984;;
1;2;166;1;3;1;15;                                                                                                    ;;
2;2;166;1;3;1;13;                                                                                                    ;;
3;2;166;1;3;1;13;                                                                                                    ;;
4;2;166;1;3;1;15;                                                                                                    ;;
5;2;166;1;3;1;13;                                                                                                    ;;
6;2;166;2;3;1;15;                                                                                                    ;;
7;2;166;1;3;1;13;                                                                                                    ;;
8;2;166;1;3;1;13;                                                                                                    ;;
9;2;166;1;3;1;12;                                                                                                    ;;
10;2;166;1;3;1;15;                                                                                                    ;;
11;2;166;1;3;1;13;                                                                                                    ;;
12;2;166;1;3;1;15;                                                                                                    ;;
13;2;166;1;3;1;12;                                                                                                    ;;
14;2;166;1;3;1;12;                                                                                                    ;;
15;2;166;1;3;1;13;                                                                                                    ;;
16;2;166;1;1;1;13;                                                                                                    ;;
17;2;166;1;3;1;12;                                                                                                    ;;
18;2;166;1;3;1;13;                                                                                                    ;;
19;2;166;1;3;1;15;                                                                                                    ;;
20;2;166;1;3;1;13;                                                                                                    ;;
21;2;166;1;3;1;13;                                                                                                    ;;
22;2;166;1;3;8;12;                                                                                                    ;;
23;2;166;1;3;1;13;                                                                                                    ;;
24;2;166;1;3;1;15;                                                                                                    ;;
25;2;166;1;3;1;12;                                                                                                    ;;
26;2;166;1;3;1;15;                                                                                                    ;;
27;2;166;1;3;1;13;                                                                                                    ;;
28;2;166;1;3;1;15;                                                                                                    ;;
29;2;166;1;3;1;13;                                                                                                    ;;
30;2;166;1;3;1;13;                                                                                                    ;;
31;2;166;1;3;1;13;                                                                                                    ;;
32;2;166;1;3;1;13;                                                                                                    ;;
33;2;166;1;3;1;12;                                                                                                    ;;
34;2;166;1;3;8;13;                                                                                                    ;;
35;2;166;1;3;1;13;                                                                                                    ;;
36;2;166;1;3;1;15;                                                                                                    ;;
37;2;166;1;3;1;13;                                                                                                    ;;
38;2;166;1;3;1;13;                                                                                                    ;;
39;2;166;1;3;1;13;                                                                                                    ;;
40;2;166;1;3;1;13;                                                                                                    ;;
41;2;166;1;3;1;12;                                                                                                    ;;
42;2;166;1;3;1;12;                                                                                                    ;;
43;2;166;1;3;1;13;                                                                                                    ;;
44;2;166;1;3;1;15;                                                                                                    ;;
45;2;166;1;3;1;12;                                                                                                    ;;
46;2;166;1;3;1;13;                                                                                                    ;;
47;2;166;1;3;1;13;                                                                                                    ;;
48;2;166;1;3;1;12;                                                                                                    ;;
49;2;166;1;3;1;13;                                                                                                    ;;
50;2;166;1;3;1;13;                                                                                                    ;;
51;2;166;1;3;1;13;                                                                                                    ;;
52;2;166;1;3;1;12;                                                                                                    ;;
53;2;166;1;3;1;12;                                                                                                    ;;
54;2;166;1;3;1;15;                                                                                                    ;;
55;2;166;1;3;1;15;                                                                                                    ;;
56;2;166;1;3;1;13;                                                                                                    ;;
57;2;166;1;3;1;13;                                                                                                    ;;
58;2;166;1;3;1;13;                                                                                                    ;;
59;2;166;1;3;1;13;                                                                                                    ;;
60;2;166;1;3;1;255;                                                                                                    ;;
61;2;166;1;3;1;13;                                                                                                    ;;
62;2;166;1;3;1;12;                                                                                                    ;;
63;2;166;1;3;2;13;                                                                                                    ;;
64;2;166;1;1;1;13;                                                                                                    ;;
65;2;166;1;3;1;13;                                                                                                    ;;
66;2;166;1;3;1;13;                                                                                                    ;;
67;2;166;1;3;1;13;                                                                                                    ;;
68;2;166;1;3;1;13;                                                                                                    ;;
69;2;166;1;3;1;13;                                                                                                    ;;
70;2;166;1;3;1;13;                                                                                                    ;;
71;2;166;1;3;1;13;                                                                                                    ;;
72;2;166;1;3;1;12;                                                                                                    ;;
73;2;166;2;3;1;13;                                                                                                    ;;
74;2;166;1;3;1;15;                                                                                                    ;;
75;2;166;1;3;2;13;                                                                                                    ;;
76;2;166;1;3;1;13;                                                                                                    ;;
77;2;166;1;3;1;15;                                                                                                    ;;
78;2;166;1;3;1;15;                                                                                                    ;;
79;2;166;1;1;1;13;                                                                                                    ;;
80;2;166;1;1;1;13;                                                                                                    ;;
81;2;166;1;1;1;13;                                                                                                    ;;
82;2;166;1;1;1;13;                                                                                                    ;;
83;2;166;2;1;1;13;                                                                                                    ;;
84;2;166;1;1;1;13;                                                                                                    ;;
1;2;128;1;3;1;14;1967;;
2;2;128;1;3;1;13;1956;;
3;2;128;1;3;1;13;1988;;
4;2;128;1;3;1;12;1991;;
5;2;128;1;3;1;12;1989;;
6;2;128;1;3;1;12;1989;;
7;2;128;1;3;1;12;1993;;
8;2;128;1;3;1;12;1989;;
9;2;128;1;3;1;12;1988;;
10;2;128;1;3;1;12;1986;;
11;2;128;2;3;1;12;1987;;
12;2;128;1;3;1;12;1976;;
13;2;128;1;1;5;12;1956;;
14;2;128;1;1;11;12;1974;;
15;2;128;1;1;10;13;1963;;
16;2;128;1;1;5;12;1970;;
17;2;128;1;1;5;12;1977;;
18;2;128;1;1;5;12;1982;;
19;2;128;1;1;5;12;05/06/1905;;
1;2;158;1;1;1;12;01/01/1963;;
2;2;158;1;1;1;12;17/08/1965;;
3;2;158;1;1;1;12;31/03/1970;;
4;2;158;1;1;1;12;01/01/1966;;
5;2;158;1;1;1;12;14/06/1961;;
6;2;158;1;1;1;12;01/01/1970;;
7;2;158;1;1;1;12;07/08/1968;;
8;2;158;1;1;1;12;14/05/1988;;
9;2;158;1;1;1;13;10/08/1981;;
10;2;158;1;1;1;13;15/10/1966;;
11;2;158;1;1;1;13;01/01/1966;;
12;2;158;1;1;1;13;01/02/1991;;
13;2;158;1;1;1;13;01/10/1987;;
14;2;158;1;1;1;13;02/10/1987;;
15;2;158;1;1;1;13;01/01/1970;;
16;2;158;1;1;1;13;03/11/1976;;
17;2;158;1;1;1;13;01/01/1959;;
18;2;158;1;1;1;13;24/03/1961;;
19;2;158;2;1;1;13;29/10/1972;;
20;2;158;2;1;1;13;11/12/1982;;
21;2;158;2;1;1;13;29/08/1981;;
22;2;158;2;1;1;13;25/09/1975;;
23;2;158;1;1;1;13;05/06/1960;;
24;2;158;1;1;1;13;07/12/1976;;
25;2;158;1;1;1;13;19/06/1979;;
26;2;158;1;1;1;13;12/11/1978;;
27;2;158;1;1;1;13;01/01/1967;;
28;2;158;1;1;1;13;17/09/1981;;
29;2;158;1;1;1;13;01/01/1963;;
30;2;158;1;1;1;13;07/04/1971;;
31;2;158;1;1;1;13;01/01/1965;;
32;2;158;1;3;1;13;1983;;
33;2;158;1;3;1;13;1991;;
34;2;158;1;3;1;13;1994;;
35;2;158;1;3;1;13;1994;;
36;2;158;1;3;1;13;1988;;
37;2;158;1;3;1;13;1987;;
38;2;158;1;3;1;13;1989;;
39;2;158;1;3;1;14;1991;;
40;2;158;1;3;1;13;1993;;
41;2;158;1;3;1;12;1994;;
42;2;158;1;3;1;13;1992;;
43;2;158;1;3;1;13;1992;;
44;2;158;1;3;1;13;1993;;
45;2;158;1;3;1;13;1990;;
46;2;158;1;3;1;13;1990;;
47;2;158;1;3;1;12;                                                                                                    ;;
48;2;158;1;3;1;12;                                                                                                    ;;
49;2;158;1;3;1;12;01/01/1989;;
50;2;158;2;3;1;12;                                                                                                    ;;
51;2;158;1;3;1;13;                                                                                                    ;;
52;2;158;1;3;1;12;                                                                                                    ;;
53;2;158;1;3;1;13;01/01/1967;;
54;2;158;1;3;1;13;01/01/1976;;
55;2;158;1;3;1;13;16/05/1993;;
56;2;158;1;3;1;13;23/12/1955;;
57;2;158;1;3;1;15;25/07/1973;;
58;2;158;1;3;1;15;                                                                                                    ;;
59;2;158;1;3;1;13;                                                                                                    ;;
60;2;158;1;3;1;13;31/10/1975;;
61;2;158;1;3;1;13;15/05/1969;;
62;2;158;1;3;1;13;09/09/1987;;
63;2;158;1;3;1;13;                                                                                                    ;;
64;2;158;1;3;1;15;                                                                                                    ;;
65;2;158;2;3;1;14;28/07/1992;;
66;2;158;1;3;1;12;                                                                                                    ;;
67;2;158;1;3;1;13;                                                                                                    ;;
68;2;158;1;3;1;13;                                                                                                    ;;
69;2;158;1;3;1;13;                                                                                                    ;;
70;2;158;1;3;1;12;                                                                                                    ;;
71;2;158;1;3;1;12;11/10/1991;;
72;2;158;1;3;1;14;                                                                                                    ;;
73;2;158;1;3;1;12;                                                                                                    ;;
74;2;158;1;3;1;14;1981;;
75;2;158;1;3;1;14;1988;;
76;2;158;1;3;1;13;1970;;
77;2;158;1;3;1;13;1970;;
78;2;158;1;3;1;14;1955;;
79;2;158;1;3;1;14;1987;;
80;2;158;1;3;1;14;1990;;
81;2;158;1;3;1;14;1987;;
82;2;158;1;3;1;13;1970;;
83;2;158;1;3;1;12;                                                                                                    ;;
84;2;158;1;3;1;13;                                                                                                    ;;
85;2;158;1;3;1;12;                                                                                                    ;;
86;2;158;1;3;1;13;                                                                                                    ;;
87;2;158;1;3;1;13;                                                                                                    ;;
88;2;158;1;3;1;13;                                                                                                    ;;
89;2;158;1;3;1;13;                                                                                                    ;;
90;2;158;1;3;1;13;                                                                                                    ;;
91;2;158;1;3;1;13;                                                                                                    ;;
92;2;158;1;3;1;13;                                                                                                    ;;
93;2;158;1;3;1;13;                                                                                                    ;;
94;2;158;1;3;1;13;                                                                                                    ;;
95;2;158;1;3;1;12;                                                                                                    ;;
96;2;158;1;3;1;12;                                                                                                    ;;
97;2;158;1;3;1;13;                                                                                                    ;;
98;2;158;1;3;1;15;                                                                                                    ;;
99;2;158;1;3;1;13;                                                                                                    ;;
100;2;158;1;3;1;13;                                                                                                    ;;
101;2;158;1;3;1;13;                                                                                                    ;;
102;2;158;1;3;1;13;                                                                                                    ;;
103;2;158;1;3;1;13;                                                                                                    ;;
104;2;158;1;3;1;13;                                                                                                    ;;
105;2;158;1;3;1;13;                                                                                                    ;;
106;2;158;1;3;1;15;                                                                                                    ;;
107;2;158;1;3;1;13;                                                                                                    ;;
108;2;158;1;3;1;13;                                                                                                    ;;
109;2;158;1;3;1;12;                                                                                                    ;;
110;2;158;1;3;1;13;                                                                                                    ;;
111;2;158;1;3;1;13;                                                                                                    ;;
112;2;158;2;3;1;13;                                                                                                    ;;
113;2;158;1;3;1;13;                                                                                                    ;;
114;2;158;1;3;1;13;                                                                                                    ;;
115;2;158;2;3;1;12;                                                                                                    ;;
116;2;158;1;3;1;13;                                                                                                    ;;
117;2;158;1;3;1;13;                                                                                                    ;;
118;2;158;1;3;1;13;                                                                                                    ;;
119;2;158;1;3;1;12;                                                                                                    ;;
120;2;158;1;3;1;13;                                                                                                    ;;
121;2;158;1;3;1;12;                                                                                                    ;;
122;2;158;1;3;1;12;                                                                                                    ;;
123;2;158;1;3;1;13;                                                                                                    ;;
124;2;158;1;3;1;12;                                                                                                    ;;
125;2;158;1;3;1;12;                                                                                                    ;;
126;2;158;1;3;1;13;                                                                                                    ;;
127;2;158;1;3;1;12;                                                                                                    ;;
128;2;158;1;3;1;15;                                                                                                    ;;
129;2;158;1;3;1;12;                                                                                                    ;;
130;2;158;1;3;1;13;                                                                                                    ;;
1;2;125;1;1;10;12;10/02/1957;;
2;2;125;1;1;1;12;25/09/1987;;
3;2;125;1;1;1;12;24/08/1981;;
4;2;125;1;1;1;12;01/01/1972;;
5;2;125;1;1;1;12;31/01/1983;;
6;2;125;1;1;1;12;08/06/1905;;
7;2;125;1;1;1;12;01/01/1979;;
8;2;125;1;1;1;12;04/06/1905;;
9;2;125;1;1;1;12;10/06/1989;;
10;2;125;1;1;1;12;08/01/1979;;
11;2;125;1;1;11;12;27/02/1964;;
12;2;125;1;1;11;12;17/06/1956;;
13;2;125;1;1;11;12;12/11/1958;;
14;2;125;1;1;9;12;1978;;
15;2;125;1;1;6;12;1980;;
16;2;125;1;1;1;12;04/06/1905;;
17;2;125;1;1;1;12;13/10/1986;;
18;2;125;1;3;1;12;01/03/1968;;
19;2;125;1;3;1;12;31/05/1905;;
20;2;125;1;3;1;12;03/05/1982;;
21;2;125;1;3;1;12;25/01/1988;;
22;2;125;1;3;1;12;11/09/1986;;
23;2;125;1;3;1;12;01/01/1986;;
24;2;125;1;3;1;12;22/06/1980;;
25;2;125;1;3;1;12;02/06/1985;;
26;2;125;1;3;1;12;09/06/1905;;
27;2;125;1;3;1;12;30/05/1977;;
28;2;125;1;3;1;12;12/06/1905;;
29;2;125;1;3;1;12;31/08/1972;;
30;2;125;1;3;1;12;02/08/1986;;
31;2;125;1;3;1;12;01/01/1977;;
32;2;125;1;3;6;12;06/06/1905;;
33;2;125;1;3;1;12;09/10/1978;;
34;2;125;1;3;11;12;07/09/1984;;
35;2;125;1;3;1;12;08/04/1985;;
36;2;125;1;3;1;12;18/11/1986;;
37;2;125;1;3;1;12;15/07/1982;;
38;2;125;1;3;1;12;09/05/1987;;
39;2;125;1;3;5;12;24/06/1985;;
40;2;125;1;3;1;12;10/02/1957;;
41;2;125;1;3;1;12;25/09/1987;;
42;2;125;1;3;1;12;31/03/1962;;
43;2;125;1;3;1;12;08/06/1905;;
44;2;125;1;3;1;12;31/01/1983;;
45;2;125;1;3;1;12;24/08/1981;;
46;2;125;1;3;6;12;31/05/1905;;
47;2;125;1;3;1;12;16/03/1987;;
48;2;125;1;3;1;12;10/06/1905;;
49;2;125;1;3;1;12;01/01/1983;;
50;2;125;1;3;1;12;01/01/1976;;
51;2;125;1;3;9;12;1976;;
52;2;125;1;3;1;12;03/06/1905;;
53;2;125;1;3;1;12;22/06/1980;;
54;2;125;1;3;1;12;01/01/1989;;
55;2;125;1;3;1;12;01/01/1979;;
56;2;125;1;3;3;12;1974;;
57;2;125;1;3;5;12;06/06/1905;;
58;2;125;1;3;1;12;07/07/1987;;
59;2;125;1;3;1;12;30/05/1905;;
60;2;125;1;3;9;12;09/10/1986;;
61;2;125;1;3;9;12;06/06/1960;;
62;2;125;1;3;1;12;27/12/1979;;
63;2;125;1;3;1;12;02/06/1988;;
64;2;125;1;3;1;12;04/06/1905;;
65;2;125;1;3;1;12;31/12/1974;;
66;2;125;1;3;1;12;11/05/1983;;
67;2;125;1;3;1;12;05/06/1905;;
68;2;125;1;3;1;12;30/12/1976;;
69;2;125;1;3;1;12;13/07/1982;;
70;2;125;2;3;1;12;31/01/1992;;
71;2;125;2;3;1;12;22/05/1990;;
72;2;125;2;3;1;12;05/06/1991;;
73;2;125;1;3;1;12;01/03/1981;;
74;2;125;1;3;1;12;12/06/1978;;
75;2;125;1;3;1;12;15/01/1983;;
76;2;125;1;3;1;12;13/01/1980;;
77;2;125;1;3;1;12;31/12/1982;;
1;2;130;1;3;1;13;1975;;
2;2;130;1;3;1;13;1962;;
3;2;130;1;3;1;13;1957;;
4;2;130;1;3;1;12;1973;;
5;2;130;1;3;1;12;1971;;
6;2;130;1;3;1;12;                                                                                                    ;;
7;2;130;1;1;1;13;1984;;
8;2;130;1;3;1;13;1962;;
9;2;130;1;1;1;13;1964;;
10;2;130;1;3;1;12;1981;;
11;2;130;1;3;1;12;1965;;
12;2;130;1;3;1;12;1983;;
13;2;130;1;3;1;13;1958;;
14;2;130;1;3;1;12;1964;;
15;2;130;2;3;1;13;1960;;
16;2;130;1;2;1;13;1967;;
17;2;130;1;3;1;12;1992;;
18;2;130;1;3;1;12;1982;;
19;2;130;1;3;1;13;1960;;
20;2;130;1;3;1;12;1974;;
21;2;130;1;3;1;13;1975;;
22;2;130;1;3;1;12;1967;;
23;2;130;1;1;1;13;1967;;
24;2;130;1;3;1;13;13/05/1905;;
1;2;121;1;3;1;13;18/02/1987;;
2;2;121;1;3;1;13;29/08/1993;;
3;2;121;1;3;1;13;01/01/1987;;
4;2;121;1;3;2;13;16/07/1997;;
5;2;121;1;3;2;12;13/01/1994;;
6;2;121;1;3;1;13;07/04/1977;;
7;2;121;1;3;1;12;11/03/1994;;
8;2;121;1;3;1;13;01/01/1995;;
9;2;121;2;3;1;13;09/10/1986;;
10;2;121;1;3;1;13;05/02/1989;;
11;2;121;2;3;1;12;13/07/1992;;
12;2;121;1;1;1;13;15/11/1983;;
13;2;121;2;3;1;13;27/04/1995;;
14;2;121;1;3;1;12;15/08/1972;;
15;2;121;1;3;1;13;06/11/1992;;
16;2;121;1;3;1;13;13/01/1994;;
17;2;121;1;3;1;13;23/05/1905;;
18;2;121;1;3;1;12;04/06/1985;;
19;2;121;1;3;1;12;26/03/1999;;
20;2;121;1;3;2;13;08/12/1994;;
21;2;121;2;3;2;13;07/10/1993;;
22;2;121;2;3;1;13;03/03/1997;;
23;2;121;1;3;11;12;13/11/1998;;
24;2;121;1;3;1;12;24/10/1997;;
25;2;121;1;3;11;13;02/01/1987;;
26;2;121;2;3;1;13;31/12/1999;;
27;2;121;1;3;1;13;16/05/1998;;
28;2;121;1;3;11;12;14/03/1996;;
29;2;121;1;3;1;12;01/01/1994;;
30;2;121;1;3;1;13;01/01/1989;;
31;2;121;1;3;1;12;01/01/1989;;
32;2;121;2;3;1;13;15/02/1993;;
33;2;121;1;3;1;13;03/10/1992;;
34;2;121;1;1;1;13;11/04/1999;;
35;2;121;2;3;1;13;09/02/1983;;
36;2;121;1;3;1;13;07/07/1995;;
37;2;121;1;2;1;13;07/10/1959;;
38;2;121;1;3;1;13;01/01/1986;;
39;2;121;1;3;1;12;01/01/1991;;
40;2;121;1;1;1;13;15/01/1992;;
41;2;121;1;3;1;12;12/01/1988;;
42;2;121;2;3;1;13;15/10/1996;;
43;2;121;1;3;1;12;04/10/1992;;
44;2;121;1;3;1;13;07/06/1988;;
45;2;121;1;1;1;13;14/06/1905;;
46;2;121;1;3;1;13;12/02/1986;;
47;2;121;1;3;1;13;05/11/1983;;
48;2;121;2;3;1;13;03/09/1989;;
49;2;121;1;1;1;12;19/06/1905;;
50;2;121;1;3;1;13;29/11/1992;;
51;2;121;2;2;1;13;28/02/1982;;
52;2;121;2;3;1;13;04/07/1984;;
53;2;121;1;3;1;12;16/11/1990;;
54;2;121;1;1;1;12;01/01/1976;;
55;2;121;1;3;1;13;01/01/1984;;
56;2;121;1;3;1;13;15/06/1905;;
57;2;121;1;1;1;13;04/02/1985;;
58;2;121;1;3;1;13;13/11/1991;;
59;2;121;1;3;1;12;09/05/1987;;
60;2;121;1;3;1;12;09/09/1984;;
61;2;121;1;3;10;12;28/01/1989;;
62;2;121;1;3;3;13;30/12/1978;;
63;2;121;1;1;1;13;29/04/1996;;
64;2;121;1;3;2;13;16/06/1905;;
65;2;121;1;3;1;12;01/01/1987;;
66;2;121;1;3;1;13;23/01/1995;;
67;2;121;1;1;1;13;18/12/1992;;
68;2;121;1;3;1;13;08/03/1991;;
1;2;167;1;3;1;255;                                                                                                    ;;
2;2;167;1;3;1;255;                                                                                                    ;;
3;2;167;1;3;1;255;                                                                                                    ;;
4;2;167;1;3;1;255;                                                                                                    ;;
5;2;167;1;3;9;255;                                                                                                    ;;
6;2;167;1;3;9;255;                                                                                                    ;;
7;2;167;1;3;7;255;                                                                                                    ;;
8;2;167;1;3;7;255;                                                                                                    ;;
9;2;167;1;3;9;255;                                                                                                    ;;
10;2;167;1;3;8;255;                                                                                                    ;;
11;2;167;1;3;9;255;                                                                                                    ;;
12;2;167;1;3;1;12;                                                                                                    ;;
13;2;167;1;3;1;12;                                                                                                    ;;
14;2;167;1;3;1;12;                                                                                                    ;;
15;2;167;1;3;3;12;                                                                                                    ;;
16;2;167;1;3;7;12;                                                                                                    ;;
17;2;167;1;3;1;12;                                                                                                    ;;
18;2;167;1;3;1;12;                                                                                                    ;;
19;2;167;1;3;1;12;                                                                                                    ;;
20;2;167;1;3;1;12;                                                                                                    ;;
21;2;167;1;3;1;12;                                                                                                    ;;
22;2;167;1;3;1;12;                                                                                                    ;;
23;2;167;1;3;1;12;                                                                                                    ;;
24;2;167;1;3;1;12;                                                                                                    ;;
25;2;167;1;3;1;12;                                                                                                    ;;
26;2;167;1;3;1;12;                                                                                                    ;;
27;2;167;1;3;1;12;                                                                                                    ;;
28;2;167;1;3;1;12;                                                                                                    ;;
29;2;167;1;3;1;12;                                                                                                    ;;
30;2;167;1;5;1;12;                                                                                                    ;;
31;2;167;1;3;7;12;                                                                                                    ;;
32;2;167;1;3;1;12;                                                                                                    ;;
33;2;167;1;3;1;12;                                                                                                    ;;
34;2;167;1;3;1;12;                                                                                                    ;;
35;2;167;1;3;1;13;                                                                                                    ;;
36;2;167;1;3;1;13;                                                                                                    ;;
37;2;167;1;3;1;13;                                                                                                    ;;
38;2;167;1;3;1;13;                                                                                                    ;;
39;2;167;1;3;1;13;                                                                                                    ;;
40;2;167;1;3;1;13;                                                                                                    ;;
41;2;167;1;3;1;13;                                                                                                    ;;
42;2;167;1;3;1;13;                                                                                                    ;;
43;2;167;1;3;1;13;                                                                                                    ;;
44;2;167;1;3;1;13;                                                                                                    ;;
45;2;167;1;3;1;13;                                                                                                    ;;
46;2;167;1;3;1;13;                                                                                                    ;;
47;2;167;1;3;1;13;                                                                                                    ;;
48;2;167;1;3;1;13;                                                                                                    ;;
49;2;167;1;3;1;13;                                                                                                    ;;
50;2;167;1;3;1;13;                                                                                                    ;;
51;2;167;1;3;1;13;                                                                                                    ;;
52;2;167;1;3;1;13;                                                                                                    ;;
53;2;167;1;3;1;13;                                                                                                    ;;
54;2;167;1;3;1;13;                                                                                                    ;;
55;2;167;1;3;1;13;                                                                                                    ;;
56;2;167;1;3;1;13;                                                                                                    ;;
57;2;167;1;3;1;13;                                                                                                    ;;
58;2;167;2;3;1;13;                                                                                                    ;;
59;2;167;1;3;1;13;                                                                                                    ;;
60;2;167;1;3;1;13;                                                                                                    ;;
61;2;167;1;3;1;13;                                                                                                    ;;
62;2;167;1;3;1;13;                                                                                                    ;;
63;2;167;1;3;1;13;                                                                                                    ;;
64;2;167;1;3;1;13;                                                                                                    ;;
65;2;167;1;3;1;13;                                                                                                    ;;
66;2;167;1;3;1;13;                                                                                                    ;;
67;2;167;1;3;1;13;                                                                                                    ;;
68;2;167;1;3;1;13;                                                                                                    ;;
69;2;167;1;3;1;13;                                                                                                    ;;
70;2;167;1;3;1;13;                                                                                                    ;;
71;2;167;1;3;1;13;                                                                                                    ;;
72;2;167;1;3;1;13;                                                                                                    ;;
73;2;167;1;3;1;13;                                                                                                    ;;
74;2;167;1;3;1;13;                                                                                                    ;;
75;2;167;1;3;1;13;                                                                                                    ;;
76;2;167;1;3;1;13;                                                                                                    ;;
77;2;167;1;3;1;13;                                                                                                    ;;
78;2;167;1;3;1;13;                                                                                                    ;;
79;2;167;1;3;1;13;                                                                                                    ;;
80;2;167;1;3;1;13;                                                                                                    ;;
81;2;167;1;3;1;13;                                                                                                    ;;
82;2;167;1;3;1;13;                                                                                                    ;;
83;2;167;1;3;1;13;                                                                                                    ;;
84;2;167;1;3;1;13;                                                                                                    ;;
85;2;167;1;3;1;13;                                                                                                    ;;
86;2;167;1;3;1;13;                                                                                                    ;;
87;2;167;1;3;1;13;                                                                                                    ;;
88;2;167;1;3;1;13;                                                                                                    ;;
89;2;167;1;3;1;13;                                                                                                    ;;
90;2;167;1;3;1;13;                                                                                                    ;;
91;2;167;1;3;1;13;                                                                                                    ;;
92;2;167;1;3;1;13;                                                                                                    ;;
93;2;167;1;3;1;13;                                                                                                    ;;
94;2;167;1;3;1;13;                                                                                                    ;;
95;2;167;1;3;1;13;                                                                                                    ;;
96;2;167;1;3;1;13;                                                                                                    ;;
97;2;167;1;3;1;13;                                                                                                    ;;
98;2;167;1;3;1;13;                                                                                                    ;;
99;2;167;1;3;1;13;                                                                                                    ;;
100;2;167;1;3;1;13;                                                                                                    ;;
101;2;167;1;3;1;13;                                                                                                    ;;
102;2;167;1;3;1;13;                                                                                                    ;;
103;2;167;1;3;1;13;                                                                                                    ;;
104;2;167;1;3;1;13;                                                                                                    ;;
105;2;167;1;3;1;13;                                                                                                    ;;
106;2;167;1;3;1;13;                                                                                                    ;;
107;2;167;1;3;1;13;                                                                                                    ;;
108;2;167;1;3;1;13;                                                                                                    ;;
109;2;167;1;3;1;13;                                                                                                    ;;
110;2;167;1;3;1;13;                                                                                                    ;;
111;2;167;1;3;1;13;                                                                                                    ;;
112;2;167;1;3;1;13;                                                                                                    ;;
113;2;167;1;3;1;13;                                                                                                    ;;
114;2;167;1;3;1;13;                                                                                                    ;;
115;2;167;1;3;1;13;                                                                                                    ;;
116;2;167;1;3;3;13;                                                                                                    ;;
117;2;167;1;3;1;13;                                                                                                    ;;
118;2;167;2;3;1;13;                                                                                                    ;;
119;2;167;2;3;1;13;                                                                                                    ;;
120;2;167;1;3;1;13;                                                                                                    ;;
121;2;167;1;3;1;13;                                                                                                    ;;
122;2;167;1;3;1;13;                                                                                                    ;;
123;2;167;1;3;1;13;                                                                                                    ;;
124;2;167;1;3;1;13;                                                                                                    ;;
125;2;167;1;3;1;13;                                                                                                    ;;
126;2;167;1;3;1;13;                                                                                                    ;;
127;2;167;1;3;1;13;                                                                                                    ;;
128;2;167;1;3;1;13;                                                                                                    ;;
129;2;167;1;3;1;13;                                                                                                    ;;
130;2;167;1;3;1;13;                                                                                                    ;;
131;2;167;1;3;1;13;                                                                                                    ;;
132;2;167;1;3;1;13;                                                                                                    ;;
133;2;167;1;3;1;13;                                                                                                    ;;
134;2;167;1;3;1;13;                                                                                                    ;;
135;2;167;1;3;1;13;                                                                                                    ;;
136;2;167;1;3;1;13;                                                                                                    ;;
137;2;167;1;3;1;13;                                                                                                    ;;
138;2;167;1;3;1;13;                                                                                                    ;;
139;2;167;1;3;1;14;                                                                                                    ;;
140;2;167;1;3;1;14;                                                                                                    ;;
141;2;167;1;3;1;14;                                                                                                    ;;
142;2;167;1;3;1;14;                                                                                                    ;;
143;2;167;1;3;1;14;                                                                                                    ;;
144;2;167;1;3;1;14;                                                                                                    ;;
145;2;167;1;3;1;14;                                                                                                    ;;
146;2;167;1;3;1;14;                                                                                                    ;;
147;2;167;1;3;1;14;                                                                                                    ;;
148;2;167;1;3;1;14;                                                                                                    ;;
149;2;167;1;3;1;14;                                                                                                    ;;
150;2;167;1;3;1;14;                                                                                                    ;;
151;2;167;1;3;1;12;                                                                                                    ;;
152;2;167;1;3;1;12;                                                                                                    ;;
153;2;167;1;3;1;12;                                                                                                    ;;
154;2;167;1;3;1;12;                                                                                                    ;;
155;2;167;1;3;1;12;                                                                                                    ;;
156;2;167;2;3;1;12;                                                                                                    ;;
157;2;167;1;3;1;12;                                                                                                    ;;
158;2;167;1;3;1;12;                                                                                                    ;;
159;2;167;1;3;1;12;                                                                                                    ;;
160;2;167;1;3;1;12;                                                                                                    ;;
161;2;167;1;3;1;12;                                                                                                    ;;
162;2;167;1;3;1;12;                                                                                                    ;;
163;2;167;1;3;1;12;                                                                                                    ;;
164;2;167;1;3;1;13;                                                                                                    ;;
165;2;167;1;3;1;12;                                                                                                    ;;
166;2;167;1;3;1;12;                                                                                                    ;;
167;2;167;1;3;1;12;                                                                                                    ;;
168;2;167;1;3;1;13;                                                                                                    ;;
169;2;167;1;3;1;12;                                                                                                    ;;
170;2;167;1;3;1;12;                                                                                                    ;;
171;2;167;1;3;1;13;                                                                                                    ;;
172;2;167;1;3;1;12;                                                                                                    ;;
173;2;167;1;3;1;12;                                                                                                    ;;
174;2;167;1;3;1;13;                                                                                                    ;;
175;2;167;1;3;1;12;                                                                                                    ;;
176;2;167;1;3;1;12;                                                                                                    ;;
177;2;167;1;3;1;12;                                                                                                    ;;
178;2;167;1;3;1;12;                                                                                                    ;;
179;2;167;1;3;1;12;                                                                                                    ;;
180;2;167;1;3;1;12;                                                                                                    ;;
181;2;167;1;3;1;12;                                                                                                    ;;
182;2;167;1;3;1;12;                                                                                                    ;;
183;2;167;1;3;1;12;                                                                                                    ;;
184;2;167;1;3;1;12;                                                                                                    ;;
185;2;167;1;3;1;12;                                                                                                    ;;
186;2;167;1;3;1;12;                                                                                                    ;;
187;2;167;1;3;1;12;                                                                                                    ;;
188;2;167;1;3;1;12;                                                                                                    ;;
189;2;167;1;3;1;12;                                                                                                    ;;
190;2;167;1;3;1;12;                                                                                                    ;;
191;2;167;1;3;1;12;                                                                                                    ;;
192;2;167;1;3;1;12;                                                                                                    ;;
193;2;167;1;1;1;13;                                                                                                    ;;
194;2;167;1;1;1;13;                                                                                                    ;;
195;2;167;1;1;1;13;                                                                                                    ;;
196;2;167;1;1;1;13;                                                                                                    ;;
197;2;167;1;1;1;13;                                                                                                    ;;
198;2;167;1;1;1;13;                                                                                                    ;;
199;2;167;1;1;1;12;                                                                                                    ;;
200;2;167;1;1;1;13;                                                                                                    ;;
201;2;167;1;1;1;13;                                                                                                    ;;
202;2;167;1;1;1;13;                                                                                                    ;;
203;2;167;1;1;1;13;                                                                                                    ;;
204;2;167;1;1;1;13;1963;;
1;2;107;1;3;1;14;1979;;
2;2;107;1;3;1;13;1951;;
3;2;107;1;3;1;14;1958;;
4;2;107;2;1;1;14;1980;;
5;2;107;1;3;1;14;1985;;
6;2;107;1;3;2;14;1984;;
7;2;107;1;3;1;14;1977;;
8;2;107;1;3;1;14;1973;;
9;2;107;1;3;1;13;1975;;
10;2;107;1;1;1;14;1967;;
11;2;107;1;3;1;14;1968;;
12;2;107;1;3;1;13;1990;;
13;2;107;1;3;1;13;1984;;
14;2;107;1;3;1;14;1972;;
15;2;107;1;3;1;14;1971;;
16;2;107;2;3;1;14;1966;;
17;2;107;1;3;1;14;1977;;
18;2;107;1;255;1;14;1972;;
19;2;107;1;1;1;14;1965;;
20;2;107;1;3;1;14;1983;;
21;2;107;1;3;1;14;1969;;
22;2;107;1;3;1;14;1984;;
23;2;107;1;3;7;13;1982;;
24;2;107;1;3;1;13;1980;;
25;2;107;1;3;1;14;1984;;
26;2;107;1;3;2;14;1985;;
27;2;107;1;3;1;14;1995;;
28;2;107;1;3;1;14;1967;;
29;2;107;1;3;1;14;1984;;
30;2;107;1;3;1;14;1982;;
31;2;107;1;3;1;14;1957;;
32;2;107;1;3;1;13;1957;;
33;2;107;1;3;1;14;1981;;
34;2;107;1;3;6;14;1970;;
35;2;107;1;3;2;14;1971;;
36;2;107;2;3;1;14;1964;;
37;2;107;1;3;1;15;1978;;
38;2;107;2;3;2;14;1966;;
39;2;107;1;3;1;14;1985;;
40;2;107;1;3;1;14;1989;;
41;2;107;1;3;2;14;1976;;
42;2;107;1;3;1;14;1982;;
43;2;107;1;3;1;14;1958;;
44;2;107;1;3;1;14;1961;;
45;2;107;1;3;1;14;1965;;
46;2;107;1;3;1;13;1972;;
47;2;107;1;3;1;15;1970;;
48;2;107;1;3;1;14;1959;;
49;2;107;1;3;1;14;1989;;
50;2;107;1;3;1;15;1976;;
51;2;107;1;3;4;14;1967;;
52;2;107;1;3;1;14;1970;;
53;2;107;1;3;2;14;1982;;
54;2;107;1;3;1;14;1972;;
55;2;107;1;3;1;14;1988;;
56;2;107;2;3;1;14;1968;;
57;2;107;1;3;1;14;1977;;
58;2;107;1;3;1;14;1979;;
59;2;107;1;3;1;13;1969;;
60;2;107;1;3;1;13;1978;;
61;2;107;1;3;1;14;1975;;
62;2;107;1;3;1;14;1988;;
63;2;107;1;3;2;14;1984;;
64;2;107;1;3;2;14;1962;;
65;2;107;1;3;255;14;1988;;
66;2;107;1;3;255;14;1977;;
67;2;107;1;3;255;14;1966;;
68;2;107;1;3;1;14;1989;;
69;2;107;1;3;1;14;1982;;
70;2;107;1;3;1;14;1982;;
71;2;107;1;3;1;14;1999;;
72;2;107;1;3;255;13;1978;;
73;2;107;1;3;255;14;1999;;
74;2;107;1;3;1;14;1987;;
1;2;172;1;3;1;12;1968;;
2;2;172;1;3;1;13;1979;;
3;2;172;2;3;1;12;1970;;
4;2;172;1;3;1;13;1982;;
5;2;172;1;3;1;12;1980;;
6;2;172;1;3;1;13;1988;;
7;2;172;1;3;1;13;1972;;
8;2;172;1;3;1;13;1988;;
9;2;172;1;3;1;13;1980;;
10;2;172;1;3;1;13;1985;;
11;2;172;1;3;1;12;1990;;
12;2;172;1;3;1;12;1989;;
13;2;172;1;3;1;13;1987;;
14;2;172;1;3;1;13;1977;;
15;2;172;1;3;1;13;1973;;
16;2;172;1;3;1;12;1986;;
17;2;172;1;3;1;13;1968;;
18;2;172;1;3;1;13;1962;;
19;2;172;1;3;1;13;1974;;
20;2;172;1;3;1;13;1980;;
21;2;172;1;3;1;13;1972;;
22;2;172;1;3;1;13;1990;;
23;2;172;2;3;1;13;1986;;
24;2;172;1;3;1;13;1980;;
25;2;172;1;3;1;13;1978;;
26;2;172;1;3;1;13;1974;;
27;2;172;1;1;1;12;1982;;
28;2;172;1;3;8;13;1994;;
29;2;172;1;3;1;13;1987;;
30;2;172;1;3;1;12;1986;;
31;2;172;1;3;8;12;1980;;
32;2;172;1;3;1;14;1971;;
33;2;172;1;3;1;12;1970;;
34;2;172;1;3;1;12;1977;;
35;2;172;1;3;1;12;1971;;
36;2;172;1;3;1;13;1975;;
37;2;172;1;3;1;13;1974;;
38;2;172;1;3;1;12;1980;;
39;2;172;1;3;1;12;1988;;
40;2;172;1;3;1;13;1989;;
41;2;172;1;3;1;13;1990;;
42;2;172;1;3;1;13;1962;;
43;2;172;1;1;1;13;1976;;
44;2;172;1;3;1;13;1990;;
45;2;172;1;3;1;12;1966;;
1;2;97;2;1;1;15;1967;;
2;2;97;2;1;1;15;1970;;
3;2;97;1;1;1;15;1963;;
4;2;97;1;1;1;15;1964;;
5;2;97;1;1;1;15;1965;;
6;2;97;1;1;1;15;1975;;
7;2;97;1;3;1;15;1965;;
8;2;97;2;3;1;15;1968;;
9;2;97;1;3;1;15;1965;;
10;2;97;1;3;1;15;1966;;
11;2;97;1;3;1;15;1963;;
12;2;97;1;3;1;15;1964;;
13;2;97;1;3;1;15;1968;;
14;2;97;2;3;1;15;1963;;
15;2;97;1;3;1;15;1985;;
16;2;97;2;3;1;15;1972;;
17;2;97;1;3;1;12;1967;;
18;2;97;1;3;1;12;1972;;
19;2;97;1;3;1;13;1975;;
20;2;97;1;3;1;15;1971;;
21;2;97;1;3;1;13;1970;;
22;2;97;1;3;1;15;1963;;
23;2;97;1;3;1;15;1962;;
24;2;97;1;3;1;15;1966;;
25;2;97;1;3;1;13;1967;;
26;2;97;1;3;1;13;1982;;
27;2;97;1;3;1;15;1972;;
28;2;97;1;3;1;12;1970;;
29;2;97;1;3;1;15;1971;;
30;2;97;1;3;1;13;1970;;
31;2;97;1;3;1;13;1978;;
32;2;97;2;3;1;15;1969;;
33;2;97;1;3;1;15;1978;;
34;2;97;1;3;1;15;1967;;
35;2;97;1;3;1;12;1960;;
36;2;97;1;3;1;12;1967;;
37;2;97;1;3;1;12;1972;;
38;2;97;1;3;1;15;1967;;
39;2;97;1;3;1;15;1993;;
40;2;97;1;3;1;15;1992;;
41;2;97;1;3;1;15;1975;;
42;2;97;1;3;1;15;1975;;
43;2;97;1;3;1;12;1972;;
44;2;97;1;3;1;15;1975;;
45;2;97;1;3;1;12;1972;;
46;2;97;1;3;1;13;1979;;
47;2;97;1;3;1;15;1980;;
48;2;97;1;3;1;15;1980;;
49;2;97;1;3;1;15;1972;;
50;2;97;1;3;1;15;1970;;
51;2;97;1;3;1;15;1975;;
52;2;97;1;3;1;12;1985;;
53;2;97;2;3;1;15;1987;;
54;2;97;1;3;1;12;1979;;
55;2;97;1;3;1;15;1972;;
56;2;97;1;3;1;12;1982;;
57;2;97;2;3;1;15;1990;;
58;2;97;1;3;1;15;1962;;
59;2;97;1;3;1;15;1962;;
60;2;97;1;3;1;15;1990;;
61;2;97;2;3;1;15;1972;;
62;2;97;1;3;1;15;1966;;
63;2;97;1;3;1;15;1970;;
64;2;97;1;3;1;15;1976;;
65;2;97;1;3;1;15;1964;;
66;2;97;1;3;1;12;1966;;
67;2;97;1;3;1;15;1971;;
68;2;97;1;3;1;15;1975;;
69;2;97;1;3;1;15;1978;;
70;2;97;1;3;1;15;1971;;
71;2;97;1;3;1;15;1973;;
72;2;97;1;3;1;15;1980;;
73;2;97;1;3;1;13;1962;;
74;2;97;1;3;1;15;1972;;
75;2;97;1;3;1;13;1962;;
76;2;97;1;3;1;15;1962;;
77;2;97;1;3;1;13;1968;;
78;2;97;1;3;1;12;1965;;
79;2;97;1;3;1;15;1962;;
80;2;97;1;3;1;15;1972;;
81;2;97;1;3;1;13;1972;;
82;2;97;1;3;1;13;1985;;
83;2;97;1;3;1;13;1968;;
84;2;97;1;3;1;15;1971;;
85;2;97;1;3;1;15;1990;;
86;2;97;1;3;1;15;1972;;
87;2;97;1;3;1;12;1986;;
88;2;97;1;3;1;15;1962;;
89;2;97;1;3;1;15;1972;;
90;2;97;1;3;1;15;1960;;
91;2;97;1;3;1;15;1970;;
92;2;97;1;3;1;15;1972;;
93;2;97;1;3;1;13;1962;;
94;2;97;1;3;1;15;1979;;
95;2;97;1;3;1;13;1970;;
96;2;97;1;3;1;15;1969;;
97;2;97;1;3;1;15;1998;;
98;2;97;1;3;1;15;1990;;
99;2;97;1;3;1;13;1963;;
100;2;97;1;3;1;12;1985;;
101;2;97;1;3;1;15;1965;;
102;2;97;1;3;1;12;1972;;
103;2;97;1;3;1;15;1974;;
104;2;97;1;3;1;15;1995;;
105;2;97;1;3;1;15;1972;;
106;2;97;1;3;1;15;1965;;
107;2;97;1;3;1;15;1987;;
108;2;97;1;3;1;15;1972;;
109;2;97;1;3;1;15;1985;;
110;2;97;1;3;1;15;1973;;
111;2;97;1;3;1;15;1985;;
112;2;97;1;3;1;15;1975;;
113;2;97;1;3;1;15;1975;;
114;2;97;1;3;1;13;20/05/1905;;
115;2;97;1;3;1;12;16/06/1967;;
1;2;246;1;3;1;12;08/06/1905;;
2;2;246;1;3;1;13;18/12/1988;;
3;2;246;1;1;1;13;NULL;;
4;2;246;1;3;1;255;03/11/1979;;
5;2;246;1;3;1;13;31/12/1994;;
6;2;246;1;3;1;13;11/08/1984;;
7;2;246;1;3;1;13;24/04/1990;;
8;2;246;1;3;1;15;15/05/1990;;
9;2;246;1;3;1;13;14/03/1999;;
10;2;246;1;3;1;13;19/08/1981;;
11;2;246;2;3;1;13;23/12/1955;;
12;2;246;1;3;1;13;19/06/1905;;
13;2;246;1;3;1;13;01/01/1990;;
14;2;246;1;1;1;13;11/12/1986;;
15;2;246;1;1;1;13;30/07/1986;;
16;2;246;1;3;1;13;25/12/1981;;
17;2;246;1;1;1;13;12/08/1999;;
18;2;246;2;3;1;15;1978;;
1;2;104;1;3;1;15;1972;;
2;2;104;1;3;1;13;1988;;
3;2;104;1;3;8;13;1990;;
4;2;104;2;3;2;15;1990;;
5;2;104;1;3;2;15;1980;;
6;2;104;1;3;8;13;1990;;
7;2;104;1;3;2;15;                                                                                                    ;;
1;2;122;1;3;1;13;1955;;
2;2;122;1;1;1;13;1993;;
3;2;122;1;3;1;13;1984;;
4;2;122;1;3;1;13;1974;;
5;2;122;1;3;1;13;1980;;
6;2;122;1;3;1;12;1984;;
7;2;122;1;3;1;13;1984;;
8;2;122;1;1;1;13;1959;;
9;2;122;1;3;1;13;1989;;
10;2;122;1;3;1;13;1994;;
11;2;122;1;3;1;13;1972;;
12;2;122;1;3;1;13;1989;;
13;2;122;1;3;1;13;1992;;
14;2;122;1;3;1;13;1966;;
15;2;122;1;3;1;13;1972;;
16;2;122;1;3;1;13;1969;;
17;2;122;1;3;1;13;1979;;
18;2;122;1;3;1;13;1983;;
19;2;122;1;1;1;12;1978;;
20;2;122;1;3;1;13;1980;;
21;2;122;1;3;1;13;1970;;
22;2;122;1;3;2;13;1984;;
23;2;122;1;3;1;13;1978;;
24;2;122;1;3;1;13;1977;;
25;2;122;1;3;1;12;1984;;
26;2;122;1;3;8;13;1986;;
27;2;122;1;3;1;13;1982;;
28;2;122;1;3;1;13;1995;;
29;2;122;1;3;10;13;1965;;
30;2;122;1;3;1;13;1988;;
31;2;122;1;3;1;13;1986;;
32;2;122;1;3;1;13;1976;;
33;2;122;1;3;1;13;1978;;
34;2;122;1;3;1;13;1990;;
35;2;122;1;3;1;13;1996;;
36;2;122;1;3;1;13;1966;;
37;2;122;1;3;1;13;1984;;
38;2;122;1;3;1;13;1987;;
39;2;122;1;3;1;13;1985;;
40;2;122;1;3;1;13;1990;;
41;2;122;1;3;1;13;1972;;
42;2;122;1;3;1;13;1977;;
43;2;122;1;3;1;13;1981;;
44;2;122;1;3;1;13;1971;;
45;2;122;1;3;1;13;1986;;
46;2;122;1;3;1;13;1994;;
47;2;122;1;3;1;13;1992;;
48;2;122;1;3;1;13;1989;;
49;2;122;1;3;1;13;1985;;
50;2;122;1;3;1;13;1977;;
51;2;122;1;3;1;13;1982;;
52;2;122;1;3;1;255;1984;;
53;2;122;1;3;1;13;1966;;
54;2;122;1;3;1;13;1992;;
55;2;122;1;3;1;13;1985;;
56;2;122;1;3;1;13;1994;;
57;2;122;1;3;1;13;1984;;
58;2;122;1;3;1;13;1988;;
59;2;122;1;3;1;13;1972;;
60;2;122;1;3;1;13;1994;;
61;2;122;1;3;1;13;1990;;
62;2;122;1;3;1;13;1973;;
63;2;122;1;3;1;13;1984;;
64;2;122;1;3;1;13;1969;;
65;2;122;1;3;1;13;1978;;
66;2;122;1;3;1;13;1993;;
67;2;122;1;3;1;13;1990;;
68;2;122;1;3;1;13;1966;;
69;2;122;1;3;1;13;1981;;
70;2;122;1;3;1;13;1974;;
71;2;122;1;3;1;13;1972;;
72;2;122;1;3;1;13;1976;;
73;2;122;1;3;1;13;1974;;
74;2;122;1;3;1;13;1988;;
75;2;122;1;3;1;13;1993;;
76;2;122;1;3;1;13;1992;;
77;2;122;1;3;1;13;1992;;
78;2;122;1;3;1;13;1996;;
79;2;122;1;3;1;13;1992;;
80;2;122;1;3;2;13;1986;;
81;2;122;1;3;1;13;1995;;
82;2;122;1;3;1;13;1974;;
83;2;122;1;3;1;13;1990;;
84;2;122;1;3;1;13;1994;;
85;2;122;2;3;1;13;1988;;
86;2;122;1;3;1;13;1971;;
87;2;122;1;3;1;13;1968;;
88;2;122;1;3;1;13;1953;;
89;2;122;2;3;1;13;1992;;
90;2;122;1;3;1;13;1981;;
91;2;122;1;3;1;13;1982;;
92;2;122;1;3;1;13;1989;;
93;2;122;1;3;1;13;1994;;
94;2;122;1;3;1;13;1986;;
95;2;122;1;3;1;13;1982;;
96;2;122;1;3;1;13;1980;;
97;2;122;1;3;1;13;1970;;
98;2;122;1;3;1;12;1984;;
99;2;122;1;3;1;13;1980;;
100;2;122;1;3;1;12;1983;;
101;2;122;1;1;1;12;1983;;
102;2;122;1;3;1;13;1982;;
103;2;122;1;3;1;13;                                                                                                    ;;
104;2;122;1;3;1;13;                                                                                                    ;;
105;2;122;1;3;1;13;11/08/1992;;
106;2;122;1;3;1;13;08/07/1988;;
107;2;122;1;3;1;13;05/02/1992;;
108;2;122;1;3;1;13;01/01/1973;;
109;2;122;1;3;1;13;                                                                                                    ;;
110;2;122;1;3;1;13;                                                                                                    ;;
111;2;122;1;3;1;13;25/02/1992;;
112;2;122;1;3;1;13;                                                                                                    ;;
113;2;122;1;3;1;13;01 08 1988                                                                                          ;;
114;2;122;1;3;1;13;25/05/1905;;
115;2;122;1;3;1;12;13/04/1992;;
116;2;122;1;3;1;13;                                                                                                    ;;
117;2;122;1;3;1;13;                                                                                                    ;;
118;2;122;1;3;1;13;1989;;
119;2;122;2;3;1;13;14/06/1905;;
120;2;122;1;3;1;13;01/01/1969;;
121;2;122;1;3;1;12;                                                                                                    ;;
122;2;122;1;3;1;13;01/01/1988;;
123;2;122;1;3;1;13;31/07/1984;;
124;2;122;1;3;1;13;1976;;
1;2;81;1;3;8;13;1974;;
2;2;81;1;3;1;13;1986;;
3;2;81;1;3;1;13;1977;;
4;2;81;1;3;1;13;1979;;
5;2;81;1;3;1;13;1979;;
6;2;81;1;3;1;13;1989;;
7;2;81;1;3;1;13;1984;;
8;2;81;1;3;1;14;1992;;
9;2;81;1;3;1;13;1975;;
10;2;81;1;3;1;14;1982;;
11;2;81;1;3;1;14;1986;;
12;2;81;1;3;1;14;1983;;
13;2;81;1;3;1;13;1986;;
14;2;81;1;3;1;14;1986;;
15;2;81;1;3;1;14;1986;;
16;2;81;1;3;1;14;1964;;
17;2;81;1;3;1;14;1988;;
18;2;81;1;3;1;14;1981;;
19;2;81;1;3;1;14;1983;;
20;2;81;1;3;1;14;1973;;
21;2;81;1;3;1;13;1983;;
22;2;81;1;3;1;13;1981;;
23;2;81;1;3;1;13;1975;;
24;2;81;1;3;1;13;1983;;
25;2;81;1;3;1;14;1993;;
26;2;81;2;3;1;14;1979;;
27;2;81;1;3;1;13;1986;;
28;2;81;1;3;1;13;1978;;
29;2;81;1;3;1;13;1991;;
30;2;81;1;3;1;13;1984;;
31;2;81;1;3;1;13;1976;;
32;2;81;1;3;1;13;1992;;
33;2;81;1;3;1;14;1980;;
34;2;81;2;3;1;15;1990;;
35;2;81;1;3;1;15;1980;;
36;2;81;1;3;1;13;1986;;
37;2;81;1;3;1;13;1984;;
38;2;81;1;3;1;13;1986;;
39;2;81;1;3;1;13;1985;;
40;2;81;1;3;1;14;1985;;
41;2;81;1;3;1;13;1983;;
42;2;81;1;3;1;14;1986;;
43;2;81;1;3;1;13;1984;;
44;2;81;1;3;1;14;1977;;
45;2;81;1;3;1;13;1975;;
46;2;81;1;3;1;14;1982;;
47;2;81;1;3;1;13;1978;;
48;2;81;1;3;1;13;1979;;
49;2;81;1;1;1;14;1986;;
50;2;81;1;1;10;14;02/06/1905;;
1;2;158;1;5;1;13;01/01/1963;;
2;2;158;1;1;1;13;17/08/1965;;
3;2;158;1;1;1;13;31/03/1970;;
4;2;158;1;1;1;13;01/01/1966;;
5;2;158;1;1;1;13;14/06/1961;;
6;2;158;1;1;1;13;01/01/1970;;
7;2;158;1;1;1;13;07/08/1968;;
8;2;158;1;1;1;13;14/05/1988;;
9;2;158;1;1;1;14;10/08/1981;;
10;2;158;1;1;1;14;15/10/1966;;
11;2;158;1;1;1;14;01/01/1966;;
12;2;158;1;1;1;14;01/02/1991;;
13;2;158;1;1;1;14;01/10/1987;;
14;2;158;1;1;1;14;02/10/1987;;
15;2;158;1;1;1;14;01/01/1970;;
16;2;158;1;1;1;14;03/11/1976;;
17;2;158;1;1;1;14;01/01/1959;;
18;2;158;1;1;1;14;24/03/1961;;
19;2;158;2;1;1;14;29/10/1972;;
20;2;158;2;1;1;14;11/12/1982;;
21;2;158;2;1;1;14;29/08/1981;;
22;2;158;2;1;1;14;25/09/1975;;
23;2;158;1;1;1;14;05/06/1960;;
24;2;158;1;1;1;14;07/12/1976;;
25;2;158;1;1;1;14;19/06/1979;;
26;2;158;1;1;1;14;12/11/1978;;
27;2;158;1;1;1;14;01/01/1967;;
28;2;158;1;1;1;14;17/09/1981;;
29;2;158;1;1;1;14;01/01/1963;;
30;2;158;1;1;1;14;07/04/1971;;
31;2;158;1;1;1;14;01/01/1965;;
32;2;158;1;3;1;14;1983;;
33;2;158;1;3;1;14;1991;;
34;2;158;1;3;1;14;1994;;
35;2;158;1;3;1;14;1994;;
36;2;158;1;3;1;14;1988;;
37;2;158;1;3;1;14;1987;;
38;2;158;1;3;1;14;1989;;
39;2;158;1;3;1;255;1991;;
40;2;158;1;3;1;14;1993;;
41;2;158;1;3;1;13;1994;;
42;2;158;1;3;1;14;1992;;
43;2;158;1;3;1;14;1992;;
44;2;158;1;3;1;14;1993;;
45;2;158;1;3;1;14;1990;;
46;2;158;1;3;1;14;1990;;
47;2;158;1;3;1;13;                                                                                                    ;;
48;2;158;1;3;1;13;                                                                                                    ;;
49;2;158;1;3;1;13;1989;;
50;2;158;2;3;1;13;                                                                                                    ;;
51;2;158;1;3;1;14;                                                                                                    ;;
52;2;158;1;3;1;13;                                                                                                    ;;
53;2;158;1;3;1;14;01/01/1967;;
54;2;158;1;3;1;14;29/05/1905;;
55;2;158;1;3;1;14;16/05/1993;;
56;2;158;1;3;1;14;23/12/1955;;
57;2;158;1;3;1;255;25/07/1973;;
58;2;158;1;3;1;255;                                                                                                    ;;
59;2;158;1;3;1;14;                                                                                                    ;;
60;2;158;1;3;1;14;31/10/1975;;
61;2;158;1;3;1;14;15/05/1969;;
62;2;158;1;3;1;14;09/09/1987;;
63;2;158;1;3;1;14;                                                                                                    ;;
64;2;158;1;3;1;255;                                                                                                    ;;
65;2;158;2;3;1;15;28/07/1992;;
66;2;158;1;3;1;13;                                                                                                    ;;
67;2;158;1;3;1;14;                                                                                                    ;;
68;2;158;1;3;1;14;                                                                                                    ;;
69;2;158;1;3;1;14;                                                                                                    ;;
70;2;158;1;3;1;13;                                                                                                    ;;
71;2;158;1;3;1;13;11/10/1991;;
72;2;158;1;3;1;15;                                                                                                    ;;
73;2;158;1;3;1;13;                                                                                                    ;;
74;2;158;1;3;1;255;1981;;
75;2;158;1;3;1;255;1988;;
76;2;158;1;3;1;14;1970;;
77;2;158;1;3;1;14;1970;;
78;2;158;1;3;1;255;1955;;
79;2;158;1;3;1;255;1987;;
80;2;158;1;3;1;255;1990;;
81;2;158;1;3;1;255;1987;;
82;2;158;1;3;1;14;1970;;
83;2;158;1;3;1;13;                                                                                                    ;;
84;2;158;1;3;1;14;                                                                                                    ;;
85;2;158;1;3;1;13;                                                                                                    ;;
86;2;158;1;3;1;14;                                                                                                    ;;
87;2;158;1;3;1;14;                                                                                                    ;;
88;2;158;1;3;1;14;                                                                                                    ;;
89;2;158;1;3;1;14;                                                                                                    ;;
90;2;158;1;3;1;14;                                                                                                    ;;
91;2;158;1;3;1;14;                                                                                                    ;;
92;2;158;1;3;1;14;                                                                                                    ;;
93;2;158;1;3;1;14;                                                                                                    ;;
94;2;158;1;3;1;14;                                                                                                    ;;
95;2;158;1;3;1;13;                                                                                                    ;;
96;2;158;1;3;1;13;                                                                                                    ;;
97;2;158;1;3;1;14;                                                                                                    ;;
98;2;158;1;3;1;255;                                                                                                    ;;
99;2;158;1;3;1;14;                                                                                                    ;;
100;2;158;1;3;1;14;                                                                                                    ;;
101;2;158;1;3;1;14;                                                                                                    ;;
102;2;158;1;3;1;14;                                                                                                    ;;
103;2;158;1;3;1;14;                                                                                                    ;;
104;2;158;1;3;1;14;                                                                                                    ;;
105;2;158;1;3;1;14;                                                                                                    ;;
106;2;158;1;3;1;255;                                                                                                    ;;
107;2;158;1;3;1;14;                                                                                                    ;;
108;2;158;1;3;1;14;                                                                                                    ;;
109;2;158;1;3;1;13;                                                                                                    ;;
110;2;158;1;3;1;14;                                                                                                    ;;
111;2;158;1;3;1;14;                                                                                                    ;;
112;2;158;2;3;1;14;                                                                                                    ;;
113;2;158;1;3;1;14;                                                                                                    ;;
114;2;158;1;3;1;14;                                                                                                    ;;
115;2;158;2;3;1;13;                                                                                                    ;;
116;2;158;1;3;1;14;                                                                                                    ;;
117;2;158;1;3;1;14;                                                                                                    ;;
118;2;158;1;3;1;14;                                                                                                    ;;
119;2;158;1;3;1;13;                                                                                                    ;;
120;2;158;1;3;1;14;                                                                                                    ;;
121;2;158;1;3;1;13;                                                                                                    ;;
122;2;158;1;3;1;13;                                                                                                    ;;
123;2;158;1;3;1;14;                                                                                                    ;;
124;2;158;1;3;1;13;                                                                                                    ;;
125;2;158;1;3;1;13;                                                                                                    ;;
126;2;158;1;3;1;14;                                                                                                    ;;
127;2;158;1;3;1;13;                                                                                                    ;;
128;2;158;1;3;1;255;                                                                                                    ;;
129;2;158;1;3;1;13;                                                                                                    ;;
130;2;158;1;3;1;14;                                                                                                    ;;
1;2;126;1;1;1;13;1966;;
2;2;126;1;1;1;13;1976;;
3;2;126;1;1;1;13;1971;;
4;2;126;1;1;1;13;1963;;
5;2;126;1;1;1;13;1966;;
6;2;126;1;1;1;13;1966;;
7;2;126;2;1;1;14;1975;;
8;2;126;1;1;1;14;1983;;
9;2;126;2;1;1;13;1970;;
10;2;126;2;1;1;13;1977;;
11;2;126;1;1;1;14;1969;;
12;2;126;2;1;1;13;1981;;
13;2;126;2;1;1;13;1970;;
14;2;126;2;1;1;13;1977;;
15;2;126;2;1;1;14;1974;;
16;2;126;2;1;1;13;1980;;
17;2;126;2;1;1;14;1973;;
18;2;126;2;1;1;13;1976;;
19;2;126;1;1;1;14;1964;;
20;2;126;2;1;1;13;1972;;
21;2;126;2;1;1;13;1976;;
22;2;126;2;1;1;13;1972;;
23;2;126;2;1;1;13;1972;;
24;2;126;2;1;1;13;1978;;
25;2;126;2;1;1;13;1974;;
26;2;126;2;1;1;13;1968;;
27;2;126;2;1;1;13;1973;;
28;2;126;2;1;1;13;1985;;
29;2;126;2;1;1;13;1985;;
30;2;126;1;1;1;12;1984;;
31;2;126;1;1;1;12;1965;;
32;2;126;1;1;1;12;1972;;
33;2;126;1;1;1;13;1970;;
34;2;126;2;1;1;13;1973;;
35;2;126;2;1;1;13;1978;;
36;2;126;2;1;1;13;1975;;
37;2;126;2;1;1;13;1975;;
38;2;126;2;1;1;13;1972;;
39;2;126;1;1;1;13;1964;;
40;2;126;2;1;1;13;1965;;
41;2;126;1;1;1;13;1966;;
42;2;126;1;1;1;13;1978;;
43;2;126;1;1;1;12;1969;;
44;2;126;2;1;1;13;1968;;
45;2;126;2;1;1;13;1967;;
46;2;126;1;1;1;13;1980;;
47;2;126;2;1;1;13;1964;;
48;2;126;2;1;1;13;1971;;
49;2;126;2;1;1;13;1967;;
50;2;126;2;1;1;13;1969;;
51;2;126;2;1;1;13;1976;;
52;2;126;2;1;1;13;1970;;
53;2;126;1;1;1;13;1965;;
54;2;126;1;1;1;13;1974;;
55;2;126;2;1;1;13;1986;;
56;2;126;1;1;1;13;1985;;
57;2;126;2;1;1;14;                                                                                                    ;;
58;2;126;1;1;1;14;                                                                                                    ;;
59;2;126;1;3;1;12;                                                                                                    ;;
60;2;126;1;3;1;13;                                                                                                    ;;
61;2;126;1;3;1;14;                                                                                                    ;;
62;2;126;1;3;1;13;                                                                                                    ;;
63;2;126;1;3;1;13;                                                                                                    ;;
64;2;126;1;3;1;13;                                                                                                    ;;
65;2;126;1;3;1;12;                                                                                                    ;;
66;2;126;1;3;1;12;                                                                                                    ;;
67;2;126;1;3;1;12;                                                                                                    ;;
68;2;126;1;3;1;12;                                                                                                    ;;
69;2;126;1;3;1;12;                                                                                                    ;;
70;2;126;2;3;1;12;                                                                                                    ;;
71;2;126;1;3;1;12;                                                                                                    ;;
72;2;126;1;3;1;12;                                                                                                    ;;
73;2;126;1;3;1;12;                                                                                                    ;;
74;2;126;2;3;1;12;                                                                                                    ;;
75;2;126;1;3;1;13;                                                                                                    ;;
76;2;126;1;3;1;13;                                                                                                    ;;
77;2;126;1;3;1;13;                                                                                                    ;;
78;2;126;1;3;1;13;                                                                                                    ;;
79;2;126;1;3;1;13;                                                                                                    ;;
80;2;126;1;3;1;13;                                                                                                    ;;
81;2;126;1;3;1;13;                                                                                                    ;;
82;2;126;1;3;1;12;                                                                                                    ;;
83;2;126;1;3;1;12;                                                                                                    ;;
84;2;126;1;3;1;12;                                                                                                    ;;
85;2;126;1;3;1;12;                                                                                                    ;;
86;2;126;1;3;1;13;                                                                                                    ;;
87;2;126;1;3;1;12;                                                                                                    ;;
88;2;126;1;3;1;12;                                                                                                    ;;
89;2;126;1;3;1;12;                                                                                                    ;;
90;2;126;1;3;1;12;                                                                                                    ;;
91;2;126;1;3;1;12;                                                                                                    ;;
92;2;126;1;3;1;12;                                                                                                    ;;
93;2;126;1;3;1;12;                                                                                                    ;;
94;2;126;1;3;1;12;                                                                                                    ;;
95;2;126;1;3;1;12;                                                                                                    ;;
96;2;126;1;3;1;12;                                                                                                    ;;
97;2;126;2;3;1;12;                                                                                                    ;;
98;2;126;1;3;1;12;                                                                                                    ;;
99;2;126;1;3;1;12;                                                                                                    ;;
100;2;126;1;3;1;12;                                                                                                    ;;
101;2;126;1;3;1;12;                                                                                                    ;;
102;2;126;1;3;1;12;                                                                                                    ;;
103;2;126;1;3;1;13;                                                                                                    ;;
104;2;126;1;3;1;13;                                                                                                    ;;
105;2;126;2;3;1;13;                                                                                                    ;;
106;2;126;1;3;1;13;                                                                                                    ;;
107;2;126;1;3;1;13;                                                                                                    ;;
108;2;126;1;3;1;12;                                                                                                    ;;
109;2;126;1;3;1;12;                                                                                                    ;;
110;2;126;1;3;1;12;                                                                                                    ;;
111;2;126;1;3;1;12;                                                                                                    ;;
112;2;126;1;3;1;12;                                                                                                    ;;
113;2;126;1;3;1;12;                                                                                                    ;;
114;2;126;1;3;1;12;                                                                                                    ;;
115;2;126;1;3;1;12;                                                                                                    ;;
116;2;126;1;3;1;12;                                                                                                    ;;
117;2;126;1;3;1;13;                                                                                                    ;;
118;2;126;1;3;1;13;                                                                                                    ;;
119;2;126;2;3;1;13;                                                                                                    ;;
120;2;126;1;3;1;13;                                                                                                    ;;
121;2;126;2;3;1;13;                                                                                                    ;;
122;2;126;1;3;1;13;                                                                                                    ;;
123;2;126;2;3;1;13;                                                                                                    ;;
124;2;126;1;3;1;12;                                                                                                    ;;
125;2;126;1;3;1;12;                                                                                                    ;;
126;2;126;1;3;1;12;                                                                                                    ;;
127;2;126;1;3;1;12;                                                                                                    ;;
128;2;126;2;3;1;12;                                                                                                    ;;
129;2;126;1;3;1;12;                                                                                                    ;;
130;2;126;1;3;1;12;                                                                                                    ;;
131;2;126;1;3;1;12;                                                                                                    ;;
132;2;126;1;3;1;12;                                                                                                    ;;
133;2;126;1;3;1;12;                                                                                                    ;;
134;2;126;1;3;1;12;                                                                                                    ;;
135;2;126;1;3;1;12;                                                                                                    ;;
136;2;126;1;3;1;12;                                                                                                    ;;
137;2;126;1;3;1;12;                                                                                                    ;;
138;2;126;1;3;1;12;                                                                                                    ;;
139;2;126;1;3;1;12;                                                                                                    ;;
140;2;126;1;3;1;12;                                                                                                    ;;
141;2;126;1;3;1;12;                                                                                                    ;;
142;2;126;1;3;1;12;                                                                                                    ;;
143;2;126;1;3;1;12;                                                                                                    ;;
144;2;126;2;3;1;13;                                                                                                    ;;
145;2;126;1;3;1;13;                                                                                                    ;;
146;2;126;1;3;1;13;                                                                                                    ;;
147;2;126;1;3;1;12;                                                                                                    ;;
148;2;126;2;3;1;13;                                                                                                    ;;
149;2;126;1;3;1;13;                                                                                                    ;;
150;2;126;1;3;1;13;                                                                                                    ;;
151;2;126;1;3;1;13;                                                                                                    ;;
152;2;126;1;3;1;13;                                                                                                    ;;
1;2;160;2;3;1;13;1979;;
2;2;160;1;3;10;12;1972;;
3;2;160;1;3;1;13;1970;;
4;2;160;1;3;1;13;1972;;
5;2;160;1;3;1;13;1967;;
6;2;160;1;3;6;13;1972;;
7;2;160;1;3;1;13;1958;;
8;2;160;1;3;1;13;1970;;
9;2;160;1;3;1;12;1958;;
10;2;160;1;3;1;13;                                                                                                    ;;
11;2;160;1;3;1;13;1977;;
12;2;160;1;3;1;13;                                                                                                    ;;
13;2;160;1;3;1;12;1972;;
14;2;160;1;3;1;13;                                                                                                    ;;
15;2;160;1;3;1;12;1970;;
16;2;160;1;3;1;12;                                                                                                    ;;
17;2;160;1;3;1;12;                                                                                                    ;;
18;2;160;1;3;1;13;                                                                                                    ;;
19;2;160;1;3;1;13;1979;;
20;2;160;1;3;1;12;1970;;
21;2;160;1;3;1;12;1979;;
22;2;160;2;3;1;13;1986;;
23;2;160;2;3;1;13;1978;;
24;2;160;1;3;1;12;                                                                                                    ;;
25;2;160;1;3;1;12;                                                                                                    ;;
26;2;160;1;3;1;12;1960;;
27;2;160;1;3;1;12;                                                                                                    ;;
28;2;160;1;3;1;12;1979;;
29;2;160;2;3;1;12;1976;;
30;2;160;1;3;1;12;1968;;
31;2;160;1;3;1;12;                                                                                                    ;;
32;2;160;1;3;1;12;1969;;
33;2;160;1;3;1;13;1984;;
34;2;160;1;3;1;13;                                                                                                    ;;
35;2;160;1;3;1;12;                                                                                                    ;;
36;2;160;1;3;1;14;1979;;
37;2;160;1;3;1;14;                                                                                                    ;;
38;2;160;1;3;1;14;                                                                                                    ;;
39;2;160;1;3;1;13;                                                                                                    ;;
40;2;160;1;3;1;13;                                                                                                    ;;
41;2;160;1;3;1;12;                                                                                                    ;;
42;2;160;1;3;1;13;                                                                                                    ;;
43;2;160;1;3;1;13;                                                                                                    ;;
44;2;160;1;3;1;13;                                                                                                    ;;
45;2;160;2;3;1;12;                                                                                                    ;;
46;2;160;1;3;1;13;                                                                                                    ;;
47;2;160;1;3;1;13;1975;;
48;2;160;1;3;1;13;1979;;
49;2;160;1;3;1;13;                                                                                                    ;;
50;2;160;1;3;1;12;                                                                                                    ;;
51;2;160;1;3;1;13;                                                                                                    ;;
52;2;160;1;3;8;13;                                                                                                    ;;
53;2;160;1;3;1;13;                                                                                                    ;;
54;2;160;1;3;1;13;                                                                                                    ;;
55;2;160;1;3;1;13;                                                                                                    ;;
56;2;160;1;3;1;13;1972;;
57;2;160;1;3;1;13;1978;;
58;2;160;1;3;1;13;1969;;
59;2;160;1;3;1;13;                                                                                                    ;;
60;2;160;1;3;1;12;                                                                                                    ;;
61;2;160;1;3;1;12;                                                                                                    ;;
62;2;160;1;3;3;13;                                                                                                    ;;
63;2;160;1;3;1;13;                                                                                                    ;;
64;2;160;1;3;1;13;                                                                                                    ;;
65;2;160;1;3;1;13;                                                                                                    ;;
66;2;160;1;3;1;13;                                                                                                    ;;
67;2;160;1;3;1;13;                                                                                                    ;;
68;2;160;1;3;1;13;                                                                                                    ;;
69;2;160;1;3;1;13;                                                                                                    ;;
70;2;160;1;3;1;13;                                                                                                    ;;
71;2;160;1;3;1;13;                                                                                                    ;;
72;2;160;1;3;1;13;                                                                                                    ;;
73;2;160;1;3;1;13;                                                                                                    ;;
74;2;160;1;3;1;12;                                                                                                    ;;
75;2;160;1;3;1;13;                                                                                                    ;;
76;2;160;1;3;1;12;                                                                                                    ;;
77;2;160;1;3;3;13;1960;;
78;2;160;1;3;1;13;                                                                                                    ;;
79;2;160;1;3;1;12;                                                                                                    ;;
80;2;160;1;3;1;12;                                                                                                    ;;
81;2;160;1;3;1;13;                                                                                                    ;;
82;2;160;1;3;1;13;                                                                                                    ;;
83;2;160;1;3;1;13;                                                                                                    ;;
84;2;160;1;3;1;13;1989;;
85;2;160;1;3;1;13;                                                                                                    ;;
86;2;160;1;3;1;13;                                                                                                    ;;
87;2;160;1;3;1;13;                                                                                                    ;;
88;2;160;1;3;1;12;                                                                                                    ;;
89;2;160;1;3;1;13;                                                                                                    ;;
90;2;160;1;3;1;13;                                                                                                    ;;
91;2;160;1;3;1;13;1981;;
92;2;160;1;3;1;13;1991;;
93;2;160;1;3;1;13;                                                                                                    ;;
94;2;160;1;3;1;13;1987;;
95;2;160;1;3;1;13;1988;;
96;2;160;1;3;1;13;1986;;
97;2;160;1;3;10;12;1956;;
98;2;160;1;3;1;13;1985;;
99;2;160;1;3;1;13;1988;;
100;2;160;1;3;1;13;1984;;
101;2;160;1;3;1;13;1989;;
102;2;160;1;3;1;13;1994;;
103;2;160;1;3;1;13;1991;;
104;2;160;1;3;1;13;1993;;
105;2;160;1;3;1;13;1987;;
106;2;160;1;3;1;13;1996;;
107;2;160;1;3;1;13;1992;;
1;2;238;1;3;1;40;1977;;
2;2;238;1;3;1;40;1990;;
3;2;238;1;3;1;40;1969;;
4;2;238;1;3;1;40;1991;;
5;2;238;1;3;10;40;1991;;
6;2;238;1;3;1;40;1984;;
7;2;238;1;3;1;40;1967;;
8;2;238;1;3;1;40;1986;;
9;2;238;1;3;1;40;1963;;
10;2;238;2;3;1;40;1986;;
11;2;238;1;3;1;13;1989;;
12;2;238;1;3;1;13;1963;;
13;2;238;1;3;1;13;1986;;
14;2;238;1;3;1;13;1985;;
15;2;238;1;3;1;13;1977;;
16;2;238;1;3;1;12;1985;;
17;2;238;1;3;1;13;1966;;
18;2;238;1;3;1;12;1990;;
19;2;238;1;1;10;12;1969;;
20;2;238;1;1;8;13;1983;;
21;2;238;2;1;1;40;1981;;
22;2;238;2;1;10;40;22/06/1905;;
1;2;169;1;5;1;12;01/01/1982;;
2;2;169;1;3;1;12;01/01/1987;;
3;2;169;1;3;1;12;03/09/1977;;
4;2;169;1;3;1;12;07/04/1980;;
5;2;169;1;3;1;13;01/01/1987;;
6;2;169;1;3;1;12;22/01/1986;;
7;2;169;1;3;1;13;27/12/1976;;
8;2;169;1;3;1;13;05/04/1985;;
9;2;169;1;3;1;12;15/11/1985;;
10;2;169;1;1;1;13;15/11/1986;;
11;2;169;1;3;1;12;01/01/1999;;
12;2;169;1;3;1;12;01/01/1983;;
13;2;169;1;3;1;15;01/01/1976;;
14;2;169;1;3;1;12;22/01/1983;;
15;2;169;1;3;1;13;12/06/1981;;
16;2;169;1;3;1;12;23/06/1968;;
1;2;180;1;1;1;255;31/12/1975;;
2;2;180;1;1;5;14;07/07/1981;;
3;2;180;1;1;9;255;19/05/1992;;
4;2;180;1;1;3;255;26/09/1991;;
5;2;180;1;1;9;14;09/12/1973;;
6;2;180;1;1;1;14;15/04/1995;;
7;2;180;1;1;2;255;02/09/1986;;
8;2;180;1;1;6;255;31/12/1986;;
9;2;180;1;1;7;255;19/10/1968;;
10;2;180;1;1;7;255;13/11/1970;;
11;2;180;1;1;2;14;14/05/1966;;
12;2;180;1;1;8;14;04/09/1987;;
13;2;180;1;1;8;14;13/07/1976;;
14;2;180;1;1;8;255;15/08/1981;;
15;2;180;1;1;8;14;20/09/1977;;
16;2;180;1;1;8;255;10/02/1975;;
17;2;180;1;1;9;14;01/05/1984;;
18;2;180;1;1;9;255;08/06/1984;;
19;2;180;1;1;9;14;10/04/1980;;
20;2;180;1;1;9;14;08/02/1975;;
21;2;180;1;1;9;14;30/12/1981;;
22;2;180;1;1;9;14;05/12/1977;;
23;2;180;1;1;9;14;20/12/1980;;
24;2;180;1;1;9;14;31/12/1975;;
25;2;180;1;1;5;14;17/08/1973;;
26;2;180;1;1;5;14;20/04/1974;;
27;2;180;1;1;5;14;16/03/1975;;
28;2;180;1;1;5;14;25/09/1975;;
29;2;180;1;1;5;14;29/01/1978;;
30;2;180;1;1;1;255;22/03/1980;;
31;2;180;1;1;1;14;31/12/1978;;
32;2;180;1;1;1;13;31/12/1979;;
33;2;180;1;1;1;255;31/12/1970;;
34;2;180;1;1;1;255;31/12/1980;;
35;2;180;1;1;1;255;31/12/1971;;
36;2;180;1;1;1;255;23/12/1971;;
37;2;180;1;1;9;14;30/08/1970;;
38;2;180;1;1;9;14;21/09/1977;;
39;2;180;1;1;9;14;21/05/1966;;
40;2;180;1;1;9;14;08/03/1971;;
41;2;180;1;1;6;255;27/11/1972;;
42;2;180;1;1;2;14;31/12/1968;;
43;2;180;1;1;2;255;19/01/1971;;
44;2;180;1;1;3;14;14/10/1984;;
45;2;180;1;1;3;255;06/09/1967;;
46;2;180;1;1;9;14;20/04/1975;;
47;2;180;1;1;9;14;30/10/1970;;
1;2;115;1;3;1;15;1962;;
2;2;115;1;3;1;15;1961;;
3;2;115;2;3;1;15;1971;;
4;2;115;1;3;1;15;1966;;
5;2;115;1;3;1;15;1967;;
6;2;115;1;3;1;15;1997;;
7;2;115;2;3;1;15;1999;;
8;2;115;1;3;1;15;1971;;
9;2;115;1;3;1;15;1957;;
10;2;115;2;3;1;15;1961;;
11;2;115;1;3;1;15;1983;;
12;2;115;1;3;1;15;1988;;
13;2;115;1;3;1;15;1983;;
14;2;115;1;3;1;15;1974;;
15;2;115;1;3;1;15;1964;;
1;2;144;1;3;1;15;1992;;
2;2;144;2;3;1;13;1990;;
3;2;144;1;3;1;12;1990;;
4;2;144;2;3;1;15;1970;;
5;2;144;1;3;1;15;1990;;
6;2;144;1;3;1;15;1991;;
7;2;144;1;3;1;13;1989;;
8;2;144;1;3;1;12;1988;;
9;2;144;1;3;1;12;1989;;
10;2;144;1;3;1;15;1971;;
11;2;144;1;3;1;13;1990;;
12;2;144;1;3;1;13;1986;;
13;2;144;2;3;1;15;1975;;
14;2;144;1;3;1;13;1972;;
15;2;144;1;3;1;13;1970;;
16;2;144;1;3;1;13;1977;;
17;2;144;1;3;1;13;1987;;
18;2;144;1;3;1;13;1970;;
19;2;144;1;3;1;12;1971;;
20;2;144;2;3;1;13;1992;;
21;2;144;2;3;1;13;1981;;
22;2;144;1;3;1;12;1989;;
23;2;144;1;3;1;13;1992;;
24;2;144;1;3;1;13;1969;;
25;2;144;1;3;1;13;1984;;
26;2;144;1;3;1;12;1970;;
27;2;144;1;3;1;13;1966;;
28;2;144;1;3;1;13;1987;;
29;2;144;1;3;1;13;1986;;
30;2;144;2;3;1;13;1987;;
31;2;144;2;3;1;13;1990;;
32;2;144;1;3;1;13;1966;;
33;2;144;1;3;1;13;1977;;
34;2;144;1;3;1;12;1962;;
35;2;144;1;3;1;13;1964;;
36;2;144;2;3;1;13;1983;;
37;2;144;2;3;1;13;1986;;
38;2;144;2;3;1;13;1978;;
39;2;144;2;3;1;12;1990;;
40;2;144;1;3;1;12;1977;;
41;2;144;1;3;1;13;1990;;
42;2;144;1;3;1;12;1989;;
43;2;144;2;3;1;13;1988;;
44;2;144;2;3;1;13;1983;;
45;2;144;2;3;1;15;1975;;
46;2;144;2;3;1;13;1989;;
47;2;144;1;3;1;13;1990;;
1;2;164;1;3;1;12;1960;;
2;2;164;1;3;1;12;1993;;
3;2;164;1;3;1;12;1989;;
4;2;164;1;3;1;12;1980;;
5;2;164;1;3;1;12;1975;;
6;2;164;1;3;1;12;1982;;
7;2;164;1;3;1;14;1993;;
8;2;164;1;3;1;13;1968;;
9;2;164;1;3;1;15;1982;;
10;2;164;1;3;1;12;1957;;
11;2;164;1;3;1;12;1989;;
12;2;164;1;3;1;13;1988;;
13;2;164;1;3;1;13;1995;;
14;2;164;2;3;1;14;1992;;
15;2;164;2;3;1;12;1972;;
16;2;164;1;3;1;12;1989;;
17;2;164;1;3;1;12;1992;;
18;2;164;1;3;1;12;1991;;
19;2;164;1;3;1;12;1988;;
20;2;164;1;3;1;13;1992;;
21;2;164;1;3;1;12;1995;;
22;2;164;1;3;1;12;1988;;
23;2;164;1;3;1;12;1960;;
24;2;164;1;3;1;12;1994;;
25;2;164;2;3;1;12;1992;;
26;2;164;1;3;1;12;1995;;
27;2;164;1;3;1;12;1988;;
28;2;164;1;3;1;12;1994;;
29;2;164;1;3;1;13;1986;;
30;2;164;1;3;1;12;1988;;
31;2;164;1;3;2;12;1978;;
32;2;164;1;3;1;12;1989;;
33;2;164;1;3;1;12;1985;;
34;2;164;1;3;1;12;1984;;
35;2;164;1;3;1;12;1947;;
36;2;164;1;3;1;12;1988;;
37;2;164;1;3;1;12;1990;;
38;2;164;1;3;1;12;1989;;
39;2;164;1;3;1;12;1957;;
40;2;164;1;3;1;13;1988;;
41;2;164;1;3;1;12;1994;;
42;2;164;1;3;1;12;1987;;
43;2;164;1;3;1;12;1991;;
44;2;164;1;3;1;12;1990;;
45;2;164;2;3;1;12;1989;;
46;2;164;2;3;1;12;1991;;
47;2;164;1;3;1;12;1975;;
48;2;164;1;3;1;12;1992;;
49;2;164;1;3;1;12;1992;;
50;2;164;1;3;1;12;1992;;
51;2;164;1;3;1;12;1975;;
52;2;164;1;3;1;12;1972;;
53;2;164;1;3;1;12;1977;;
54;2;164;1;3;1;14;1957;;
55;2;164;1;3;1;14;1975;;
56;2;164;1;3;1;12;1988;;
57;2;164;1;3;1;12;1975;;
58;2;164;1;3;1;12;1988;;
59;2;164;1;3;1;13;1988;;
60;2;164;1;3;1;12;1972;;
61;2;164;1;3;1;12;1987;;
62;2;164;1;3;1;12;1988;;
63;2;164;1;3;1;12;1982;;
64;2;164;1;3;1;12;1972;;
65;2;164;1;3;1;12;1981;;
66;2;164;2;3;1;12;1987;;
67;2;164;1;3;1;12;1985;;
68;2;164;1;3;1;12;1988;;
69;2;164;1;3;1;12;1986;;
70;2;164;1;3;1;12;1978;;
71;2;164;1;3;1;12;1987;;
72;2;164;1;3;1;12;1986;;
73;2;164;2;3;1;13;1972;;
74;2;164;1;3;1;12;1988;;
75;2;164;2;3;1;12;1986;;
76;2;164;1;3;1;12;1986;;
77;2;164;1;3;1;15;1957;;
78;2;164;1;3;1;12;1986;;
79;2;164;1;3;1;13;1995;;
80;2;164;1;3;1;12;1988;;
81;2;164;1;3;1;12;1987;;
82;2;164;1;3;1;13;1987;;
83;2;164;1;3;1;12;1988;;
84;2;164;2;3;1;13;1995;;
85;2;164;2;3;1;12;1992;;
1;2;131;1;3;1;13;                                                                                                    ;;
2;2;131;1;3;1;13;                                                                                                    ;;
3;2;131;1;3;1;13;                                                                                                    ;;
4;2;131;1;3;1;13;                                                                                                    ;;
5;2;131;1;3;2;13;                                                                                                    ;;
6;2;131;1;3;1;13;                                                                                                    ;;
7;2;131;1;3;2;12;                                                                                                    ;;
8;2;131;1;3;2;13;                                                                                                    ;;
9;2;131;1;3;2;12;                                                                                                    ;;
10;2;131;1;3;1;12;                                                                                                    ;;
11;2;131;1;3;1;12;                                                                                                    ;;
12;2;131;1;1;1;12;                                                                                                    ;;
13;2;131;1;1;1;12;                                                                                                    ;;
14;2;131;1;3;1;13;                                                                                                    ;;
15;2;131;1;3;1;13;                                                                                                    ;;
16;2;131;1;3;1;13;                                                                                                    ;;
17;2;131;1;3;8;13;                                                                                                    ;;
18;2;131;1;3;1;13;                                                                                                    ;;
19;2;131;1;3;1;13;                                                                                                    ;;
20;2;131;2;3;2;13;                                                                                                    ;;
21;2;131;1;3;1;13;                                                                                                    ;;
22;2;131;1;3;1;13;                                                                                                    ;;
23;2;131;1;3;1;13;                                                                                                    ;;
24;2;131;1;3;1;13;                                                                                                    ;;
25;2;131;1;3;1;13;                                                                                                    ;;
1;2;60;1;1;3;13;1974;;
2;2;60;1;1;2;13;1979;;
3;2;60;1;3;8;13;1980;;
4;2;60;2;3;1;13;1978;;
5;2;60;2;3;1;12;1980;;
6;2;60;1;3;2;13;1988;;
7;2;60;1;3;8;13;1978;;
8;2;60;2;3;2;13;1990;;
9;2;60;1;3;8;12;1985;;
10;2;60;1;3;3;13;1991;;
11;2;60;1;3;1;13;1970;;
12;2;60;1;3;1;13;1995;;
1;2;159;1;3;1;13;                                                                                                    ;;
2;2;159;1;3;1;14;                                                                                                    ;;
3;2;159;1;3;1;14;                                                                                                    ;;
4;2;159;1;3;1;14;                                                                                                    ;;
5;2;159;1;3;1;14;                                                                                                    ;;
6;2;159;1;3;1;15;                                                                                                    ;;
7;2;159;1;3;1;15;                                                                                                    ;;
8;2;159;1;3;1;15;                                                                                                    ;;
9;2;159;1;3;1;14;                                                                                                    ;;
10;2;159;1;3;1;14;                                                                                                    ;;
11;2;159;2;3;1;14;                                                                                                    ;;
12;2;159;1;3;1;14;                                                                                                    ;;
13;2;159;1;3;1;14;                                                                                                    ;;
14;2;159;1;3;1;14;                                                                                                    ;;
15;2;159;2;3;1;14;                                                                                                    ;;
16;2;159;1;3;1;14;                                                                                                    ;;
1;2;163;1;3;1;13;                                                                                                    ;;
2;2;163;1;3;1;13;                                                                                                    ;;
3;2;163;1;3;1;14;                                                                                                    ;;
4;2;163;1;1;1;14;1954;;
5;2;163;1;1;1;14;1952;;
6;2;163;1;3;1;14;                                                                                                    ;;
7;2;163;1;3;1;13;                                                                                                    ;;
8;2;163;1;3;1;14;1958;;
9;2;163;1;3;5;14;                                                                                                    ;;
10;2;163;2;3;1;13;                                                                                                    ;;
11;2;163;1;1;5;12;                                                                                                    ;;
12;2;163;2;3;1;13;1961;;
1;2;171;1;3;1;12;                                                                                                    ;;
2;2;171;1;3;1;12;                                                                                                    ;;
3;2;171;1;3;1;12;                                                                                                    ;;
4;2;171;1;1;1;3;                                                                                                    ;;
5;2;171;1;1;1;14;                                                                                                    ;;
6;2;171;2;1;1;3;                                                                                                    ;;
7;2;171;1;1;1;14;                                                                                                    ;;
8;2;171;1;3;1;12;                                                                                                    ;;
9;2;171;1;3;1;12;                                                                                                    ;;
10;2;171;1;3;1;3;                                                                                                    ;;
11;2;171;1;3;1;12;                                                                                                    ;;
12;2;171;1;3;1;12;                                                                                                    ;;
13;2;171;1;3;1;12;                                                                                                    ;;
14;2;171;1;3;1;12;                                                                                                    ;;
15;2;171;1;3;1;12;                                                                                                    ;;
16;2;171;1;3;1;12;                                                                                                    ;;
17;2;171;1;3;1;12;                                                                                                    ;;
18;2;171;1;3;1;12;                                                                                                    ;;
19;2;171;1;3;1;12;                                                                                                    ;;
20;2;171;1;3;1;12;                                                                                                    ;;
21;2;171;1;3;1;3;                                                                                                    ;;
22;2;171;1;3;1;3;                                                                                                    ;;
23;2;171;1;3;1;29;                                                                                                    ;;
24;2;171;1;3;1;3;                                                                                                    ;;
25;2;171;1;3;1;3;                                                                                                    ;;
26;2;171;1;3;1;3;                                                                                                    ;;
27;2;171;1;3;1;3;                                                                                                    ;;
28;2;171;1;3;1;3;                                                                                                    ;;
29;2;171;1;3;1;15;                                                                                                    ;;
30;2;171;1;3;1;3;                                                                                                    ;;
31;2;171;1;3;1;3;                                                                                                    ;;
32;2;171;1;3;1;3;                                                                                                    ;;
33;2;171;1;3;1;3;                                                                                                    ;;
34;2;171;1;3;1;29;                                                                                                    ;;
35;2;171;1;3;1;7;                                                                                                    ;;
36;2;171;1;3;1;7;                                                                                                    ;;
37;2;171;1;3;1;3;                                                                                                    ;;
38;2;171;1;3;1;3;                                                                                                    ;;
39;2;171;1;3;1;3;                                                                                                    ;;
40;2;171;1;3;1;3;                                                                                                    ;;
41;2;171;1;3;1;6;                                                                                                    ;;
42;2;171;1;3;1;3;                                                                                                    ;;
43;2;171;1;3;1;3;                                                                                                    ;;
44;2;171;1;3;1;12;                                                                                                    ;;
45;2;171;1;3;1;12;                                                                                                    ;;
46;2;171;1;3;1;3;                                                                                                    ;;
47;2;171;1;3;1;255;                                                                                                    ;;
48;2;171;1;3;1;3;                                                                                                    ;;
49;2;171;1;3;1;3;                                                                                                    ;;
50;2;171;1;3;1;7;                                                                                                    ;;
51;2;171;1;3;1;3;                                                                                                    ;;
52;2;171;1;3;1;3;                                                                                                    ;;
1;2;149;1;3;1;12;                                                                                                    ;;
2;2;149;1;3;1;12;                                                                                                    ;;
3;2;149;1;3;1;12;                                                                                                    ;;
4;2;149;1;3;1;12;                                                                                                    ;;
5;2;149;1;3;1;12;                                                                                                    ;;
6;2;149;1;3;1;12;                                                                                                    ;;
7;2;149;1;3;1;12;                                                                                                    ;;
8;2;149;1;3;1;13;                                                                                                    ;;
9;2;149;1;3;1;12;                                                                                                    ;;
10;2;149;1;3;1;12;                                                                                                    ;;
11;2;149;1;3;1;14;                                                                                                    ;;
12;2;149;1;3;1;13;                                                                                                    ;;
13;2;149;1;3;1;13;                                                                                                    ;;
1;2;182;1;3;1;40;NULL;;
2;2;182;1;3;1;4;NULL;;
3;2;182;1;3;1;40;NULL;;
4;2;182;2;3;2;40;NULL;;
5;2;182;1;3;1;40;NULL;;
6;2;182;1;3;1;40;NULL;;
7;2;182;1;3;1;40;NULL;;
8;2;182;1;3;1;40;NULL;;
9;2;182;1;3;1;40;NULL;;
10;2;182;1;3;1;40;NULL;;
11;2;182;1;13;1;13;                                                                                                    ;;
12;2;182;1;13;1;13;                                                                                                    ;;
13;2;182;1;13;2;13;                                                                                                    ;;
14;2;182;1;13;1;13;                                                                                                    ;;
15;2;182;1;13;1;13;                                                                                                    ;;
16;2;182;1;13;1;13;                                                                                                    ;;
17;2;182;1;13;2;13;                                                                                                    ;;
18;2;182;1;13;1;13;                                                                                                    ;;
19;2;182;1;12;1;12;                                                                                                    ;;
20;2;182;1;13;1;13;                                                                                                    ;;
21;2;182;1;13;5;13;                                                                                                    ;;
22;2;182;1;13;2;13;                                                                                                    ;;
23;2;182;1;13;1;13;                                                                                                    ;;
24;2;182;1;13;2;13;                                                                                                    ;;
25;2;182;1;13;1;13;                                                                                                    ;;
26;2;182;1;13;1;13;                                                                                                    ;;
27;2;182;1;13;1;13;                                                                                                    ;;
28;2;182;1;13;1;13;                                                                                                    ;;
29;2;182;1;13;1;13;                                                                                                    ;;
30;2;182;1;13;1;13;                                                                                                    ;;
31;2;182;1;13;1;13;                                                                                                    ;;
32;2;182;1;13;1;13;                                                                                                    ;;
33;2;182;1;13;1;13;                                                                                                    ;;
34;2;182;1;13;1;13;                                                                                                    ;;
35;2;182;1;13;1;13;                                                                                                    ;;
36;2;182;1;13;1;13;                                                                                                    ;;
37;2;182;1;13;1;13;                                                                                                    ;;
38;2;182;1;13;1;13;                                                                                                    ;;
39;2;182;1;13;1;13;                                                                                                    ;;
40;2;182;1;13;1;13;                                                                                                    ;;
41;2;182;1;3;1;40;NULL;;
42;2;153;1;14;1;14;                                                                                                    ;;
43;2;153;1;14;1;14;                                                                                                    ;;
44;2;153;1;14;1;14;                                                                                                    ;;
45;2;153;1;14;1;14;                                                                                                    ;;
46;2;153;1;14;1;14;                                                                                                    ;;
47;2;153;1;13;4;13;                                                                                                    ;;
48;2;153;1;13;1;13;                                                                                                    ;;
49;2;153;1;13;1;13;                                                                                                    ;;
50;2;153;1;13;1;13;                                                                                                    ;;
51;2;153;1;14;1;14;                                                                                                    ;;
52;2;153;2;14;1;14;                                                                                                    ;;
53;2;153;1;14;1;14;                                                                                                    ;;
54;2;153;1;13;1;13;                                                                                                    ;;
55;2;153;1;14;4;14;                                                                                                    ;;
56;2;153;1;14;1;14;                                                                                                    ;;
57;2;153;1;14;1;14;                                                                                                    ;;
58;2;153;2;14;6;14;                                                                                                    ;;
59;2;153;1;14;1;14;                                                                                                    ;;
60;2;153;1;14;1;14;                                                                                                    ;;
61;2;153;2;14;1;14;                                                                                                    ;;
62;2;153;1;14;1;14;                                                                                                    ;;
63;2;153;1;14;1;14;                                                                                                    ;;
64;2;153;1;14;1;14;                                                                                                    ;;
65;2;153;1;14;1;14;                                                                                                    ;;
66;2;153;2;14;1;14;                                                                                                    ;;
1;2;152;1;1;1;13;08/12/1994;;
2;2;152;2;3;1;13;01/01/1961;;
3;2;152;2;3;1;13;08/10/1985;;
4;2;152;1;3;1;12;02/07/1992;;
5;2;152;1;3;1;15;01/01/1966;;
6;2;152;1;3;1;15;25/03/1981;;
7;2;152;2;3;1;12;01/01/1975;;
8;2;152;1;1;1;13;18/06/1905;;
9;2;152;2;3;1;13;20/08/1960;;
10;2;152;1;3;1;13;01/01/1960;;
11;2;152;1;3;1;15;06/11/1964;;
12;2;152;2;3;1;13;20/09/1995;;
13;2;152;1;3;1;13;11/07/1980;;
14;2;152;2;3;1;12;20/09/1956;;
15;2;152;1;3;1;13;03/12/1960;;
16;2;152;1;3;1;12;1980;;
17;2;152;2;1;1;15;1996;;
18;2;152;2;3;1;15;1994;;
19;2;152;1;3;1;15;1984;;
20;2;152;1;3;1;13;1988;;
21;2;152;2;3;1;15;1991;;
22;2;152;1;3;1;12;1989;;
23;2;152;1;3;1;14;1982;;
24;2;152;1;1;1;15;1986;;
25;2;152;2;1;1;15;1981;;
26;2;152;2;1;1;15;1980;;
27;2;152;1;3;1;12;1988;;
28;2;152;1;3;1;13;1982;;
29;2;152;1;3;1;15;1955;;
30;2;152;1;3;1;14;09/05/1905;;
31;2;152;1;3;1;12;29/05/1998;;
32;2;152;1;3;1;13;1990;;
1;2;119;2;1;1;14;1983;;
2;2;119;1;1;1;14;1988;;
3;2;119;1;1;1;14;1967;;
4;2;119;1;1;1;14;1977;;
5;2;119;2;1;1;14;1987;;
6;2;119;1;1;1;14;1966;;
7;2;119;1;1;1;14;1978;;
8;2;119;1;1;1;14;1984;;
9;2;119;1;1;1;14;1983;;
10;2;119;1;1;1;14;1968;;
11;2;119;1;1;1;14;1990;;
12;2;119;1;1;1;14;1979;;
13;2;119;1;1;1;15;1983;;
1;2;183;1;1;1;14;1954;;
2;2;183;1;1;1;13;08/05/1905;;
3;2;183;1;1;1;14;11/06/1954;;
4;2;183;1;1;1;14;1955;;
5;2;183;1;1;1;14;1961;;
6;2;183;1;1;1;13;08/05/1905;;
7;2;183;1;1;1;15;28/05/1962;;
8;2;183;1;1;1;15;1953;;
9;2;183;1;1;1;14;1959;;
10;2;183;1;1;1;14;1961;;
11;2;183;1;1;1;14;13/05/1905;;
12;2;183;1;1;1;14;14/12/1956;;
13;2;183;1;1;1;14;26/03/1961;;
14;2;183;2;1;1;14;16/04/1962;;
15;2;183;1;1;1;13;08/05/1905;;
16;2;183;1;1;1;14;01/01/1961;;
17;2;183;1;1;1;14;29/03/1960;;
18;2;183;2;1;1;13;26/06/1960;;
19;2;183;1;1;1;14;21/09/1959;;
20;2;183;1;1;1;15;1958;;
21;2;183;1;1;1;14;1963;;
22;2;183;1;1;1;14;09/05/1905;;
23;2;183;1;1;1;14;25/10/1959;;
24;2;183;1;1;1;14;1958;;
25;2;183;1;1;1;14;14/05/1905;;
26;2;183;1;1;1;14;05/03/1962;;
27;2;183;1;1;1;14;1960;;
28;2;183;1;1;1;14;1958;;
29;2;183;1;1;1;14;14/05/1905;;
30;2;183;2;1;1;14;20/06/1963;;
31;2;183;1;1;1;14;1963;;
32;2;183;1;1;1;14;16/05/1905;;
33;2;183;1;1;1;14;01/05/1959;;
34;2;183;1;1;1;15;01/01/1964;;
35;2;183;2;1;1;14;1965;;
36;2;183;1;1;1;15;1965;;
37;2;183;1;1;1;14;15/05/1905;;
38;2;183;2;1;1;14;13/11/1960;;
39;2;183;1;1;1;14;05/08/1964;;
40;2;183;1;1;1;14;01/01/1966;;
41;2;183;1;1;1;15;13/05/1905;;
42;2;183;1;1;1;14;01/01/1967;;
43;2;183;1;1;1;14;22/11/1956;;
44;2;183;1;1;1;14;02/04/1968;;
1;2;114;1;1;1;14;01/01/1962;;
2;2;114;1;1;1;13;18/05/1982;;
3;2;114;1;1;3;13;07/10/1974;;
4;2;114;1;1;1;12;26/02/1977;;
5;2;114;1;1;1;13;1978;;
6;2;114;1;1;1;13;1982;;
7;2;114;1;1;1;12;19/05/1905;;
8;2;114;1;1;1;12;24/03/1981;;
9;2;114;1;1;1;12;1955;;
10;2;114;1;1;1;13;03/05/1905;;
11;2;114;1;3;1;13;01/01/1982;;
12;2;114;1;3;3;13;01/12/1977;;
13;2;114;1;3;1;14;05/10/1990;;
14;2;114;1;3;6;13;28/05/1981;;
15;2;114;1;3;1;13;05/10/1990;;
16;2;114;1;3;1;14;05/10/1990;;
17;2;114;1;3;1;14;01/01/1972;;
18;2;114;1;3;1;13;27/05/1905;;
19;2;114;1;3;1;14;08/05/1986;;
20;2;114;1;3;1;14;01/01/1976;;
21;2;114;1;3;1;14;01/01/1990;;
22;2;114;1;3;1;13;26/09/1975;;
1;2;175;1;1;3;4;1974;;
2;2;175;1;1;5;4;1970;;
3;2;175;1;1;9;4;1957;;
4;2;175;1;1;9;4;1964;;
5;2;175;1;1;9;4;1965;;
6;2;175;1;1;10;4;1972;;
7;2;175;1;1;1;4;1955;;
8;2;175;1;1;5;4;1968;;
9;2;175;1;1;7;4;1964;;
10;2;175;1;1;1;4;1965;;
11;2;175;1;1;6;4;1968;;
12;2;175;1;1;5;4;1972;;
13;2;175;1;1;3;4;1969;;
14;2;175;1;1;10;4;1965;;
15;2;175;1;1;5;4;1981;;
16;2;175;2;1;1;4;1979;;
17;2;175;1;1;1;4;1985;;
18;2;175;1;1;6;4;1978;;
19;2;175;1;1;1;4;1981;;
20;2;175;1;1;1;4;1979;;
21;2;175;1;1;1;4;1982;;
22;2;175;1;1;1;4;1978;;
23;2;175;1;1;1;4;1965;;
24;2;175;1;1;3;4;1972;;
25;2;175;1;1;1;4;1975;;
26;2;175;1;1;1;4;1980;;
27;2;175;1;1;9;4;1978;;
28;2;175;1;1;1;4;1982;;
29;2;175;1;1;10;4;1978;;
30;2;175;1;1;1;4;1979;;
31;2;175;1;1;1;4;1982;;
32;2;175;1;1;1;4;1987;;
33;2;175;1;1;1;4;1988;;
34;2;175;1;1;1;4;1982;;
35;2;175;1;1;1;4;1982;;
36;2;175;1;1;3;4;1977;;
37;2;175;1;1;1;4;1972;;
38;2;175;1;1;6;4;1974;;
39;2;175;1;1;1;4;-                                                                                                   ;;
40;2;175;1;5;3;4;-                                                                                                   ;;
41;2;175;1;5;3;4;-                                                                                                   ;;
42;2;175;1;5;1;4;1966;;
43;2;175;1;5;6;4;-                                                                                                   ;;
44;2;175;1;5;1;4;1969;;
45;2;175;1;5;3;4;1977;;
46;2;175;1;5;3;4;1967;;
47;2;175;1;5;1;4;-                                                                                                   ;;
1;2;162;1;1;1;13;1957;;
2;2;162;1;1;1;13;1962;;
3;2;162;1;1;1;13;1961;;
4;2;162;1;1;1;13;1960;;
5;2;162;1;1;1;13;1962;;
6;2;162;1;1;1;13;1961;;
7;2;162;1;1;1;13;1966;;
8;2;162;1;1;1;13;1964;;
9;2;162;1;1;1;13;1967;;
10;2;162;1;1;1;13;1956;;
11;2;162;1;1;1;13;1962;;
12;2;162;1;1;1;13;1964;;
13;2;162;1;1;1;13;1966;;
14;2;162;1;1;1;13;1964;;
15;2;162;1;1;1;13;1960;;
16;2;162;1;1;1;13;1960;;
17;2;162;2;1;1;13;1969;;
18;2;162;2;1;1;13;1968;;
19;2;162;1;1;1;13;1965;;
20;2;162;1;1;1;13;1967;;
21;2;162;1;1;1;13;1972;;
22;2;162;1;1;1;13;1970;;
23;2;162;1;1;1;13;1972;;
24;2;162;2;1;1;13;1974;;
25;2;162;1;1;1;13;1970;;
26;2;162;1;1;1;13;1975;;
27;2;162;1;1;1;13;1966;;
28;2;162;1;1;1;13;1969;;
29;2;162;1;1;1;13;1976;;
30;2;162;1;1;1;13;1967;;
31;2;162;1;1;1;13;1957;;
32;2;162;1;1;1;13;1956;;
33;2;162;1;1;1;13;1960;;
34;2;162;1;1;1;13;1958;;
35;2;162;1;1;1;13;1957;;
36;2;162;1;1;1;13;1963;;
37;2;162;2;1;1;13;1960;;
38;2;162;1;1;1;13;1962;;
39;2;162;1;1;1;13;1968;;
40;2;162;1;1;1;13;1964;;
41;2;162;1;1;1;13;1963;;
42;2;162;1;1;1;13;1968;;
43;2;162;1;1;1;13;1968;;
44;2;162;2;1;1;13;1978;;
45;2;162;1;1;1;13;1976;;
46;2;162;1;1;1;13;1971;;
47;2;162;1;1;1;13;1983;;
48;2;162;1;1;1;13;1961;;
49;2;162;1;1;1;13;1978;;
50;2;162;1;1;1;13;1981;;
51;2;162;1;1;1;13;1966;;
52;2;162;1;1;1;13;1968;;
53;2;162;1;1;1;13;1977;;
54;2;162;1;1;1;13;1980;;
55;2;162;1;1;1;13;1975;;
56;2;162;1;1;1;13;1972;;
57;2;162;1;1;1;13;1986;;
58;2;162;1;1;1;13;1960;;
59;2;162;1;1;1;13;1962;;
60;2;162;1;1;1;13;1962;;
61;2;162;2;1;1;13;1963;;
62;2;162;2;1;1;13;1969;;
63;2;162;1;1;1;13;1960;;
64;2;162;1;1;1;13;1964;;
65;2;162;2;1;1;13;1969;;
66;2;162;1;1;1;13;1966;;
67;2;162;2;1;1;13;1968;;
68;2;162;1;1;1;13;1966;;
69;2;162;2;1;1;13;1967;;
70;2;162;1;1;1;13;1966;;
71;2;162;1;1;1;13;1974;;
72;2;162;1;1;1;13;1975;;
73;2;162;1;1;1;13;1963;;
74;2;162;1;1;1;13;1977;;
75;2;162;1;1;1;13;1976;;
76;2;162;1;1;1;13;1984;;
77;2;162;1;1;1;13;1973;;
78;2;162;1;1;1;13;1980;;
79;2;162;1;1;1;13;1980;;
80;2;162;1;1;1;13;1986;;
81;2;162;1;1;1;13;1979;;
82;2;162;1;1;1;13;1980;;
83;2;162;1;1;1;13;1976;;
84;2;162;1;1;1;13;1988;;
85;2;162;1;1;1;13;1984;;
86;2;162;1;1;1;13;1982;;
87;2;162;1;1;1;13;1974;;
88;2;162;1;1;1;13;1988;;
89;2;162;1;1;1;13;1969;;
90;2;162;1;1;1;13;1968;;
91;2;162;1;1;1;13;1968;;
92;2;162;1;1;1;13;1979;;
93;2;162;1;1;1;13;1987;;
94;2;162;1;1;1;13;1986;;
95;2;162;1;1;1;13;1986;;
96;2;162;1;1;1;13;1986;;
97;2;162;1;1;1;13;1989;;
98;2;162;1;1;1;13;1986;;
99;2;162;1;1;1;13;1987;;
100;2;162;1;1;1;13;1989;;
101;2;162;1;1;1;13;1982;;
102;2;162;1;1;1;13;1977;;
103;2;162;1;1;1;13;1990;;
104;2;162;2;1;1;13;1978;;
105;2;162;1;1;1;13;1984;;
106;2;162;1;1;1;13;1997;;
107;2;162;1;1;1;13;1974;;
108;2;162;1;1;1;13;1990;;
109;2;162;1;1;1;13;1986;;
110;2;162;1;1;1;13;1989;;
111;2;162;2;1;1;13;1988;;
112;2;162;2;1;1;13;1962;;
113;2;162;1;1;1;13;1969;;
114;2;162;1;1;1;13;1965;;
115;2;162;1;1;1;13;1961;;
116;2;162;1;1;1;13;1961;;
117;2;162;1;1;1;13;1967;;
118;2;162;1;1;1;13;1969;;
119;2;162;1;1;1;13;1972;;
120;2;162;2;1;1;13;1958;;
121;2;162;1;1;1;13;1962;;
122;2;162;1;1;1;13;1963;;
123;2;162;1;1;1;13;1964;;
124;2;162;1;1;1;13;1968;;
125;2;162;1;1;1;13;1964;;
126;2;162;1;1;1;13;1970;;
127;2;162;1;1;1;13;1975;;
128;2;162;1;1;1;13;1965;;
129;2;162;1;1;1;13;1960;;
130;2;162;2;1;1;13;1975;;
131;2;162;2;1;1;13;1966;;
132;2;162;1;1;1;13;1966;;
133;2;162;1;1;1;13;1966;;
134;2;162;1;1;1;13;1965;;
135;2;162;1;1;1;13;1980;;
136;2;162;1;1;1;13;1982;;
137;2;162;2;1;1;13;1972;;
138;2;162;1;1;1;13;1980;;
139;2;162;2;1;1;13;1986;;
140;2;162;1;1;1;13;1985;;
141;2;162;2;1;1;13;1992;;
142;2;162;1;1;1;13;1985;;
143;2;162;1;1;1;13;1986;;
144;2;162;1;1;1;13;1981;;
145;2;162;1;1;1;13;1992;;
146;2;162;2;1;1;13;1988;;
147;2;162;2;1;1;13;1989;;
148;2;162;1;1;1;13;1988;;
149;2;162;1;1;1;13;1958;;
150;2;162;1;1;1;13;1960;;
151;2;162;1;1;1;13;1959;;
152;2;162;1;1;1;13;1961;;
153;2;162;1;1;1;13;1963;;
154;2;162;1;1;1;13;1971;;
155;2;162;1;1;1;13;1957;;
156;2;162;1;1;1;13;1960;;
157;2;162;1;1;1;13;1965;;
158;2;162;1;1;1;13;1964;;
159;2;162;1;1;1;13;1965;;
160;2;162;2;1;1;13;1962;;
161;2;162;2;1;1;13;1962;;
162;2;162;1;1;1;13;1956;;
163;2;162;1;1;1;13;1968;;
164;2;162;1;1;1;13;1968;;
165;2;162;1;1;1;13;1964;;
166;2;162;1;1;1;13;1964;;
167;2;162;2;1;1;13;1963;;
168;2;162;1;1;1;13;1959;;
169;2;162;1;1;1;13;1967;;
170;2;162;1;1;1;13;1969;;
171;2;162;1;1;1;13;1957;;
172;2;162;1;1;1;13;1956;;
173;2;162;1;1;1;13;1957;;
174;2;162;1;1;1;13;1973;;
175;2;162;1;1;1;13;1974;;
176;2;162;1;1;1;13;1975;;
177;2;162;1;1;1;13;1973;;
178;2;162;1;1;1;13;1984;;
179;2;162;1;1;1;13;1970;;
180;2;162;1;1;1;13;1957;;
181;2;162;2;1;1;13;1968;;
182;2;162;2;1;1;13;1982;;
183;2;162;1;1;1;13;1966;;
184;2;162;1;1;1;13;1958;;
185;2;162;2;1;1;13;1964;;
186;2;162;1;1;1;13;1978;;
187;2;162;1;1;1;13;1960;;
188;2;162;1;1;1;13;1962;;
189;2;162;2;1;1;13;1962;;
190;2;162;1;1;1;13;1962;;
191;2;162;1;1;1;13;1964;;
192;2;162;1;1;1;13;1962;;
193;2;162;1;1;1;13;1967;;
194;2;162;1;1;1;13;1961;;
195;2;162;1;1;1;13;1966;;
196;2;162;1;1;1;13;1965;;
197;2;162;1;1;1;13;1970;;
198;2;162;2;1;1;13;1966;;
199;2;162;1;1;1;13;1973;;
200;2;162;1;1;1;13;1963;;
201;2;162;1;1;1;13;1982;;
202;2;162;1;1;1;13;1969;;
203;2;162;1;1;1;13;1973;;
204;2;162;1;1;1;13;1965;;
205;2;162;1;1;1;13;1978;;
206;2;162;1;1;1;13;1972;;
207;2;162;1;1;1;13;1968;;
208;2;162;1;1;1;13;1973;;
209;2;162;1;1;1;13;1980;;
210;2;162;1;1;1;13;1976;;
211;2;162;1;1;1;13;1965;;
212;2;162;1;1;1;13;1966;;
213;2;162;2;1;1;13;1969;;
214;2;162;1;1;1;13;1966;;
215;2;162;1;1;1;13;1970;;
216;2;162;2;1;1;13;1976;;
217;2;162;1;1;1;13;1973;;
218;2;162;1;1;1;13;1967;;
219;2;162;1;1;1;13;1980;;
220;2;162;1;1;1;13;1975;;
221;2;162;1;1;1;13;1982;;
222;2;162;1;1;1;13;1986;;
223;2;162;1;1;1;13;1986;;
224;2;162;1;1;1;13;1984;;
225;2;162;2;1;1;13;1982;;
226;2;162;2;1;1;13;1978;;
227;2;162;1;1;1;13;1973;;
228;2;162;1;1;1;13;1974;;
229;2;162;2;1;1;13;1974;;
230;2;162;1;1;1;13;1970;;
231;2;162;1;1;1;13;1988;;
232;2;162;1;1;1;13;1976;;
233;2;162;1;1;1;13;1987;;
234;2;162;1;1;1;13;1989;;
235;2;162;1;1;1;13;1978;;
236;2;162;1;1;1;13;1979;;
237;2;162;1;1;1;13;1960;;
238;2;162;1;1;1;13;1961;;
239;2;162;1;1;1;13;1965;;
240;2;162;1;1;1;13;1961;;
241;2;162;1;1;1;13;1960;;
242;2;162;1;1;1;13;1967;;
243;2;162;1;1;1;13;1963;;
244;2;162;1;1;1;13;1964;;
245;2;162;1;1;1;13;1971;;
246;2;162;1;1;1;13;1973;;
247;2;162;2;1;1;13;1959;;
248;2;162;1;1;1;13;1957;;
249;2;162;2;1;1;13;1960;;
250;2;162;1;1;1;13;1964;;
251;2;162;1;1;1;13;1961;;
252;2;162;1;1;1;13;1961;;
253;2;162;1;1;1;13;1962;;
254;2;162;2;1;1;13;1972;;
255;2;162;1;1;1;13;1974;;
256;2;162;1;1;1;13;1974;;
257;2;162;2;1;1;13;1973;;
258;2;162;1;1;1;13;1978;;
259;2;162;2;1;1;13;1967;;
260;2;162;1;1;1;13;1961;;
261;2;162;1;1;1;13;1957;;
262;2;162;1;1;1;13;1965;;
263;2;162;2;1;1;13;1973;;
264;2;162;1;1;1;13;1976;;
265;2;162;2;1;1;13;1973;;
266;2;162;1;1;1;13;1980;;
267;2;162;1;1;1;13;1978;;
268;2;162;1;1;1;13;1966;;
269;2;162;1;1;1;13;1979;;
270;2;162;2;1;1;13;1977;;
271;2;162;1;1;1;13;1978;;
272;2;162;1;1;1;13;1982;;
273;2;162;2;1;1;13;1960;;
274;2;162;1;1;1;13;1960;;
275;2;162;1;1;1;13;1972;;
276;2;162;1;1;1;13;1982;;
277;2;162;1;1;1;13;1982;;
278;2;162;1;1;1;13;1984;;
279;2;162;2;1;1;13;1974;;
280;2;162;2;1;1;13;1978;;
281;2;162;1;1;1;13;1967;;
282;2;162;1;1;1;13;1984;;
283;2;162;1;1;1;13;1983;;
284;2;162;1;1;1;13;1983;;
285;2;162;1;1;1;13;1968;;
286;2;162;1;1;1;13;1973;;
287;2;162;1;1;1;13;1974;;
288;2;162;1;1;1;13;1977;;
289;2;162;2;1;1;13;1976;;
290;2;162;1;1;1;13;1979;;
291;2;162;1;1;1;13;1985;;
292;2;162;1;1;1;13;1984;;
293;2;162;1;1;1;13;1984;;
294;2;162;2;1;1;13;1981;;
295;2;162;1;1;1;13;1981;;
296;2;162;1;1;1;13;1979;;
297;2;162;2;1;1;13;1974;;
298;2;162;1;1;1;13;1970;;
299;2;162;1;1;1;13;1970;;
300;2;162;1;1;1;13;1984;;
301;2;162;1;1;1;13;1987;;
302;2;162;1;1;1;13;1983;;
303;2;162;1;1;1;13;1990;;
304;2;162;2;1;1;13;1975;;
305;2;162;1;1;1;13;1973;;
306;2;162;1;1;1;13;1976;;
307;2;162;2;1;1;13;1981;;
308;2;162;1;1;1;13;1984;;
309;2;162;2;1;1;13;1993;;
310;2;162;2;1;1;13;1979;;
311;2;162;1;1;1;13;1970;;
312;2;162;1;1;1;13;1966;;
313;2;162;2;1;1;13;1956;;
314;2;162;1;1;1;13;1967;;
315;2;162;1;1;1;13;1959;;
316;2;162;1;1;1;13;1956;;
317;2;162;2;1;1;13;1956;;
318;2;162;1;1;1;13;1965;;
319;2;162;1;1;1;13;1969;;
320;2;162;1;1;1;13;1966;;
321;2;162;2;1;1;13;1955;;
322;2;162;1;1;1;13;1965;;
323;2;162;1;1;1;13;1976;;
324;2;162;1;1;1;13;1977;;
325;2;162;1;1;1;13;1960;;
326;2;162;1;1;1;13;1964;;
327;2;162;1;1;1;13;1972;;
328;2;162;1;1;1;13;1977;;
329;2;162;1;1;1;13;1981;;
330;2;162;1;1;1;13;1965;;
331;2;162;1;1;1;13;1967;;
332;2;162;1;1;1;13;1979;;
333;2;162;2;1;1;13;1969;;
334;2;162;1;1;1;13;1976;;
335;2;162;1;1;1;13;1972;;
336;2;162;1;1;1;13;1987;;
337;2;162;1;1;1;13;1987;;
338;2;162;1;1;1;13;1992;;
339;2;162;1;1;1;13;1979;;
340;2;162;1;1;1;13;1972;;
341;2;162;1;1;1;13;1965;;
342;2;162;1;1;1;13;1984;;
343;2;162;1;1;1;13;1987;;
344;2;162;1;1;1;13;1992;;
345;2;162;1;1;1;13;1976;;
346;2;162;1;1;1;13;1985;;
347;2;162;2;1;1;13;1986;;
348;2;162;1;1;1;13;1976;;
349;2;162;1;1;1;13;1971;;
350;2;162;1;1;1;13;1977;;
351;2;162;1;1;1;13;1974;;
352;2;162;1;1;1;13;1973;;
353;2;162;1;1;1;13;1973;;
354;2;162;1;1;1;13;1968;;
355;2;162;1;1;1;13;1965;;
356;2;162;1;1;1;13;1960;;
357;2;162;1;1;1;13;1960;;
358;2;162;1;1;1;13;1962;;
359;2;162;1;1;1;13;1962;;
360;2;162;1;1;1;13;1967;;
361;2;162;1;1;1;13;1969;;
362;2;162;1;1;1;13;1970;;
363;2;162;2;1;1;13;1969;;
364;2;162;1;1;1;13;1970;;
365;2;162;1;1;1;13;1980;;
366;2;162;2;1;1;13;1985;;
367;2;162;1;1;1;13;1985;;
368;2;162;1;1;1;13;1983;;
369;2;162;1;1;1;13;1984;;
370;2;162;1;1;1;13;1968;;
371;2;162;1;1;1;13;1984;;
372;2;162;1;1;1;13;1983;;
373;2;162;1;1;1;13;1985;;
374;2;162;1;1;1;13;1987;;
375;2;162;1;1;1;13;1986;;
376;2;162;1;1;1;13;1985;;
377;2;162;1;1;1;13;1985;;
378;2;162;1;1;1;13;1994;;
379;2;162;1;1;1;13;1990;;
380;2;162;1;1;1;13;1989;;
381;2;162;1;1;1;13;1962;;
382;2;162;1;1;1;13;1964;;
383;2;162;1;1;1;13;1967;;
384;2;162;1;1;1;13;1963;;
385;2;162;1;1;1;13;1966;;
386;2;162;1;1;1;13;1974;;
387;2;162;1;1;1;13;1963;;
388;2;162;1;1;1;13;1964;;
389;2;162;1;1;1;13;1981;;
390;2;162;1;1;1;13;1969;;
391;2;162;1;1;1;13;1977;;
392;2;162;1;1;1;13;1978;;
393;2;162;1;1;1;13;1981;;
394;2;162;1;1;1;13;1968;;
395;2;162;1;1;1;13;1959;;
396;2;162;1;1;1;13;1960;;
397;2;162;1;1;1;13;1976;;
398;2;162;1;1;1;13;1962;;
399;2;162;2;1;1;13;1964;;
400;2;162;1;1;1;13;1975;;
401;2;162;1;1;1;13;1977;;
402;2;162;1;1;1;13;1968;;
403;2;162;1;1;1;13;1987;;
404;2;162;1;1;1;13;1983;;
405;2;162;1;1;1;13;1985;;
406;2;162;1;1;1;13;1973;;
407;2;162;1;1;1;13;1968;;
408;2;162;1;1;1;13;1964;;
409;2;162;1;1;1;13;1974;;
410;2;162;1;1;1;13;1960;;
411;2;162;1;1;1;13;1967;;
412;2;162;1;1;1;13;1955;;
413;2;162;1;1;1;13;1971;;
414;2;162;2;1;1;13;1978;;
415;2;162;1;1;1;13;1962;;
416;2;162;1;1;1;13;1960;;
417;2;162;2;1;1;13;1960;;
418;2;162;1;1;1;13;1971;;
419;2;162;1;1;1;13;1974;;
420;2;162;2;1;1;13;1971;;
421;2;162;1;1;1;13;1969;;
422;2;162;1;1;1;13;1968;;
423;2;162;1;1;1;13;1965;;
424;2;162;1;1;1;13;1965;;
425;2;162;1;1;1;13;1973;;
426;2;162;2;1;1;13;1977;;
427;2;162;1;1;1;13;1969;;
428;2;162;1;1;1;13;1980;;
429;2;162;1;1;1;13;1972;;
430;2;162;2;1;1;13;1981;;
431;2;162;1;1;1;13;1980;;
432;2;162;1;1;1;13;1986;;
433;2;162;2;1;1;13;1975;;
434;2;162;2;1;1;13;1986;;
435;2;162;1;1;1;13;1976;;
436;2;162;1;1;1;13;1987;;
437;2;162;1;1;1;13;1972;;
438;2;162;1;1;1;13;1985;;
439;2;162;1;1;1;13;1985;;
440;2;162;2;1;1;13;1986;;
441;2;162;1;1;1;13;1988;;
442;2;162;1;1;1;13;1985;;
443;2;162;1;1;1;13;1989;;
444;2;162;1;1;1;13;1980;;
445;2;162;1;1;1;13;1993;;
446;2;162;1;1;1;13;1987;;
1;2;173;1;3;1;12;                                                                                                    ;;
2;2;173;1;3;1;12;                                                                                                    ;;
3;2;173;1;3;1;12;                                                                                                    ;;
4;2;173;1;3;9;12;                                                                                                    ;;
5;2;173;1;3;1;13;                                                                                                    ;;
6;2;173;1;3;1;12;                                                                                                    ;;
7;2;173;1;3;1;12;                                                                                                    ;;
8;2;173;1;3;1;12;                                                                                                    ;;
9;2;173;1;3;1;12;                                                                                                    ;;
10;2;173;1;3;1;12;                                                                                                    ;;
11;2;173;1;3;8;12;                                                                                                    ;;
12;2;173;1;3;1;13;                                                                                                    ;;
13;2;173;2;3;1;12;                                                                                                    ;;
14;2;173;1;3;1;12;                                                                                                    ;;
15;2;173;1;3;1;12;                                                                                                    ;;
16;2;173;1;3;1;13;                                                                                                    ;;
17;2;173;1;3;1;13;                                                                                                    ;;
18;2;173;1;3;1;12;                                                                                                    ;;
19;2;173;1;3;1;12;                                                                                                    ;;
20;2;173;1;3;1;12;                                                                                                    ;;
21;2;173;1;3;1;12;                                                                                                    ;;
22;2;173;1;3;9;12;                                                                                                    ;;
23;2;173;1;3;1;12;                                                                                                    ;;
24;2;173;1;3;1;12;                                                                                                    ;;
25;2;173;1;3;1;12;                                                                                                    ;;
26;2;173;1;3;1;12;                                                                                                    ;;
27;2;173;1;3;1;13;                                                                                                    ;;
28;2;173;1;3;1;13;                                                                                                    ;;
29;2;173;1;3;1;13;                                                                                                    ;;
30;2;173;1;1;8;14;                                                                                                    ;;
11;2;168;2;3;1;40;NULL;;
12;2;168;2;3;1;40;NULL;;
13;2;168;1;3;1;40;NULL;;
48;2;175;1;1;1;40;1984;;
1;2;165;1;1;1;14;                                                                                                    ;;
2;2;165;1;1;1;14;                                                                                                    ;;
3;2;165;1;3;1;14;                                                                                                    ;;
4;2;165;1;3;1;14;                                                                                                    ;;
5;2;165;1;3;1;14;1976;;
6;2;165;1;3;1;14;                                                                                                    ;;
7;2;165;1;3;1;15;                                                                                                    ;;
8;2;165;1;3;1;14;                                                                                                    ;;
9;2;165;1;3;1;13;                                                                                                    ;;
10;2;165;1;3;1;14;                                                                                                    ;;
11;2;165;1;3;1;14;                                                                                                    ;;
12;2;165;2;3;1;13;                                                                                                    ;;
13;2;165;2;3;1;14;1980;;
14;2;165;1;3;1;14;                                                                                                    ;;
15;2;165;1;3;1;14;                                                                                                    ;;
16;2;165;1;3;1;14;1988;;
17;2;165;1;3;1;14;                                                                                                    ;;
18;2;165;1;3;1;14;                                                                                                    ;;
19;2;165;1;3;1;14;                                                                                                    ;;
20;2;165;1;3;1;14;                                                                                                    ;;
21;2;165;1;3;1;14;                                                                                                    ;;
22;2;165;1;3;1;14;                                                                                                    ;;
23;2;165;1;3;1;14;                                                                                                    ;;
24;2;165;1;3;1;14;                                                                                                    ;;
25;2;165;2;3;1;14;                                                                                                    ;;
26;2;165;2;3;1;14;                                                                                                    ;;
27;2;165;1;3;1;14;                                                                                                    ;;
28;2;165;1;3;1;13;                                                                                                    ;;
29;2;165;1;3;1;14;                                                                                                    ;;
30;2;165;1;3;1;14;                                                                                                    ;;
31;2;165;1;3;1;14;                                                                                                    ;;
32;2;165;1;3;1;14;                                                                                                    ;;
33;2;165;1;3;1;14;                                                                                                    ;;
34;2;165;1;3;1;14;                                                                                                    ;;
35;2;165;1;3;1;14;1992;;
36;2;165;1;3;1;14;                                                                                                    ;;
37;2;165;1;3;1;14;                                                                                                    ;;
38;2;165;1;3;1;14;                                                                                                    ;;
39;2;165;1;3;1;14;                                                                                                    ;;
40;2;165;1;3;1;14;                                                                                                    ;;
41;2;165;1;3;1;14;                                                                                                    ;;
42;2;165;1;3;1;14;                                                                                                    ;;
43;2;165;2;3;1;14;                                                                                                    ;;
44;2;165;1;3;1;14;                                                                                                    ;;
45;2;165;2;3;1;14;                                                                                                    ;;
46;2;165;1;3;1;14;                                                                                                    ;;
47;2;165;1;3;1;14;                                                                                                    ;;
48;2;165;1;3;1;14;                                                                                                    ;;
49;2;165;1;3;1;14;                                                                                                    ;;
50;2;165;1;3;1;14;                                                                                                    ;;
51;2;165;1;3;1;14;                                                                                                    ;;
52;2;165;1;3;1;14;                                                                                                    ;;
53;2;165;1;3;1;14;                                                                                                    ;;
54;2;165;1;3;1;14;                                                                                                    ;;
55;2;165;1;3;1;14;                                                                                                    ;;
56;2;165;1;3;1;14;                                                                                                    ;;
57;2;165;1;3;1;14;                                                                                                    ;;
58;2;165;1;3;1;14;                                                                                                    ;;
59;2;165;1;3;1;14;                                                                                                    ;;
60;2;165;1;3;1;13;                                                                                                    ;;
61;2;165;1;3;1;14;                                                                                                    ;;
62;2;165;1;3;1;14;                                                                                                    ;;
63;2;165;1;3;1;14;                                                                                                    ;;
64;2;165;1;3;1;14;                                                                                                    ;;
65;2;165;1;3;1;14;                                                                                                    ;;
66;2;165;1;3;1;14;                                                                                                    ;;
67;2;165;1;3;1;14;                                                                                                    ;;
68;2;165;1;3;1;14;                                                                                                    ;;
69;2;165;1;3;1;14;                                                                                                    ;;
70;2;165;1;3;1;14;                                                                                                    ;;
71;2;165;1;3;1;14;                                                                                                    ;;
72;2;165;1;3;1;14;                                                                                                    ;;
73;2;165;1;3;1;14;                                                                                                    ;;
74;2;165;1;3;1;14;                                                                                                    ;;
75;2;165;1;3;1;14;                                                                                                    ;;
76;2;165;1;3;1;14;                                                                                                    ;;
77;2;165;1;3;1;14;                                                                                                    ;;
78;2;165;1;3;1;14;                                                                                                    ;;
79;2;165;1;3;1;14;                                                                                                    ;;
80;2;165;1;3;1;14;                                                                                                    ;;
81;2;165;1;3;1;14;                                                                                                    ;;
82;2;165;1;3;1;14;                                                                                                    ;;
83;2;165;1;3;1;14;                                                                                                    ;;
84;2;165;1;3;1;14;                                                                                                    ;;
85;2;165;1;3;1;14;                                                                                                    ;;
86;2;165;1;3;1;14;1986;;
87;2;165;2;3;1;14;                                                                                                    ;;
88;2;165;1;3;1;14;                                                                                                    ;;
89;2;165;1;3;1;14;                                                                                                    ;;
90;2;165;1;3;1;14;                                                                                                    ;;
91;2;165;1;3;1;13;                                                                                                    ;;
92;2;165;1;3;1;13;                                                                                                    ;;
93;2;165;1;3;1;14;                                                                                                    ;;
94;2;165;1;3;1;15;                                                                                                    ;;
95;2;165;1;3;1;15;                                                                                                    ;;
96;2;165;1;3;1;13;                                                                                                    ;;
97;2;165;1;3;1;13;                                                                                                    ;;
98;2;165;1;3;1;13;                                                                                                    ;;
99;2;165;1;3;1;13;                                                                                                    ;;
100;2;165;1;3;1;13;                                                                                                    ;;
101;2;165;1;3;1;12;                                                                                                    ;;
102;2;165;1;3;1;12;                                                                                                    ;;
103;2;165;1;3;1;13;                                                                                                    ;;
